"ensembl_gene_id","baseMean","log2FoldChange","lfcSE","stat","pvalue","padj","source","type","score","phase","gene_type","gene_name","level","hgnc_id","havana_gene"
"ENSG00000099953.10",24223.670059404,-6.27811325077205,0.142576012546347,-44.0334467113199,0,0,"HAVANA","gene",NA,NA,"protein_coding","MMP11","2","HGNC:7157","OTTHUMG00000150742.3"
"ENSG00000101605.13",558.633963938908,4.76431659194819,0.121731994582983,39.137751815119,0,0,"HAVANA","gene",NA,NA,"protein_coding","MYOM1","2","HGNC:7613","OTTHUMG00000178209.7"
"ENSG00000119927.14",4815.76790132457,4.430168226318,0.106123359266878,41.7454578984543,0,0,"HAVANA","gene",NA,NA,"protein_coding","GPAM","2","HGNC:24865","OTTHUMG00000019055.3"
"ENSG00000123500.10",8544.6749614221,-7.12812743047634,0.154794263940013,-46.0490411533509,0,0,"HAVANA","gene",NA,NA,"protein_coding","COL10A1","2","HGNC:2185","OTTHUMG00000015426.5"
"ENSG00000117650.13",1467.79894227832,-4.25332170404283,0.111465202737958,-38.1582915525835,1.38573556082969e-318,1.32781181438701e-314,"HAVANA","gene",NA,NA,"protein_coding","NEK2","2","HGNC:7745","OTTHUMG00000037121.3"
"ENSG00000230838.1",303.868886875228,-5.56056812980783,0.151924109169467,-36.6009592566061,2.76132905857208e-293,2.2049212532698e-289,"HAVANA","gene",NA,NA,"lncRNA","LINC01614","2","HGNC:51847","OTTHUMG00000154838.1"
"ENSG00000022267.19",9076.08245348113,5.0308324992044,0.139508662724065,36.0610760720637,9.24769964848766e-285,6.32938985941491e-281,"HAVANA","gene",NA,NA,"protein_coding","FHL1","2","HGNC:3702","OTTHUMG00000022504.13"
"ENSG00000079308.19",15043.0194133589,3.11047788907097,0.0872483524688604,35.6508495696938,2.28592041550548e-278,1.36898058883585e-274,"HAVANA","gene",NA,NA,"protein_coding","TNS1","1","HGNC:11973","OTTHUMG00000133056.10"
"ENSG00000060718.22",12047.5258747071,-6.20002231728325,0.175437856973892,-35.3402761765718,1.41418946281303e-273,7.52820190704135e-270,"HAVANA","gene",NA,NA,"protein_coding","COL11A1","2","HGNC:2186","OTTHUMG00000010872.11"
"ENSG00000090889.12",1538.29249330013,-3.85256135921095,0.112176276313759,-34.3438156962463,1.74203915884982e-258,8.34610961004949e-255,"HAVANA","gene",NA,NA,"protein_coding","KIF4A","2","HGNC:13339","OTTHUMG00000021775.2"
"ENSG00000133800.9",750.883659098458,4.98260500269643,0.145417938558651,34.2640327052003,2.69571311303798e-257,1.17410559314227e-253,"HAVANA","gene",NA,NA,"protein_coding","LYVE1","1","HGNC:14687","OTTHUMG00000165713.2"
"ENSG00000127564.17",921.171746610623,-4.0061957589852,0.118205896282634,-33.8916744847166,8.83582336732447e-252,3.52770247940429e-248,"HAVANA","gene",NA,NA,"protein_coding","PKMYT1","1","HGNC:29650","OTTHUMG00000128975.4"
"ENSG00000203805.11",479.284792235825,-4.99077866086252,0.149830050542085,-33.3095973925517,2.80387444541115e-243,1.03333557445883e-239,"HAVANA","gene",NA,NA,"protein_coding","PLPP4","2","HGNC:23531","OTTHUMG00000019168.4"
"ENSG00000105974.13",8542.12504304422,3.38836456555008,0.102769375879514,32.9705667330564,2.1464007646191e-238,7.34529004520723e-235,"HAVANA","gene",NA,NA,"protein_coding","CAV1","1","HGNC:1527","OTTHUMG00000023413.9"
"ENSG00000134962.7",365.035525525167,4.71050278586245,0.143376326012486,32.8541183671581,9.94756133194648e-237,3.1772510894237e-233,"HAVANA","gene",NA,NA,"protein_coding","KLB","2","HGNC:15527","OTTHUMG00000128577.2"
"ENSG00000095637.22",6572.98003456093,3.66955719698164,0.111751945240819,32.8366292781209,1.76775342304728e-236,5.29331665613721e-233,"HAVANA","gene",NA,NA,"protein_coding","SORBS1","2","HGNC:14565","OTTHUMG00000018812.10"
"ENSG00000170145.5",3673.53745380727,2.44199191372276,0.0746447859039489,32.714835793957,9.60903824789603e-235,2.7080530732747e-231,"HAVANA","gene",NA,NA,"protein_coding","SIK2","1","HGNC:21680","OTTHUMG00000150644.4"
"ENSG00000183856.11",2242.68597455363,-3.70632226607336,0.114120151913443,-32.4773688426608,2.22583544392626e-231,5.92443200658373e-228,"HAVANA","gene",NA,NA,"protein_coding","IQGAP3","2","HGNC:20669","OTTHUMG00000033114.4"
"ENSG00000169418.10",1171.09928796066,3.61440464530611,0.111365163528657,32.4554333759502,4.54020582228046e-231,1.14484874181819e-227,"HAVANA","gene",NA,NA,"protein_coding","NPR1","2","HGNC:7943","OTTHUMG00000037085.4"
"ENSG00000173641.18",973.577234101111,5.15365823434403,0.159801674256415,32.2503394180624,3.4796295319812e-228,8.33545254386097e-225,"HAVANA","gene",NA,NA,"protein_coding","HSPB7","1","HGNC:5249","OTTHUMG00000009531.2"
"ENSG00000163815.6",442.960988906511,3.99670040190665,0.124010686011641,32.228677466807,7.00039875529515e-228,1.59709097317234e-224,"HAVANA","gene",NA,NA,"protein_coding","CLEC3B","2","HGNC:11891","OTTHUMG00000133087.3"
"ENSG00000056998.20",2243.65760792188,4.124310376579,0.128676191467348,32.0518530238406,2.0686317407209e-225,4.50491575899719e-222,"HAVANA","gene",NA,NA,"protein_coding","GYG2","2","HGNC:4700","OTTHUMG00000021079.6"
"ENSG00000181856.15",272.656016748573,4.64186301974333,0.145000824159049,32.0126664566523,7.26699356776164e-225,1.51374635578896e-221,"HAVANA","gene",NA,NA,"protein_coding","SLC2A4","2","HGNC:11009","OTTHUMG00000102181.6"
"ENSG00000120049.20",762.676157532942,5.04356998205261,0.158234920407515,31.8739376179638,6.1347184385272e-223,1.22464316829099e-219,"HAVANA","gene",NA,NA,"protein_coding","KCNIP2","1","HGNC:15522","OTTHUMG00000018937.4"
"ENSG00000131471.7",4772.50481940731,3.99393572929979,0.125448270404505,31.8373120364388,1.97241238777951e-222,3.77993109994064e-219,"HAVANA","gene",NA,NA,"protein_coding","AOC3","1","HGNC:550","OTTHUMG00000180656.3"
"ENSG00000175063.17",2248.16333971714,-4.1885375214716,0.131631851776231,-31.8200911477866,3.41410666782959e-222,6.2911480944506e-219,"HAVANA","gene",NA,NA,"protein_coding","UBE2C","2","HGNC:15937","OTTHUMG00000033038.3"
"ENSG00000029559.7",162.825226782781,-6.96352402582669,0.219882473027404,-31.6693001036005,4.11361510124787e-220,7.29938146299205e-217,"HAVANA","gene",NA,NA,"protein_coding","IBSP","2","HGNC:5341","OTTHUMG00000130600.4"
"ENSG00000158402.20",342.035213583155,-3.41204079957748,0.107991213762071,-31.5955407918182,4.25132128167037e-219,7.27431437874384e-216,"HAVANA","gene",NA,NA,"protein_coding","CDC25C","1","HGNC:1727","OTTHUMG00000129203.6"
"ENSG00000088325.16",4448.14858546029,-3.57265661957297,0.113218202859506,-31.5554966369351,1.50730813030287e-218,2.49017698354519e-215,"HAVANA","gene",NA,NA,"protein_coding","TPX2","2","HGNC:1249","OTTHUMG00000032190.3"
"ENSG00000123612.16",563.911675156112,5.20868334292693,0.165532993157794,31.466133992767,2.52555363991795e-217,4.03330916294896e-214,"HAVANA","gene",NA,NA,"protein_coding","ACVR1C","2","HGNC:18123","OTTHUMG00000131964.4"
"ENSG00000105011.9",1513.54215566877,-3.06122416169685,0.0973837918057903,-31.4346371704416,6.80764993662216e-217,1.05211131762441e-213,"HAVANA","gene",NA,NA,"protein_coding","ASF1B","2","HGNC:20996","OTTHUMG00000150401.3"
"ENSG00000143228.13",1002.46153664997,-3.78184771392976,0.120380172389565,-31.4158688998321,1.2285757385813e-216,1.83940823860718e-213,"HAVANA","gene",NA,NA,"protein_coding","NUF2","1","HGNC:14621","OTTHUMG00000034275.4"
"ENSG00000276043.5",1234.70167658398,-3.35085762014579,0.106783974297956,-31.3797799920425,3.8194859346057e-216,5.54519912505936e-213,"HAVANA","gene",NA,NA,"protein_coding","UHRF1","2","HGNC:12556","OTTHUMG00000180251.5"
"ENSG00000025423.11",294.490478841553,-3.01874997317871,0.0972135679417299,-31.0527639000778,1.04693637245061e-211,1.4752565177679e-208,"HAVANA","gene",NA,NA,"protein_coding","HSD17B6","1","HGNC:23316","OTTHUMG00000170854.5"
"ENSG00000172901.20",147.026532470314,5.05558861439656,0.162868678463478,31.0408892740555,1.51424853416566e-211,2.07278992205363e-208,"HAVANA","gene",NA,NA,"protein_coding","LVRN","1","HGNC:26904","OTTHUMG00000128890.5"
"ENSG00000077152.11",1330.39679635789,-3.21560793609238,0.10371690464285,-31.0037013461339,4.80554495920597e-211,6.39537941654328e-208,"HAVANA","gene",NA,NA,"protein_coding","UBE2T","2","HGNC:25009","OTTHUMG00000041392.5"
"ENSG00000152253.9",417.212073118562,-2.81751045690125,0.0910063728766138,-30.9594852299105,1.89362939656224e-210,2.4519941726837e-207,"HAVANA","gene",NA,NA,"protein_coding","SPC25","2","HGNC:24031","OTTHUMG00000132181.10"
"ENSG00000135437.10",83.2074251855409,4.21338967961817,0.136278839966888,30.917416677761,6.96841687083823e-210,8.78570663899631e-207,"HAVANA","gene",NA,NA,"protein_coding","RDH5","1","HGNC:9940","OTTHUMG00000170126.4"
"ENSG00000123485.12",873.184520301916,-3.53318251934857,0.114478986072028,-30.8631534972328,3.73131630239257e-209,4.58377856532379e-206,"HAVANA","gene",NA,NA,"protein_coding","HJURP","2","HGNC:25444","OTTHUMG00000059125.12"
"ENSG00000148180.21",36567.2769785751,2.56823392322214,0.0833817315571333,30.8009185616682,2.54726450813836e-208,3.05098606462272e-205,"HAVANA","gene",NA,NA,"protein_coding","GSN","2","HGNC:4620","OTTHUMG00000020584.8"
"ENSG00000145708.11",62.1325606063483,3.89251431829017,0.1269381519515,30.6646524976778,1.68558071366135e-206,1.96966273150037e-203,"HAVANA","gene",NA,NA,"protein_coding","CRHBP","2","HGNC:2356","OTTHUMG00000102133.3"
"ENSG00000165410.15",1301.20222212617,2.25532639868791,0.0738191508198547,30.5520501609632,5.3109351692197e-205,6.05825961803132e-202,"HAVANA","gene",NA,NA,"protein_coding","CFL2","1","HGNC:1875","OTTHUMG00000029536.9"
"ENSG00000137745.12",1682.17430056028,-6.20094807223136,0.203516434657787,-30.4690286200142,6.70551351696429e-204,7.47118959529673e-201,"HAVANA","gene",NA,NA,"protein_coding","MMP13","1","HGNC:7159","OTTHUMG00000165850.3"
"ENSG00000076555.15",3695.63346309768,3.66303875037016,0.120245719974977,30.4629449691219,8.0725852762591e-204,8.78994455876303e-201,"HAVANA","gene",NA,NA,"protein_coding","ACACB","2","HGNC:85","OTTHUMG00000169250.5"
"ENSG00000166803.14",371.498178844158,-3.25193429326783,0.106783321746763,-30.4535787056689,1.07409199743183e-203,1.14354994659909e-200,"HAVANA","gene",NA,NA,"protein_coding","PCLAF","1","HGNC:28961","OTTHUMG00000133017.5"
"ENSG00000124743.6",281.720179221507,3.86204618612823,0.127157504295785,30.3721452187723,1.28170060953213e-202,1.33491904788444e-199,"HAVANA","gene",NA,NA,"protein_coding","KLHL31","2","HGNC:21353","OTTHUMG00000014882.4"
"ENSG00000170312.16",2620.65807910395,-3.16439573949043,0.104844578760727,-30.1817774165711,4.10846762358299e-200,4.18801454991194e-197,"HAVANA","gene",NA,NA,"protein_coding","CDK1","2","HGNC:1722","OTTHUMG00000018290.6"
"ENSG00000115306.16",21387.2368092249,2.04241141359818,0.0677323066074021,30.1541689025393,9.45795501519824e-200,9.44022134954474e-197,"HAVANA","gene",NA,NA,"protein_coding","SPTBN1","2","HGNC:11275","OTTHUMG00000133746.7"
"ENSG00000169607.13",623.558595673187,-3.35609316036186,0.111368940225895,-30.134911525193,1.69115768831678e-199,1.65353805810728e-196,"HAVANA","gene",NA,NA,"protein_coding","CKAP2L","2","HGNC:26877","OTTHUMG00000131313.3"
"ENSG00000279204.1",48.424204759401,3.61346708050173,0.120461199125544,29.9969376590367,1.07587463162956e-197,1.03090307202744e-194,"HAVANA","gene",NA,NA,"TEC","AC134043.3","2",NA,"OTTHUMG00000185339.1"
"ENSG00000135451.13",750.465678854435,-3.5224842162065,0.117825218852031,-29.8958427620674,2.22853509173674e-196,2.0935120832374e-193,"HAVANA","gene",NA,NA,"protein_coding","TROAP","2","HGNC:12327","OTTHUMG00000169486.3"
"ENSG00000143476.18",1714.22102527587,-3.04899491020891,0.101992564199922,-29.8942862563233,2.33480470493979e-196,2.15116333487818e-193,"HAVANA","gene",NA,NA,"protein_coding","DTL","2","HGNC:30288","OTTHUMG00000037133.2"
"ENSG00000068976.14",108.939779265095,3.37521251914294,0.113015941483106,29.8649241412325,5.6194688454698e-196,5.07978778087657e-193,"HAVANA","gene",NA,NA,"protein_coding","PYGM","2","HGNC:9726","OTTHUMG00000066835.3"
"ENSG00000183549.10",178.841323559091,3.77545814473023,0.126472422714464,29.852026739885,8.26281126782204e-196,7.33094977483989e-193,"HAVANA","gene",NA,NA,"protein_coding","ACSM5","2","HGNC:26060","OTTHUMG00000131551.3"
"ENSG00000165028.12",272.133009030588,2.82484061814321,0.0949693886291114,29.7447489019351,2.02768221168233e-194,1.76629554112182e-191,"HAVANA","gene",NA,NA,"protein_coding","NIPSNAP3B","2","HGNC:23641","OTTHUMG00000020414.4"
"ENSG00000138180.16",1353.02289636006,-3.43925274234277,0.115997583130782,-29.6493482839652,3.45779218124503e-193,2.95826470363302e-190,"HAVANA","gene",NA,NA,"protein_coding","CEP55","2","HGNC:1161","OTTHUMG00000018774.2"
"ENSG00000122641.11",4461.06542840212,-3.41643803881398,0.115276664617623,-29.6368571223537,5.00945689706276e-193,4.21058034979433e-190,"HAVANA","gene",NA,NA,"protein_coding","INHBA","2","HGNC:6066","OTTHUMG00000023574.5"
"ENSG00000121691.7",6313.28474025512,2.03014406547199,0.0685187865276143,29.6290137107697,6.32186905203431e-193,5.22208183246489e-190,"HAVANA","gene",NA,NA,"protein_coding","CAT","2","HGNC:1516","OTTHUMG00000044353.5"
"ENSG00000112984.12",1689.28181132168,-3.3874304736728,0.114331368668971,-29.6281809017836,6.47998313155956e-193,5.2619659632715e-190,"HAVANA","gene",NA,NA,"protein_coding","KIF20A","2","HGNC:9787","OTTHUMG00000129195.4"
"ENSG00000168078.10",826.609333079175,-3.46554258614808,0.11717451686772,-29.5759067652941,3.05053194299585e-192,2.43584975648219e-189,"HAVANA","gene",NA,NA,"protein_coding","PBK","1","HGNC:18282","OTTHUMG00000102113.6"
"ENSG00000117724.13",6567.38697456581,-3.27915766869349,0.111019808444437,-29.5366900253177,9.73513474772816e-192,7.64607058628945e-189,"HAVANA","gene",NA,NA,"protein_coding","CENPF","2","HGNC:1857","OTTHUMG00000036955.2"
"ENSG00000123243.15",2983.33539816644,4.01078375494685,0.136021111715286,29.4864797410423,4.29151125472033e-191,3.31623071312341e-188,"HAVANA","gene",NA,NA,"protein_coding","ITIH5","1","HGNC:21449","OTTHUMG00000017635.7"
"ENSG00000155886.11",325.423869275848,-4.9754245416135,0.168925070904439,-29.4534405992825,1.13750195333789e-190,8.65043152133623e-188,"HAVANA","gene",NA,NA,"protein_coding","SLC24A2","2","HGNC:10976","OTTHUMG00000019646.2"
"ENSG00000169679.15",1549.73024780614,-3.30570394992907,0.112314378325066,-29.4325980273117,2.102672405045e-190,1.57404742071416e-187,"HAVANA","gene",NA,NA,"protein_coding","BUB1","2","HGNC:1148","OTTHUMG00000153638.6"
"ENSG00000166851.15",1369.17085793491,-3.39145070072161,0.115432416991935,-29.3804010095236,9.77581641423927e-190,7.20552868317236e-187,"HAVANA","gene",NA,NA,"protein_coding","PLK1","2","HGNC:9077","OTTHUMG00000096984.6"
"ENSG00000165304.8",1191.23548777932,-3.64805271547968,0.124327683398514,-29.3422399240431,3.00141276199561e-189,2.17875280950317e-186,"HAVANA","gene",NA,NA,"protein_coding","MELK","2","HGNC:16870","OTTHUMG00000019906.8"
"ENSG00000108960.9",1756.98933039528,2.83350975999974,0.096786799373263,29.2757873836924,2.10943149565204e-188,1.50840093965208e-185,"HAVANA","gene",NA,NA,"protein_coding","MMD","1","HGNC:7153","OTTHUMG00000177845.4"
"ENSG00000280339.1",295.99156407593,3.59241177191874,0.122974174022308,29.2127334904244,1.33635927949867e-187,9.41543721776192e-185,"HAVANA","gene",NA,NA,"TEC","AP001528.2","2",NA,"OTTHUMG00000167230.1"
"ENSG00000104415.14",1855.14067204782,-3.55374545776313,0.121767181415904,-29.1847558302682,3.02774301208995e-187,2.10230677839463e-184,"HAVANA","gene",NA,NA,"protein_coding","CCN4","1","HGNC:12769","OTTHUMG00000164440.3"
"ENSG00000186642.16",787.036526206434,3.13075498429169,0.107316422960619,29.1731209252153,4.25336081776986e-187,2.91112166827648e-184,"HAVANA","gene",NA,NA,"protein_coding","PDE2A","2","HGNC:8777","OTTHUMG00000102045.6"
"ENSG00000079435.10",3249.97564798867,4.53067746733616,0.155501841467659,29.1358444670152,1.26260343432737e-186,8.51990570966542e-184,"HAVANA","gene",NA,NA,"protein_coding","LIPE","1","HGNC:6621","OTTHUMG00000182814.4"
"ENSG00000161888.11",645.870762926636,-3.16925927631072,0.108988767201022,-29.0787698374938,6.66200715045133e-186,4.43301059136282e-183,"HAVANA","gene",NA,NA,"protein_coding","SPC24","1","HGNC:26913","OTTHUMG00000180798.2"
"ENSG00000072571.20",775.415067508539,-3.03930994677659,0.104553286040399,-29.0694827669235,8.7298915913038e-186,5.72943981012829e-183,"HAVANA","gene",NA,NA,"protein_coding","HMMR","2","HGNC:5012","OTTHUMG00000130381.8"
"ENSG00000237649.8",2003.94371807016,-3.17202146474487,0.109358667867051,-29.0056703013351,5.58073011851886e-185,3.6131456753816e-182,"HAVANA","gene",NA,NA,"protein_coding","KIFC1","2","HGNC:6389","OTTHUMG00000031209.5"
"ENSG00000186185.14",686.281862769282,-3.56320583934432,0.123051510227294,-28.9570264742186,2.28913198797756e-184,1.46229751392006e-181,"HAVANA","gene",NA,NA,"protein_coding","KIF18B","1","HGNC:27102","OTTHUMG00000179867.2"
"ENSG00000258311.5",26.8252506044498,2.71088906528844,0.0936536867209197,28.9458873452218,3.16151250411984e-184,1.99300084305765e-181,"HAVANA","gene",NA,NA,"protein_coding","AC009779.3","2",NA,"OTTHUMG00000170130.2"
"ENSG00000171848.16",3210.52383136821,-3.41546026225726,0.118123385894338,-28.9143444068934,7.88276822368518e-184,4.9047198129449e-181,"HAVANA","gene",NA,NA,"protein_coding","RRM2","2","HGNC:10452","OTTHUMG00000185555.7"
"ENSG00000075702.18",767.437389840718,-2.88327909696822,0.0997424552908268,-28.9072400369654,9.68247211178779e-184,5.94727229327889e-181,"HAVANA","gene",NA,NA,"protein_coding","WDR62","2","HGNC:24502","OTTHUMG00000048139.9"
"ENSG00000126787.13",1024.56013689711,-3.31764360175492,0.114896415237259,-28.8750836560396,2.4543887089767e-183,1.4884780132541e-180,"HAVANA","gene",NA,NA,"protein_coding","DLGAP5","1","HGNC:16864","OTTHUMG00000140310.3"
"ENSG00000077616.11",110.198523513876,2.89251530874193,0.100306569350843,28.8367484548768,7.42906798063495e-183,4.44908308690275e-180,"HAVANA","gene",NA,NA,"protein_coding","NAALAD2","1","HGNC:14526","OTTHUMG00000166368.6"
"ENSG00000185271.9",33.6409681915876,3.79622223412812,0.131774437246028,28.808487544822,1.67924938316216e-182,9.93244912929616e-180,"HAVANA","gene",NA,NA,"protein_coding","KLHL33","2","HGNC:31952","OTTHUMG00000170982.4"
"ENSG00000122729.19",3647.21326425249,2.03539027588184,0.0707114073215752,28.7844684892986,3.35631350174709e-182,1.96098755937443e-179,"HAVANA","gene",NA,NA,"protein_coding","ACO1","2","HGNC:117","OTTHUMG00000019740.4"
"ENSG00000175445.17",8209.27482216559,4.71596368747238,0.164292996389755,28.7045935682166,3.34343043601444e-181,1.92992472517412e-178,"HAVANA","gene",NA,NA,"protein_coding","LPL","2","HGNC:6677","OTTHUMG00000036645.9"
"ENSG00000164330.17",1162.70143152024,3.04448948032877,0.106381327635941,28.6186452828229,3.93858207587357e-180,2.2463984197036e-177,"HAVANA","gene",NA,NA,"protein_coding","EBF1","1","HGNC:3126","OTTHUMG00000130304.5"
"ENSG00000066279.18",1877.80263225764,-3.55652898872449,0.124280639242421,-28.6169190181517,4.13829066858133e-180,2.33253536390273e-177,"HAVANA","gene",NA,NA,"protein_coding","ASPM","2","HGNC:19048","OTTHUMG00000036277.2"
"ENSG00000134057.15",2941.77052025001,-2.58043799278762,0.0902217640997594,-28.6010589411042,6.51805890420161e-180,3.63116514070115e-177,"HAVANA","gene",NA,NA,"protein_coding","CCNB1","1","HGNC:1579","OTTHUMG00000097817.5"
"ENSG00000170509.12",56.9900827463385,5.00482637584077,0.1751511829998,28.5743224231976,1.40110302215468e-179,7.71572940131389e-177,"HAVANA","gene",NA,NA,"protein_coding","HSD17B13","2","HGNC:18685","OTTHUMG00000130602.3"
"ENSG00000135424.18",1731.82040924343,3.66712223135855,0.128354683976812,28.570225236354,1.57533632936039e-179,8.57663222041547e-177,"HAVANA","gene",NA,NA,"protein_coding","ITGA7","2","HGNC:6143","OTTHUMG00000170699.17"
"ENSG00000164611.13",1369.97618207956,-3.22343937823996,0.112829425617552,-28.5691375330243,1.62512073052214e-179,8.74826226958604e-177,"HAVANA","gene",NA,NA,"protein_coding","PTTG1","2","HGNC:9690","OTTHUMG00000130328.6"
"ENSG00000174371.17",822.504621798002,-3.45246494523953,0.12100008282466,-28.5327486117714,4.59878227700726e-179,2.44808509879353e-176,"HAVANA","gene",NA,NA,"protein_coding","EXO1","1","HGNC:3511","OTTHUMG00000039965.9"
"ENSG00000176438.12",1347.11239638767,2.99713537153433,0.105092626494661,28.5189881678957,6.81278751681345e-179,3.58682032890695e-176,"HAVANA","gene",NA,NA,"protein_coding","SYNE3","2","HGNC:19861","OTTHUMG00000171632.4"
"ENSG00000109674.4",200.595143454341,-3.41619688153971,0.119795738676058,-28.516848089042,7.24206811481458e-179,3.77138568892137e-176,"HAVANA","gene",NA,NA,"protein_coding","NEIL3","2","HGNC:24573","OTTHUMG00000160722.2"
"ENSG00000100526.20",581.649740749458,-2.91361065593188,0.102384109776689,-28.4576450611992,3.91935114316771e-178,2.01909799214156e-175,"HAVANA","gene",NA,NA,"protein_coding","CDKN3","1","HGNC:1791","OTTHUMG00000140302.4"
"ENSG00000286214.1",393.189914099288,4.22481431537987,0.14886608897072,28.3799644673331,3.5738996906177e-177,1.82154823593078e-174,"HAVANA","gene",NA,NA,"lncRNA","AUXG01000058.1","2",NA,"OTTHUMG00000193470.2"
"ENSG00000123975.5",1895.46908697635,-2.66309960763568,0.0938678667726065,-28.3707268440115,4.64644704904516e-177,2.34327661178688e-174,"HAVANA","gene",NA,NA,"protein_coding","CKS2","2","HGNC:2000","OTTHUMG00000020180.2"
"ENSG00000138640.15",1426.29807544834,2.42053755919175,0.0853567016606454,28.3579087769246,6.68675946802393e-177,3.33711089701069e-174,"HAVANA","gene",NA,NA,"protein_coding","FAM13A","2","HGNC:19367","OTTHUMG00000161006.3"
"ENSG00000087586.18",1464.30647467312,-3.11969234913985,0.110121877654113,-28.329451109966,1.49951364836996e-176,7.40636071066026e-174,"HAVANA","gene",NA,NA,"protein_coding","AURKA","2","HGNC:11393","OTTHUMG00000032796.7"
"ENSG00000170373.8",713.444525437261,-6.9188091693367,0.244605598242773,-28.2855716264913,5.20076668476422e-176,2.54253808027606e-173,"HAVANA","gene",NA,NA,"protein_coding","CST1","2","HGNC:2473","OTTHUMG00000032085.2"
"ENSG00000142945.13",1442.14389304879,-3.33126543542547,0.117874350157676,-28.2611563157665,1.03809294716258e-175,5.02374071702617e-173,"HAVANA","gene",NA,NA,"protein_coding","KIF2C","2","HGNC:6393","OTTHUMG00000008416.7"
"ENSG00000259347.7",23.046383466017,3.67697837272109,0.130378276895605,28.2023850926123,5.46671327139975e-175,2.61910232832762e-172,"HAVANA","gene",NA,NA,"lncRNA","AC087482.1","2",NA,"OTTHUMG00000172243.6"
"ENSG00000122952.17",2374.84075010023,-2.58417254827199,0.0916825029966069,-28.186103823623,8.65633716848875e-175,4.10618924497323e-172,"HAVANA","gene",NA,NA,"protein_coding","ZWINT","2","HGNC:13195","OTTHUMG00000018261.3"
"ENSG00000109686.19",4407.49842674964,2.01694373056741,0.0715615914119887,28.1847243859576,8.99996343250974e-175,4.22733576521119e-172,"HAVANA","gene",NA,NA,"protein_coding","SH3D19","2","HGNC:30418","OTTHUMG00000154051.8"
"ENSG00000105971.15",2740.1380903262,2.8764365716345,0.102396221658322,28.0912374016364,1.25344958441683e-173,5.83036597955442e-171,"HAVANA","gene",NA,NA,"protein_coding","CAV2","1","HGNC:1528","OTTHUMG00000023414.12"
"ENSG00000077157.22",3749.56927886629,2.1009135851672,0.0748115253599487,28.0827529589705,1.59122352749723e-173,7.33033838484543e-171,"HAVANA","gene",NA,NA,"protein_coding","PPP1R12B","1","HGNC:7619","OTTHUMG00000041393.7"
"ENSG00000244734.4",1785.32156170272,4.94591935727641,0.176216637954808,28.0672666025148,2.4591925368966e-173,1.12209442326396e-170,"HAVANA","gene",NA,NA,"protein_coding","HBB","2","HGNC:4827","OTTHUMG00000066678.8"
"ENSG00000174804.4",3851.90766303487,2.65708215165469,0.0946772810952206,28.0646224830048,2.64887956205077e-173,1.19724358318729e-170,"HAVANA","gene",NA,NA,"protein_coding","FZD4","2","HGNC:4042","OTTHUMG00000167231.3"
"ENSG00000162062.15",426.806008497683,-2.84189533885754,0.10135651982247,-28.0386041651316,5.50093297432455e-173,2.46308129719522e-170,"HAVANA","gene",NA,NA,"protein_coding","TEDC2","2","HGNC:25849","OTTHUMG00000128859.6"
"ENSG00000165810.17",999.468022762931,4.00322031066883,0.142926391748639,28.0089650462119,1.26362915950198e-172,5.60559935479071e-170,"HAVANA","gene",NA,NA,"protein_coding","BTNL9","1","HGNC:24176","OTTHUMG00000133152.5"
"ENSG00000245812.3",46.6181404205409,3.21160214008967,0.114762519040672,27.9847651213676,2.49022255341842e-172,1.09455561958052e-169,"HAVANA","gene",NA,NA,"lncRNA","LINC02202","1","HGNC:53068","OTTHUMG00000163513.2"
"ENSG00000180354.16",3226.25800317858,2.56445836674745,0.0916635434996704,27.9768626526714,3.10735318792776e-172,1.35339355666926e-169,"HAVANA","gene",NA,NA,"protein_coding","MTURN","1","HGNC:25457","OTTHUMG00000128559.5"
"ENSG00000132170.23",1032.50768493606,3.37406328195222,0.120775155267214,27.9367331342867,9.55529925261594e-172,4.12427375849396e-169,"HAVANA","gene",NA,NA,"protein_coding","PPARG","1","HGNC:9236","OTTHUMG00000129764.15"
"ENSG00000154839.10",474.528670101044,-3.38866183252309,0.121349184530098,-27.9248834316032,1.33096700349501e-171,5.69344903012909e-169,"HAVANA","gene",NA,NA,"protein_coding","SKA1","2","HGNC:28109","OTTHUMG00000132685.8"
"ENSG00000011426.11",2547.45953839581,-3.391860290927,0.121483488145142,-27.920339979657,1.51124391121363e-171,6.40740670674735e-169,"HAVANA","gene",NA,NA,"protein_coding","ANLN","1","HGNC:14082","OTTHUMG00000023143.8"
"ENSG00000080986.13",920.053700094305,-3.2139822763457,0.11540856324232,-27.8487331100153,1.11586935338987e-170,4.68958778253586e-168,"HAVANA","gene",NA,NA,"protein_coding","NDC80","1","HGNC:16909","OTTHUMG00000131483.5"
"ENSG00000165474.8",2501.99883737474,-4.31241901547135,0.154906062387749,-27.8389299230706,1.46659479980664e-170,6.10996146597705e-168,"HAVANA","gene",NA,NA,"protein_coding","GJB2","2","HGNC:4284","OTTHUMG00000016513.5"
"ENSG00000099260.11",2410.10228448288,2.89055690052241,0.10400665921876,27.7920368006691,5.41395376495459e-170,2.23605624895668e-167,"HAVANA","gene",NA,NA,"protein_coding","PALMD","2","HGNC:15846","OTTHUMG00000010764.3"
"ENSG00000137727.12",255.461606659735,3.09379312179518,0.111427073149775,27.7651834005965,1.14260288565498e-169,4.67881232920771e-167,"HAVANA","gene",NA,NA,"protein_coding","ARHGAP20","1","HGNC:18357","OTTHUMG00000166590.2"
"ENSG00000164849.10",64.8694126925721,2.68990117202952,0.0969294321010311,27.7511289783045,1.68866580566193e-169,6.85626938553079e-167,"HAVANA","gene",NA,NA,"protein_coding","GPR146","1","HGNC:21718","OTTHUMG00000023934.8"
"ENSG00000105664.11",7588.05528338741,-4.49394189409077,0.162075722033108,-27.7274217120117,3.26223838056064e-169,1.31339362027446e-166,"HAVANA","gene",NA,NA,"protein_coding","COMP","2","HGNC:2227","OTTHUMG00000169318.4"
"ENSG00000168477.19",2418.99513699889,4.11998533176599,0.148672139640091,27.7118856413834,5.0209898661988e-169,2.00463020407987e-166,"HAVANA","gene",NA,NA,"protein_coding","TNXB","1","HGNC:11976","OTTHUMG00000031088.12"
"ENSG00000079462.8",2627.61224095475,-2.50920420228456,0.0905997894993987,-27.6954749690805,7.9157460650185e-169,3.13424292541352e-166,"HAVANA","gene",NA,NA,"protein_coding","PAFAH1B3","2","HGNC:8576","OTTHUMG00000182795.2"
"ENSG00000187730.9",217.661071845372,-3.21844391428256,0.116247528508129,-27.686127658684,1.02576641577991e-168,4.02823516229635e-166,"HAVANA","gene",NA,NA,"protein_coding","GABRD","2","HGNC:4084","OTTHUMG00000041064.6"
"ENSG00000149090.12",724.744356785506,3.5166194755431,0.127265891466409,27.6320657092266,4.58456051289552e-168,1.78574222904735e-165,"HAVANA","gene",NA,NA,"protein_coding","PAMR1","1","HGNC:24554","OTTHUMG00000166328.4"
"ENSG00000111665.12",846.436003748198,-3.21329223198243,0.116326206547535,-27.6231154384748,5.87256661888806e-168,2.26898924766876e-165,"HAVANA","gene",NA,NA,"protein_coding","CDCA3","1","HGNC:14624","OTTHUMG00000169014.2"
"ENSG00000134690.11",1316.38399831039,-3.031981977425,0.109767006760345,-27.6219791985832,6.06005362622452e-168,2.32269735385934e-165,"HAVANA","gene",NA,NA,"protein_coding","CDCA8","2","HGNC:14629","OTTHUMG00000004320.2"
"ENSG00000118596.12",759.064582987949,3.35899880013782,0.121643903649877,27.6133755934527,7.68784841153821e-168,2.9232128364825e-165,"HAVANA","gene",NA,NA,"protein_coding","SLC16A7","1","HGNC:10928","OTTHUMG00000169923.6"
"ENSG00000165480.16",587.637915870499,-3.09004223490454,0.112227099362858,-27.5338332047028,6.91161558092625e-167,2.60736616127698e-164,"HAVANA","gene",NA,NA,"protein_coding","SKA3","1","HGNC:20262","OTTHUMG00000016539.5"
"ENSG00000167900.12",3862.15915883467,-3.08786259788865,0.112201301282908,-27.5207378397762,9.91608056408969e-167,3.71155796738701e-164,"HAVANA","gene",NA,NA,"protein_coding","TK1","2","HGNC:11830","OTTHUMG00000150674.6"
"ENSG00000118193.12",713.465748778146,-3.5320045571929,0.128613223037337,-27.4622194653154,4.96519361839277e-166,1.84404981594727e-163,"HAVANA","gene",NA,NA,"protein_coding","KIF14","2","HGNC:19181","OTTHUMG00000035723.2"
"ENSG00000135127.11",1374.68078601258,-2.72579309052207,0.0992891179747527,-27.4530899873155,6.38184962303348e-166,2.35195704184257e-163,"HAVANA","gene",NA,NA,"protein_coding","BICDL1","1","HGNC:28095","OTTHUMG00000169311.5"
"ENSG00000129810.15",248.949643142147,-3.24831037806417,0.118335783608476,-27.4499418435549,6.95870686091537e-166,2.54497439470577e-163,"HAVANA","gene",NA,NA,"protein_coding","SGO1","2","HGNC:25088","OTTHUMG00000130479.7"
"ENSG00000146670.10",1622.18346859335,-3.09909483961093,0.113265052314555,-27.3614391754682,7.89402475317047e-165,2.84362951822855e-162,"HAVANA","gene",NA,NA,"protein_coding","CDCA5","2","HGNC:14626","OTTHUMG00000150420.3"
"ENSG00000196611.5",1484.9456576592,-6.43881004230069,0.235670003939895,-27.3212964512142,2.36917622825395e-164,8.47068903698858e-162,"HAVANA","gene",NA,NA,"protein_coding","MMP1","2","HGNC:7155","OTTHUMG00000048192.2"
"ENSG00000131747.15",9303.333066032,-3.50903253975944,0.128498672948888,-27.3079282395019,3.41500154442265e-164,1.21194610365399e-161,"HAVANA","gene",NA,NA,"protein_coding","TOP2A","1","HGNC:11989","OTTHUMG00000155008.4"
"ENSG00000186871.7",401.253926120967,-2.86345856004049,0.104887949070831,-27.3001673252929,4.22224003257044e-164,1.48740823500331e-161,"HAVANA","gene",NA,NA,"protein_coding","ERCC6L","1","HGNC:20794","OTTHUMG00000021810.4"
"ENSG00000089685.15",2727.25952284962,-3.57057765332542,0.130795307630741,-27.2989736253062,4.36228894476568e-164,1.52552746966222e-161,"HAVANA","gene",NA,NA,"protein_coding","BIRC5","2","HGNC:593","OTTHUMG00000177505.9"
"ENSG00000117399.14",2286.04294092735,-3.54816660737079,0.130014822311372,-27.2904776877923,5.50249500776643e-164,1.91032272334847e-161,"HAVANA","gene",NA,NA,"protein_coding","CDC20","2","HGNC:1723","OTTHUMG00000007420.3"
"ENSG00000165197.5",238.820289453989,4.89025931600431,0.179252707030178,27.2813693975679,7.05730080527205e-164,2.43248404014808e-161,"HAVANA","gene",NA,NA,"protein_coding","VEGFD","2","HGNC:3708","OTTHUMG00000021175.2"
"ENSG00000157456.8",1404.56910525324,-3.04917281417535,0.111886790380041,-27.2523039030645,1.56059127318483e-163,5.34056627844893e-161,"HAVANA","gene",NA,NA,"protein_coding","CCNB2","1","HGNC:1580","OTTHUMG00000132715.3"
"ENSG00000101447.15",1082.83864398593,-3.50699636784172,0.128833633481831,-27.221124430495,3.65257663657356e-163,1.24109891246978e-160,"HAVANA","gene",NA,NA,"protein_coding","FAM83D","2","HGNC:16122","OTTHUMG00000032462.4"
"ENSG00000108381.11",151.267294865565,3.59442483107323,0.13240918426715,27.1463407237756,2.79684414391501e-162,9.43639457288509e-160,"HAVANA","gene",NA,NA,"protein_coding","ASPA","2","HGNC:756","OTTHUMG00000090655.5"
"ENSG00000156970.13",905.595452486778,-2.92298701427943,0.107689181127355,-27.1428102960748,3.07853354202158e-162,1.03141637761017e-159,"HAVANA","gene",NA,NA,"protein_coding","BUB1B","2","HGNC:1149","OTTHUMG00000129877.4"
"ENSG00000111206.13",2168.22288953268,-3.45144551399326,0.127178472757131,-27.138598531407,3.45187784157841e-162,1.14846852354182e-159,"HAVANA","gene",NA,NA,"protein_coding","FOXM1","2","HGNC:3818","OTTHUMG00000168118.2"
"ENSG00000183682.8",632.398145708909,-2.73269606174617,0.100856184229795,-27.0949776914015,1.12839317371012e-161,3.72836668637598e-159,"HAVANA","gene",NA,NA,"protein_coding","BMP8A","2","HGNC:21650","OTTHUMG00000008394.2"
"ENSG00000075218.19",720.93099123015,-3.04694645925712,0.112507497239596,-27.0821637136621,1.59740230741345e-161,5.24188661288892e-159,"HAVANA","gene",NA,NA,"protein_coding","GTSE1","2","HGNC:13698","OTTHUMG00000150486.4"
"ENSG00000261327.5",78.6858660685683,-3.74887647928047,0.138640927617064,-27.0401860670979,4.98229282937718e-161,1.62382074459497e-158,"HAVANA","gene",NA,NA,"lncRNA","AC134312.5","2",NA,"OTTHUMG00000175543.3"
"ENSG00000137807.16",1561.28658352003,-2.63987908143123,0.0977203651731391,-27.0146256284854,9.9509267932882e-161,3.22127636936782e-158,"HAVANA","gene",NA,NA,"protein_coding","KIF23","1","HGNC:6392","OTTHUMG00000172062.8"
"ENSG00000137812.20",845.887443006304,-2.84840654769127,0.105448537388701,-27.0122907176186,1.0599702224876e-160,3.40826666841481e-158,"HAVANA","gene",NA,NA,"protein_coding","KNL1","2","HGNC:24054","OTTHUMG00000166532.6"
"ENSG00000164087.8",719.961881529559,-2.11505877865697,0.0784456810122543,-26.9620806571438,4.11699892688505e-160,1.31496945724709e-157,"HAVANA","gene",NA,NA,"protein_coding","POC1A","2","HGNC:24488","OTTHUMG00000157817.2"
"ENSG00000173208.4",215.222734988,4.10393496194923,0.152214121216582,26.9615915340065,4.17172755474212e-160,1.32362561024964e-157,"HAVANA","gene",NA,NA,"protein_coding","ABCD2","2","HGNC:66","OTTHUMG00000169337.2"
"ENSG00000198624.13",2109.7735318136,2.98611884348438,0.110806593040564,26.9489275100375,5.87179756709458e-160,1.85077514104935e-157,"HAVANA","gene",NA,NA,"protein_coding","CCDC69","2","HGNC:24487","OTTHUMG00000130127.3"
"ENSG00000138160.7",2255.51035115091,-2.5243934878052,0.0939557901622701,-26.8678863053075,5.21359126003166e-159,1.63256965534717e-156,"HAVANA","gene",NA,NA,"protein_coding","KIF11","2","HGNC:6388","OTTHUMG00000018761.3"
"ENSG00000103253.19",702.320776573047,-3.55198147388582,0.132552035057982,-26.7968837470666,3.51307126868594e-158,1.08587899666286e-155,"HAVANA","gene",NA,NA,"protein_coding","HAGHL","1","HGNC:14177","OTTHUMG00000170560.9"
"ENSG00000113368.12",3529.40028165264,-2.46054512239663,0.0918597497290299,-26.7858896813328,4.71828860205884e-158,1.44905901874769e-155,"HAVANA","gene",NA,NA,"protein_coding","LMNB1","2","HGNC:6637","OTTHUMG00000128969.8"
"ENSG00000004776.13",400.234241892893,4.50366759243428,0.168262618917074,26.7657048334298,8.10647644265886e-158,2.47376615520883e-155,"HAVANA","gene",NA,NA,"protein_coding","HSPB6","2","HGNC:26511","OTTHUMG00000048122.5"
"ENSG00000215483.11",56.1611664823804,3.49407927773643,0.130875104400605,26.697814635862,4.989996883779e-157,1.51310601710033e-154,"HAVANA","gene",NA,NA,"lncRNA","LINC00598","2","HGNC:42770","OTTHUMG00000016772.17"
"ENSG00000255471.1",103.012985972075,3.18648427707457,0.119359296022125,26.6965739851876,5.15828169453741e-157,1.5542973332408e-154,"HAVANA","gene",NA,NA,"lncRNA","AP001528.1","2",NA,"OTTHUMG00000167229.1"
"ENSG00000179921.15",63.3669008328335,2.97424391740112,0.111447503551424,26.6873983052367,6.59204384967255e-157,1.97390513023632e-154,"HAVANA","gene",NA,NA,"protein_coding","GPBAR1","2","HGNC:19680","OTTHUMG00000155203.4"
"ENSG00000109805.10",946.90514432654,-3.02299350320214,0.113363023751403,-26.6664861536453,1.15249865330372e-156,3.42957829066964e-154,"HAVANA","gene",NA,NA,"protein_coding","NCAPG","2","HGNC:24304","OTTHUMG00000128539.4"
"ENSG00000261742.6",60.6259041163319,-4.60584912062442,0.172884745167871,-26.6411540020616,2.26614170174954e-156,6.70190425498893e-154,"HAVANA","gene",NA,NA,"lncRNA","LINC00922","2","HGNC:27545","OTTHUMG00000172812.7"
"ENSG00000092853.14",656.315976078835,-2.94900391520949,0.110705121448211,-26.6383693602564,2.44089585493062e-156,7.17443683495251e-154,"HAVANA","gene",NA,NA,"protein_coding","CLSPN","2","HGNC:19715","OTTHUMG00000004168.7"
"ENSG00000124615.20",1140.35171302258,2.15595084539561,0.0811169017258815,26.5783184456579,1.20911167298866e-155,3.51082062138706e-153,"HAVANA","gene",NA,NA,"protein_coding","MOCS1","2","HGNC:7190","OTTHUMG00000014656.8"
"ENSG00000076382.17",1731.81845854309,-2.80054963218084,0.105387364459177,-26.5738653447935,1.36124407477478e-155,3.92874720617228e-153,"HAVANA","gene",NA,NA,"protein_coding","SPAG5","2","HGNC:13452","OTTHUMG00000166586.27"
"ENSG00000169258.7",529.048371182282,-2.86001140824444,0.107800075484523,-26.5306994952434,4.28950775626503e-155,1.23060069821951e-152,"HAVANA","gene",NA,NA,"protein_coding","GPRIN1","2","HGNC:24835","OTTHUMG00000130659.2"
"ENSG00000168497.5",1150.28122268137,3.97254346389617,0.149817542015462,26.5158766487183,6.35905573242901e-155,1.81346642940877e-152,"HAVANA","gene",NA,NA,"protein_coding","CAVIN2","2","HGNC:10690","OTTHUMG00000154309.3"
"ENSG00000132837.15",121.990990039754,2.80462418173126,0.105845272460882,26.4973967804541,1.03855379800738e-154,2.94420783801973e-152,"HAVANA","gene",NA,NA,"protein_coding","DMGDH","1","HGNC:24475","OTTHUMG00000108159.5"
"ENSG00000083782.8",229.466067508588,-6.07297610456089,0.229675270522464,-26.4415759291199,4.56072375046417e-154,1.28531926402787e-151,"HAVANA","gene",NA,NA,"protein_coding","EPYC","2","HGNC:3053","OTTHUMG00000170072.3"
"ENSG00000211445.12",8702.40493858393,3.69944733642003,0.140133875789536,26.3993792762583,1.3928395888307e-153,3.90239442695197e-151,"HAVANA","gene",NA,NA,"protein_coding","GPX3","1","HGNC:4555","OTTHUMG00000163693.4"
"ENSG00000148773.14",5888.06193887555,-3.09594770709152,0.117420886256931,-26.3662437389308,3.34278916298e-153,9.31122260455649e-151,"HAVANA","gene",NA,NA,"protein_coding","MKI67","2","HGNC:7107","OTTHUMG00000019255.2"
"ENSG00000171227.7",978.317553517717,3.00573186204301,0.114061138746335,26.3519362955649,4.87674487398483e-153,1.35054824804979e-150,"HAVANA","gene",NA,NA,"protein_coding","TMEM37","1","HGNC:18216","OTTHUMG00000153304.6"
"ENSG00000174059.17",5158.57078225164,2.12462353975847,0.0806796698105909,26.3340633984544,7.81449401391692e-153,2.1516805069354e-150,"HAVANA","gene",NA,NA,"protein_coding","CD34","2","HGNC:1662","OTTHUMG00000036565.3"
"ENSG00000051180.17",561.316895194135,-2.58365077638269,0.0981181038429722,-26.3320495931878,8.24070682159838e-153,2.2560700789873e-150,"HAVANA","gene",NA,NA,"protein_coding","RAD51","1","HGNC:9817","OTTHUMG00000130067.10"
"ENSG00000178999.13",777.321921600386,-3.39916634308084,0.129218545514258,-26.3055610907319,1.6564062221966e-152,4.50900125599087e-150,"HAVANA","gene",NA,NA,"protein_coding","AURKB","1","HGNC:11390","OTTHUMG00000108189.6"
"ENSG00000154736.6",1431.62631318457,3.03276886140431,0.115338967094027,26.2943993501512,2.22248750952195e-152,6.01578398763822e-150,"HAVANA","gene",NA,NA,"protein_coding","ADAMTS5","2","HGNC:221","OTTHUMG00000078686.4"
"ENSG00000121152.10",998.402858450619,-2.78422615451296,0.105996522085145,-26.2671463152011,4.55348057861406e-152,1.22560255349101e-149,"HAVANA","gene",NA,NA,"protein_coding","NCAPH","1","HGNC:1112","OTTHUMG00000130451.6"
"ENSG00000035499.13",352.796180594706,-2.95444996773943,0.112807509266826,-26.1901888175832,3.43743331525537e-151,9.17089761919106e-149,"HAVANA","gene",NA,NA,"protein_coding","DEPDC1B","2","HGNC:24902","OTTHUMG00000097083.4"
"ENSG00000101003.10",1101.22540122589,-2.50030814602614,0.0954676861963498,-26.1900989292201,3.44554700783634e-151,9.17089761919106e-149,"HAVANA","gene",NA,NA,"protein_coding","GINS1","2","HGNC:28980","OTTHUMG00000032124.2"
"ENSG00000172061.9",7946.44913984187,-3.8198718647749,0.145872526498323,-26.1863694039659,3.79959451934444e-151,1.00573797470604e-148,"HAVANA","gene",NA,NA,"protein_coding","LRRC15","2","HGNC:20818","OTTHUMG00000156048.2"
"ENSG00000162073.14",941.310998328241,-2.52058658780633,0.0963100609872632,-26.1715812654264,5.59904428158943e-151,1.47390226115906e-148,"HAVANA","gene",NA,NA,"protein_coding","PAQR4","1","HGNC:26386","OTTHUMG00000128977.3"
"ENSG00000213186.8",717.104355758668,-2.01340540170655,0.0770098283545494,-26.1447849544207,1.12972592450882e-150,2.95765951055834e-148,"HAVANA","gene",NA,NA,"protein_coding","TRIM59","2","HGNC:30834","OTTHUMG00000159034.4"
"ENSG00000175643.10",965.758444676019,-2.63933192156972,0.101028922365326,-26.1245182050518,1.92016805728818e-150,4.99974193612373e-148,"HAVANA","gene",NA,NA,"protein_coding","RMI2","2","HGNC:28349","OTTHUMG00000129793.5"
"ENSG00000163545.11",640.68633383092,-2.24614481747922,0.0860420730534348,-26.105191771522,3.18310654783976e-150,8.24338565983799e-148,"HAVANA","gene",NA,NA,"protein_coding","NUAK2","2","HGNC:29558","OTTHUMG00000037196.4"
"ENSG00000172156.4",73.8763278084032,-4.11626092595082,0.15771369730046,-26.0995778832637,3.68624357645924e-150,9.49504998646032e-148,"HAVANA","gene",NA,NA,"protein_coding","CCL11","2","HGNC:10610","OTTHUMG00000132884.3"
"ENSG00000101057.16",3292.95697830811,-3.83614698026541,0.147026999184309,-26.0914457993971,4.55911966290641e-150,1.16806108582805e-147,"HAVANA","gene",NA,NA,"protein_coding","MYBL2","2","HGNC:7548","OTTHUMG00000033062.2"
"ENSG00000183010.17",3966.71539833938,-2.34225267336252,0.0898497574076166,-26.0685475502905,8.29117127310432e-150,2.11292561539589e-147,"HAVANA","gene",NA,NA,"protein_coding","PYCR1","1","HGNC:9721","OTTHUMG00000178436.3"
"ENSG00000167779.9",1071.55824197309,3.21586484515509,0.123593993813481,26.0195883790942,2.9730147123586e-149,7.53635634228045e-147,"HAVANA","gene",NA,NA,"protein_coding","IGFBP6","1","HGNC:5475","OTTHUMG00000169773.4"
"ENSG00000100162.15",507.70415585237,-2.82410203785734,0.109042450976152,-25.8991063808259,6.81586484648134e-148,1.71867413049958e-145,"HAVANA","gene",NA,NA,"protein_coding","CENPM","1","HGNC:18352","OTTHUMG00000151277.3"
"ENSG00000024526.17",688.004676732039,-3.28625050561517,0.126925339276943,-25.8912091496939,8.36500617865715e-148,2.09825887968306e-145,"HAVANA","gene",NA,NA,"protein_coding","DEPDC1","2","HGNC:22949","OTTHUMG00000009212.5"
"ENSG00000160161.9",940.806199679468,-3.45991324671707,0.133750694362996,-25.8683759601797,1.51175291995321e-147,3.77229595807073e-145,"HAVANA","gene",NA,NA,"protein_coding","CILP2","2","HGNC:24213","OTTHUMG00000182148.4"
"ENSG00000165124.18",2667.1717210745,3.2736724826036,0.1266729948666,25.8434916301704,2.87955856249483e-147,7.14816843156101e-145,"HAVANA","gene",NA,NA,"protein_coding","SVEP1","2","HGNC:15985","OTTHUMG00000020482.3"
"ENSG00000152270.9",903.842312878967,3.77605475851111,0.146127571489086,25.8408096434638,3.08653401965118e-147,7.62246623100453e-145,"HAVANA","gene",NA,NA,"protein_coding","PDE3B","1","HGNC:8779","OTTHUMG00000165898.3"
"ENSG00000232679.2",43.1453558154884,-5.7797438639681,0.223874257405282,-25.8169203148041,5.72593116586926e-147,1.40681724182972e-144,"HAVANA","gene",NA,NA,"lncRNA","LINC01705","2","HGNC:52493","OTTHUMG00000037425.3"
"ENSG00000124493.14",494.123733132252,-5.39268079180132,0.209057765383316,-25.7951709275836,1.00453631894657e-146,2.45547627758826e-144,"HAVANA","gene",NA,NA,"protein_coding","GRM4","2","HGNC:4596","OTTHUMG00000014538.4"
"ENSG00000135476.12",1065.13484262368,-2.74158422902583,0.106350277159865,-25.7788160241904,1.53250275315397e-146,3.72701557886329e-144,"HAVANA","gene",NA,NA,"protein_coding","ESPL1","2","HGNC:16856","OTTHUMG00000169674.6"
"ENSG00000116678.20",1105.72344435576,2.96901288300572,0.115194799497517,25.7738447912288,1.74234971446881e-146,4.21595832425256e-144,"HAVANA","gene",NA,NA,"protein_coding","LEPR","2","HGNC:6554","OTTHUMG00000009115.1"
"ENSG00000169744.13",973.823520871259,2.13984830849121,0.083048719398215,25.7661806707787,2.12343616698333e-146,5.11225260101364e-144,"HAVANA","gene",NA,NA,"protein_coding","LDB2","1","HGNC:6533","OTTHUMG00000048212.5"
"ENSG00000189134.4",30.169485032337,2.71616968603371,0.105649793654782,25.7091811736896,9.22833346100613e-146,2.21064728058402e-143,"HAVANA","gene",NA,NA,"protein_coding","NKAPL","2","HGNC:21584","OTTHUMG00000014517.2"
"ENSG00000145386.11",1224.40171310505,-2.9108663410464,0.113242062535107,-25.7048156478427,1.03260760355128e-145,2.46130498936029e-143,"HAVANA","gene",NA,NA,"protein_coding","CCNA2","2","HGNC:1578","OTTHUMG00000133072.4"
"ENSG00000115163.15",434.11255458476,-3.28237537300438,0.128061577566477,-25.6312270657489,6.84705651710416e-145,1.61597279672148e-142,"HAVANA","gene",NA,NA,"protein_coding","CENPA","2","HGNC:1851","OTTHUMG00000097073.5"
"ENSG00000106462.11",1509.23815715063,-2.32075413810239,0.0906759393523404,-25.5939354439397,1.78214917610245e-144,4.16501302571066e-142,"HAVANA","gene",NA,NA,"protein_coding","EZH2","2","HGNC:3527","OTTHUMG00000158973.3"
"ENSG00000162733.19",4464.37407944631,2.66021336710958,0.103940850727461,25.5935308253809,1.80072884903802e-144,4.18800578434037e-142,"HAVANA","gene",NA,NA,"protein_coding","DDR2","2","HGNC:2731","OTTHUMG00000034423.9"
"ENSG00000227467.3",30.3993532170475,3.608437966979,0.14110399917469,25.5728965024703,3.05533090317427e-144,7.07154123531785e-142,"HAVANA","gene",NA,NA,"lncRNA","LINC01537","2","HGNC:51301","OTTHUMG00000167927.1"
"ENSG00000101280.8",45.4014242030848,3.50127479855555,0.137091639476421,25.5396668383834,7.15213461845732e-144,1.6473979306264e-141,"HAVANA","gene",NA,NA,"protein_coding","ANGPT4","2","HGNC:487","OTTHUMG00000031652.3"
"ENSG00000144031.12",65.9364276445731,2.69283290952924,0.105579745973032,25.5052035284973,1.72591882360953e-143,3.95640051861878e-141,"HAVANA","gene",NA,NA,"protein_coding","ANKRD53","1","HGNC:25691","OTTHUMG00000129712.7"
"ENSG00000243742.5",237.363431791519,-2.69760245545716,0.105789264402349,-25.499775149181,1.98259967945505e-143,4.52315955441388e-141,"HAVANA","gene",NA,NA,"transcribed_processed_pseudogene","RPLP0P2","1","HGNC:17960","OTTHUMG00000158396.1"
"ENSG00000076706.17",8643.15155798968,2.18162939968374,0.0856770542270839,25.4634034674139,5.01603719377553e-143,1.13894948793263e-140,"HAVANA","gene",NA,NA,"protein_coding","MCAM","2","HGNC:6934","OTTHUMG00000166197.7"
"ENSG00000013810.20",2753.63197643565,-2.32593696579022,0.0914090201295795,-25.4453768620758,7.9422966734726e-143,1.7948841208777e-140,"HAVANA","gene",NA,NA,"protein_coding","TACC3","1","HGNC:11524","OTTHUMG00000089535.25"
"ENSG00000260105.6",14.1437287566565,3.26799440236931,0.128624925036122,25.4071627365501,2.10172489224906e-142,4.72740091960811e-140,"HAVANA","gene",NA,NA,"transcribed_unprocessed_pseudogene","AOC4P","2","HGNC:48869","OTTHUMG00000176596.2"
"ENSG00000160957.14",1414.86781925967,-2.7866099723841,0.109983698949403,-25.3365725921444,1.26358224569888e-141,2.81573141355504e-139,"HAVANA","gene",NA,NA,"protein_coding","RECQL4","2","HGNC:9949","OTTHUMG00000165178.7"
"ENSG00000136383.7",737.527629891253,2.55442262658811,0.101013452492702,25.2879449573577,4.33508481274633e-141,9.57114808196668e-139,"HAVANA","gene",NA,NA,"protein_coding","ALPK3","2","HGNC:17574","OTTHUMG00000148667.2"
"ENSG00000164283.13",608.325098227087,-2.96988777526987,0.117461160200885,-25.2839983037006,4.7907728425444e-141,1.05287122424909e-138,"HAVANA","gene",NA,NA,"protein_coding","ESM1","2","HGNC:3466","OTTHUMG00000097010.6"
"ENSG00000171320.15",433.121158375286,-2.7239973474482,0.107774031354819,-25.2750807704328,6.00429195729566e-141,1.31354167887687e-138,"HAVANA","gene",NA,NA,"protein_coding","ESCO2","2","HGNC:27230","OTTHUMG00000163901.3"
"ENSG00000129173.13",357.038242266752,-3.31116206425375,0.131206967825659,-25.2361754800511,1.60641126082775e-140,3.482496086256e-138,"HAVANA","gene",NA,NA,"protein_coding","E2F8","1","HGNC:24727","OTTHUMG00000166102.5"
"ENSG00000261039.3",156.811459883672,-3.62441534949587,0.143969937969632,-25.1748066340098,7.56295281434134e-140,1.63216697898691e-137,"HAVANA","gene",NA,NA,"lncRNA","LINC02544","2","HGNC:53578","OTTHUMG00000175951.4"
"ENSG00000213791.4",4.97556553683982,3.89505834234872,0.154804943089151,25.1610721506844,1.0691770630669e-139,2.29705260500157e-137,"HAVANA","gene",NA,NA,"processed_pseudogene","AC104212.2","1",NA,"OTTHUMG00000158641.1"
"ENSG00000144908.14",467.544006520854,4.75797536048502,0.189260873612449,25.1397727891078,1.82836370534056e-139,3.91057612155652e-137,"HAVANA","gene",NA,NA,"protein_coding","ALDH1L1","1","HGNC:3978","OTTHUMG00000125551.4"
"ENSG00000151725.12",1432.28112030643,-2.36926699823974,0.094298568858527,-25.125163901419,2.64100169085968e-139,5.62357293373722e-137,"HAVANA","gene",NA,NA,"protein_coding","CENPU","2","HGNC:21348","OTTHUMG00000160499.20"
"ENSG00000138316.11",392.203145611412,-3.10607922048717,0.12393774644145,-25.061608022335,1.30464396331316e-138,2.76572974700591e-136,"HAVANA","gene",NA,NA,"protein_coding","ADAMTS14","2","HGNC:14899","OTTHUMG00000018414.2"
"ENSG00000154258.17",525.296389369286,3.58744160747819,0.1437084943612,24.9633233124094,1.53051608620286e-137,3.23026544889776e-135,"HAVANA","gene",NA,NA,"protein_coding","ABCA9","2","HGNC:39","OTTHUMG00000140371.4"
"ENSG00000170965.10",81.8046231015492,-4.77238786326381,0.191269918062024,-24.95106345848,2.07937258341407e-137,4.36941844172666e-135,"HAVANA","gene",NA,NA,"protein_coding","PLAC1","2","HGNC:9044","OTTHUMG00000022457.2"
"ENSG00000263155.6",203.567768012137,3.18691363906103,0.127730727013464,24.9502505276204,2.12204838674174e-137,4.43962175584265e-135,"HAVANA","gene",NA,NA,"protein_coding","MYZAP","2","HGNC:43444","OTTHUMG00000132453.8"
"ENSG00000182782.8",186.929480200568,3.43477128846623,0.137834504363313,24.919531610261,4.57031776075961e-137,9.52017060513013e-135,"HAVANA","gene",NA,NA,"protein_coding","HCAR2","2","HGNC:24827","OTTHUMG00000162722.2"
"ENSG00000084674.15",110.554248510088,5.49067213777793,0.220512075015795,24.8996438738543,7.50653439084174e-137,1.55016406321219e-134,"HAVANA","gene",NA,NA,"protein_coding","APOB","2","HGNC:603","OTTHUMG00000090785.4"
"ENSG00000187824.9",226.09296551027,2.28498383468963,0.0917901168668824,24.893571472443,8.73378827204296e-137,1.79586178589518e-134,"HAVANA","gene",NA,NA,"protein_coding","TMEM220","1","HGNC:33757","OTTHUMG00000178043.4"
"ENSG00000093009.11",613.769922914903,-2.93312662434549,0.117837523334416,-24.891278612683,9.2476167388762e-137,1.89339024769042e-134,"HAVANA","gene",NA,NA,"protein_coding","CDC45","1","HGNC:1739","OTTHUMG00000150386.3"
"ENSG00000158571.11",175.098106695984,3.5680352585486,0.143358970175014,24.8888175898076,9.83275741839766e-137,2.00462726772524e-134,"HAVANA","gene",NA,NA,"protein_coding","PFKFB1","2","HGNC:8872","OTTHUMG00000021643.2"
"ENSG00000274021.1",46.307267680683,2.9202137827656,0.117538005814145,24.8448470989302,2.93968873307072e-136,5.96781725429739e-134,"HAVANA","gene",NA,NA,"lncRNA","AC024909.1","2",NA,"OTTHUMG00000169953.2"
"ENSG00000166819.12",7966.6133319038,5.30556481984342,0.214028667534796,24.7890382206901,1.17699657605973e-135,2.379320926541e-133,"HAVANA","gene",NA,NA,"protein_coding","PLIN1","2","HGNC:9076","OTTHUMG00000149813.5"
"ENSG00000151468.11",1609.47127927252,2.82891592767902,0.114325412802713,24.7444190956982,3.56025235913783e-135,7.16687775320561e-133,"HAVANA","gene",NA,NA,"protein_coding","CCDC3","2","HGNC:23813","OTTHUMG00000017689.3"
"ENSG00000101115.13",208.455347535548,-2.98977540430113,0.120924902434991,-24.724232512062,5.87053902213809e-135,1.17680972615329e-132,"HAVANA","gene",NA,NA,"protein_coding","SALL4","1","HGNC:15924","OTTHUMG00000032752.6"
"ENSG00000167588.13",5027.9540887399,5.29010259908624,0.214677322085229,24.642111927342,4.47127702374755e-134,8.92578675865605e-132,"HAVANA","gene",NA,NA,"protein_coding","GPD1","2","HGNC:4455","OTTHUMG00000169813.6"
"ENSG00000146410.12",230.062770363429,-2.84160419475457,0.115326874708774,-24.6395664664481,4.76119798000807e-134,9.46510353619032e-132,"HAVANA","gene",NA,NA,"protein_coding","MTFR2","2","HGNC:21115","OTTHUMG00000015643.5"
"ENSG00000262097.2",46.6912103498314,2.78794296665969,0.11315504319664,24.6382563949431,4.91765133661089e-134,9.73573039409206e-132,"HAVANA","gene",NA,NA,"lncRNA","LINC02185","2","HGNC:53047","OTTHUMG00000177377.3"
"ENSG00000165269.13",862.253278597555,5.12471732716024,0.208438030562886,24.586287412719,1.77078910121882e-133,3.49129653660056e-131,"HAVANA","gene",NA,NA,"protein_coding","AQP7","2","HGNC:640","OTTHUMG00000019773.6"
"ENSG00000286289.1",90.1449977150623,3.10999643079662,0.12664528997123,24.5567476808898,3.66364865277399e-133,7.1936642194427e-131,"HAVANA","gene",NA,NA,"lncRNA","AL133482.1","2",NA,"OTTHUMG00000194964.1"
"ENSG00000171596.7",69.7102193205223,3.4823143575488,0.141892679839291,24.5418887111928,5.27954755479285e-133,1.03242091163316e-130,"HAVANA","gene",NA,NA,"protein_coding","NMUR1","2","HGNC:4518","OTTHUMG00000133225.3"
"ENSG00000120907.18",53.9604919173785,4.57194935489968,0.186590475427097,24.5025869859365,1.38627317361163e-132,2.6998515344607e-130,"HAVANA","gene",NA,NA,"protein_coding","ADRA1A","1","HGNC:277","OTTHUMG00000099459.3"
"ENSG00000167676.4",14520.4932702593,5.17795615815123,0.211356569143951,24.4986762376173,1.52591445204119e-132,2.9597798136556e-130,"HAVANA","gene",NA,NA,"protein_coding","PLIN4","2","HGNC:29393","OTTHUMG00000167571.2"
"ENSG00000138778.13",1164.40203961715,-2.62654486127321,0.107255096662246,-24.4887650378461,1.94596759994278e-132,3.75932692392171e-130,"HAVANA","gene",NA,NA,"protein_coding","CENPE","2","HGNC:1856","OTTHUMG00000160980.9"
"ENSG00000129195.16",427.814728469843,-3.06756888444428,0.125272437432293,-24.4871812772243,2.02305123227186e-132,3.89254556378092e-130,"HAVANA","gene",NA,NA,"protein_coding","PIMREG","1","HGNC:25483","OTTHUMG00000177832.6"
"ENSG00000135917.16",1101.7736935671,4.99914929593967,0.204189569719558,24.4828827584372,2.24797818782626e-132,4.30802539915024e-130,"HAVANA","gene",NA,NA,"protein_coding","SLC19A3","2","HGNC:16266","OTTHUMG00000133185.7"
"ENSG00000171241.9",711.371456386898,-2.62744135623698,0.107438857521322,-24.4552242722383,4.42794152519492e-132,8.45189954072065e-130,"HAVANA","gene",NA,NA,"protein_coding","SHCBP1","1","HGNC:29547","OTTHUMG00000132540.5"
"ENSG00000226009.2",8.99893201644253,3.03341595805681,0.124053401536355,24.4525012654961,4.73335297575861e-132,8.99900559796012e-130,"HAVANA","gene",NA,NA,"lncRNA","KCNIP2-AS1","2","HGNC:48680","OTTHUMG00000018936.2"
"ENSG00000287115.1",16.1057963807971,3.53897198079629,0.144799345691961,24.4405246714645,6.34652913923173e-132,1.20182692118811e-129,"HAVANA","gene",NA,NA,"lncRNA","AC009951.6","2",NA,"OTTHUMG00000193812.1"
"ENSG00000221866.9",1078.81903986544,3.35155999045071,0.137267318143405,24.4162997848424,1.14807527615291e-131,2.16552308978291e-129,"HAVANA","gene",NA,NA,"protein_coding","PLXNA4","2","HGNC:9102","OTTHUMG00000155108.3"
"ENSG00000149124.11",165.441292853921,5.91934503802532,0.242438771814973,24.4158349496297,1.1612015522394e-131,2.18169279873686e-129,"HAVANA","gene",NA,NA,"protein_coding","GLYAT","1","HGNC:13734","OTTHUMG00000167429.3"
"ENSG00000187942.12",48.581863976315,2.68313783658952,0.109935252948405,24.406528066559,1.45794409289259e-131,2.72851958947203e-129,"HAVANA","gene",NA,NA,"protein_coding","LDLRAD2","2","HGNC:32071","OTTHUMG00000002675.2"
"ENSG00000278828.1",662.299271757052,-4.3417903618816,0.177987777809666,-24.3937556573382,1.99211641199078e-131,3.71370806608866e-129,"HAVANA","gene",NA,NA,"protein_coding","H3C10","2","HGNC:4775","OTTHUMG00000014483.1"
"ENSG00000186205.13",1031.15026810087,2.69408212651878,0.110470079481561,24.3874372061844,2.32464323150187e-131,4.31680841942847e-129,"HAVANA","gene",NA,NA,"protein_coding","MTARC1","2","HGNC:26189","OTTHUMG00000037353.6"
"ENSG00000127920.6",1896.69564654327,2.16445874429203,0.0888125132691569,24.3711011502667,3.46424780958567e-131,6.40818967402508e-129,"HAVANA","gene",NA,NA,"protein_coding","GNG11","2","HGNC:4403","OTTHUMG00000023411.5"
"ENSG00000223656.1",7.45793783704629,2.97300585401086,0.12222310534331,24.3244175940387,1.08162158078058e-130,1.99309576673836e-128,"HAVANA","gene",NA,NA,"processed_pseudogene","HMGB3P10","1","HGNC:39302","OTTHUMG00000010767.1"
"ENSG00000174871.11",260.456863517168,-3.30715951031313,0.13612860438017,-24.2943760818787,2.24787217883762e-130,4.12626651678583e-128,"HAVANA","gene",NA,NA,"protein_coding","CNIH2","2","HGNC:28744","OTTHUMG00000166919.2"
"ENSG00000151726.15",10302.1159285781,2.78992763821778,0.114867009819859,24.2883282379605,2.6042442323029e-130,4.76218859426076e-128,"HAVANA","gene",NA,NA,"protein_coding","ACSL1","1","HGNC:3569","OTTHUMG00000160547.5"
"ENSG00000010319.7",2243.00989595256,2.85569699199124,0.117885321443091,24.2243644673762,1.23209120898778e-129,2.24446729363516e-127,"HAVANA","gene",NA,NA,"protein_coding","SEMA3G","2","HGNC:30400","OTTHUMG00000158570.3"
"ENSG00000258227.7",323.414801397987,-3.27337013033155,0.135155828874665,-24.2192301847897,1.39554595021711e-129,2.53259873010991e-127,"HAVANA","gene",NA,NA,"protein_coding","CLEC5A","2","HGNC:2054","OTTHUMG00000157173.2"
"ENSG00000231246.2",149.307885711078,3.8944986413912,0.160955478967097,24.1961234645969,2.44390459948651e-129,4.41839507024146e-127,"HAVANA","gene",NA,NA,"lncRNA","LINC02884","2","HGNC:54808","OTTHUMG00000012183.5"
"ENSG00000101412.13",1308.40015822926,-2.64436494181895,0.109649182582699,-24.1165951221253,1.67432177763398e-128,3.00437289761963e-126,"HAVANA","gene",NA,NA,"protein_coding","E2F1","2","HGNC:3113","OTTHUMG00000032265.3"
"ENSG00000163808.17",703.345834559106,-2.54952019675456,0.105862187402152,-24.0833885953005,3.73242576380028e-128,6.64760291240414e-126,"HAVANA","gene",NA,NA,"protein_coding","KIF15","2","HGNC:17273","OTTHUMG00000156307.8"
"ENSG00000112742.10",928.349596974653,-2.88408254167687,0.119759748697987,-24.0822360854315,3.8376558807871e-128,6.80970715735223e-126,"HAVANA","gene",NA,NA,"protein_coding","TTK","1","HGNC:12401","OTTHUMG00000015088.5"
"ENSG00000197769.6",62.1469781432541,3.74658212551549,0.155620434549717,24.0751295699443,4.5552089061915e-128,8.05313869725589e-126,"HAVANA","gene",NA,NA,"protein_coding","MAP1LC3C","2","HGNC:13353","OTTHUMG00000039865.2"
"ENSG00000104888.10",77.7155993797712,2.9954730805305,0.124607777802151,24.039214352146,1.08241284670619e-127,1.90655880462109e-125,"HAVANA","gene",NA,NA,"protein_coding","SLC17A7","1","HGNC:16704","OTTHUMG00000183166.4"
"ENSG00000112964.14",1874.65819770709,3.12852889677377,0.130374072192757,23.9965573227496,3.02071717046404e-127,5.30119266069348e-125,"HAVANA","gene",NA,NA,"protein_coding","GHR","2","HGNC:4263","OTTHUMG00000094791.3"
"ENSG00000133466.14",2359.92255852005,-2.21947138626392,0.0926288062712893,-23.960919670751,7.11013555183784e-127,1.24323574557865e-124,"HAVANA","gene",NA,NA,"protein_coding","C1QTNF6","2","HGNC:14343","OTTHUMG00000150538.2"
"ENSG00000162849.16",2040.37843827237,-2.83286855037251,0.118238544968535,-23.9589260095037,7.45863333981554e-127,1.29942953931114e-124,"HAVANA","gene",NA,NA,"protein_coding","KIF26B","2","HGNC:25484","OTTHUMG00000040079.4"
"ENSG00000153303.17",57.8814677748513,4.21487031226031,0.176132852326511,23.9300633390464,1.49046834430193e-126,2.57791835290633e-124,"HAVANA","gene",NA,NA,"protein_coding","FRMD1","2","HGNC:21240","OTTHUMG00000016037.9"
"ENSG00000132840.10",446.34179139752,3.15723996854821,0.131979319757953,23.9222324705002,1.79818725048886e-126,3.09896227233531e-124,"HAVANA","gene",NA,NA,"protein_coding","BHMT2","1","HGNC:1048","OTTHUMG00000108158.5"
"ENSG00000163513.19",8239.3037688634,2.20881720831649,0.0924007683315238,23.9047493673591,2.73351865979001e-126,4.67724567823355e-124,"HAVANA","gene",NA,NA,"protein_coding","TGFBR2","2","HGNC:11773","OTTHUMG00000130569.8"
"ENSG00000101938.15",2796.24199546651,4.43688001273168,0.185636514387768,23.9009013251761,2.99735182591529e-126,5.09230943190077e-124,"HAVANA","gene",NA,NA,"protein_coding","CHRDL1","2","HGNC:29861","OTTHUMG00000022199.4"
"ENSG00000051341.14",488.921438379512,-2.63239313613791,0.110194207172264,-23.8886707721646,4.0168005170459e-126,6.80017359617206e-124,"HAVANA","gene",NA,NA,"protein_coding","POLQ","2","HGNC:9186","OTTHUMG00000159396.2"
"ENSG00000065328.17",806.537025219808,-3.159876889537,0.132330484369493,-23.8786769699564,5.10178964671663e-126,8.60657542162654e-124,"HAVANA","gene",NA,NA,"protein_coding","MCM10","2","HGNC:18043","OTTHUMG00000017694.3"
"ENSG00000177363.5",238.44260321888,3.34834338125788,0.140238435419786,23.8760748523401,5.4294168234204e-126,9.12713543894987e-124,"HAVANA","gene",NA,NA,"protein_coding","LRRN4CL","2","HGNC:33724","OTTHUMG00000167581.2"
"ENSG00000180914.10",1997.50243264077,4.07416189263153,0.170876111429875,23.842782110029,1.2031979268924e-125,2.01556687683269e-123,"HAVANA","gene",NA,NA,"protein_coding","OXTR","2","HGNC:8529","OTTHUMG00000090537.3"
"ENSG00000178531.6",1436.05277272553,-2.87365295931568,0.120634640567033,-23.8211258872933,2.01778139501606e-125,3.36835911620973e-123,"HAVANA","gene",NA,NA,"protein_coding","CTXN1","2","HGNC:31108","OTTHUMG00000182480.3"
"ENSG00000278023.7",57.6137735667233,-3.07047052592436,0.129057813822632,-23.7914345127852,4.09629380280839e-125,6.81435541988021e-123,"HAVANA","gene",NA,NA,"protein_coding","RDM1","2","HGNC:19950","OTTHUMG00000188399.3"
"ENSG00000147113.17",1505.87461433142,2.04915104030619,0.086142556229834,23.7879061173773,4.45563583470714e-125,7.38648833359236e-123,"HAVANA","gene",NA,NA,"protein_coding","DIPK2B","2","HGNC:25866","OTTHUMG00000021403.3"
"ENSG00000108106.14",1337.47136002323,-2.52965656495379,0.106484865942,-23.7560196237805,9.52110543931089e-125,1.56754694707005e-122,"HAVANA","gene",NA,NA,"protein_coding","UBE2S","1","HGNC:17895","OTTHUMG00000180811.5"
"ENSG00000163431.13",1603.44626147128,2.62643857118912,0.110614624875916,23.7440444618908,1.26597020635221e-124,2.0771449515868e-122,"HAVANA","gene",NA,NA,"protein_coding","LMOD1","2","HGNC:6647","OTTHUMG00000035802.3"
"ENSG00000253177.2",22.0853259120523,3.28817183732956,0.138491912399787,23.7426993414428,1.3071287502874e-124,2.13735626028223e-122,"HAVANA","gene",NA,NA,"lncRNA","AC104211.1","1",NA,"OTTHUMG00000164158.5"
"ENSG00000138207.14",1776.51699011274,4.92415304244847,0.207502991617785,23.7305159027231,1.7463674936521e-124,2.84586621159428e-122,"HAVANA","gene",NA,NA,"protein_coding","RBP4","2","HGNC:9922","OTTHUMG00000018773.3"
"ENSG00000129596.5",516.176345271203,3.64127371194257,0.153681485230495,23.6936395199546,4.19336391988172e-124,6.74174716112527e-122,"HAVANA","gene",NA,NA,"protein_coding","CDO1","2","HGNC:1795","OTTHUMG00000128891.4"
"ENSG00000101441.4",172.80718702015,-7.6610448748437,0.323710101099315,-23.6663757134143,8.00653173789178e-124,1.28291951693109e-121,"HAVANA","gene",NA,NA,"protein_coding","CST4","2","HGNC:2476","OTTHUMG00000032083.2"
"ENSG00000007314.12",249.138497038421,3.59915186404794,0.152099158878728,23.6631937387479,8.63386624742474e-124,1.37882843971373e-121,"HAVANA","gene",NA,NA,"protein_coding","SCN4A","2","HGNC:10591","OTTHUMG00000179046.2"
"ENSG00000168079.17",816.181798335852,5.08721910029302,0.215235313529534,23.6356154427928,1.65943899293952e-123,2.64131967281503e-121,"HAVANA","gene",NA,NA,"protein_coding","SCARA5","2","HGNC:28701","OTTHUMG00000132172.4"
"ENSG00000286322.1",23.7885592740469,5.2696289435895,0.223245605777123,23.60462561064,3.45482052056482e-123,5.44475168224542e-121,"HAVANA","gene",NA,NA,"lncRNA","AL356218.2","2",NA,"OTTHUMG00000000392.7"
"ENSG00000108001.15",326.012954286875,2.71246920877848,0.114951941520124,23.5965497660048,4.18165105618099e-123,6.56861974103708e-121,"HAVANA","gene",NA,NA,"protein_coding","EBF3","2","HGNC:19087","OTTHUMG00000019265.4"
"ENSG00000131386.19",1166.6246271572,3.20743798227405,0.135991883027516,23.585510479512,5.42816194029283e-123,8.49879864573299e-121,"HAVANA","gene",NA,NA,"protein_coding","GALNT15","1","HGNC:21531","OTTHUMG00000156893.5"
"ENSG00000203711.14",75.7195855924789,-2.65830485637498,0.112803112902006,-23.5658820752961,8.6294733022072e-123,1.34670379774836e-120,"HAVANA","gene",NA,NA,"lncRNA","C6orf99","2","HGNC:21179","OTTHUMG00000015921.20"
"ENSG00000203499.12",3257.88846563655,-2.20164559736346,0.0934312710927592,-23.5643331361473,8.95086240269004e-123,1.39232408348338e-120,"HAVANA","gene",NA,NA,"protein_coding","IQANK1","2","HGNC:49576","OTTHUMG00000165153.2"
"ENSG00000163884.4",230.617076156324,3.39162807472331,0.144005350546928,23.5520976258314,1.19474060898202e-122,1.85242791509154e-120,"HAVANA","gene",NA,NA,"protein_coding","KLF15","1","HGNC:14536","OTTHUMG00000162689.2"
"ENSG00000034971.17",165.698739670865,6.85379252115965,0.291132153554179,23.5418604145494,1.52107557556975e-122,2.35079776856602e-120,"HAVANA","gene",NA,NA,"protein_coding","MYOC","2","HGNC:7610","OTTHUMG00000034789.4"
"ENSG00000115414.21",274832.570782735,-2.87184413675042,0.122208665508381,-23.49951310575,4.12575677444101e-122,6.35578800847166e-120,"HAVANA","gene",NA,NA,"protein_coding","FN1","2","HGNC:3778","OTTHUMG00000133054.7"
"ENSG00000069011.16",1902.34999259881,-3.82164088132771,0.162654721192057,-23.4954193356322,4.54313037702577e-122,6.97632616549053e-120,"HAVANA","gene",NA,NA,"protein_coding","PITX1","2","HGNC:9004","OTTHUMG00000149983.7"
"ENSG00000188536.13",308.614636762801,4.46339978153498,0.19014523252267,23.4736349805816,7.58472103463159e-122,1.15727383684458e-119,"HAVANA","gene",NA,NA,"protein_coding","HBA2","2","HGNC:4824","OTTHUMG00000059924.3"
"ENSG00000183722.9",2707.69268691733,2.03856608151186,0.0868941500479849,23.4603374379762,1.03683064033199e-121,1.57697003105732e-119,"HAVANA","gene",NA,NA,"protein_coding","LHFPL6","2","HGNC:6586","OTTHUMG00000016767.4"
"ENSG00000114698.15",1529.7148378138,2.11027890904129,0.0899610449106068,23.4576967301597,1.10321558025589e-121,1.67262843196391e-119,"HAVANA","gene",NA,NA,"protein_coding","PLSCR4","2","HGNC:16497","OTTHUMG00000159415.15"
"ENSG00000234456.8",833.348267878242,2.21884572502136,0.0946828175537496,23.4345130652852,1.90176242871638e-121,2.87424094510416e-119,"HAVANA","gene",NA,NA,"lncRNA","MAGI2-AS3","2","HGNC:40862","OTTHUMG00000155465.14"
"ENSG00000157150.5",718.069810059761,4.57658497513145,0.195496154092497,23.4101023438348,3.37223225020145e-121,5.08061783355822e-119,"HAVANA","gene",NA,NA,"protein_coding","TIMP4","2","HGNC:11823","OTTHUMG00000129763.2"
"ENSG00000164932.13",5352.73359869684,-2.4278122807879,0.103713943485583,-23.4087355971125,3.48207309658931e-121,5.22965899867065e-119,"HAVANA","gene",NA,NA,"protein_coding","CTHRC1","1","HGNC:18831","OTTHUMG00000164887.2"
"ENSG00000127955.17",1140.35095662436,2.46477733004234,0.105387805623799,23.3876900221342,5.70277484885217e-121,8.53812321901585e-119,"HAVANA","gene",NA,NA,"protein_coding","GNAI1","2","HGNC:4384","OTTHUMG00000023523.17"
"ENSG00000004799.8",5883.19950991833,3.59725815870062,0.153873907275754,23.37796071074,7.16255127540257e-121,1.06570755156689e-118,"HAVANA","gene",NA,NA,"protein_coding","PDK4","2","HGNC:8812","OTTHUMG00000153977.3"
"ENSG00000126218.12",150.99507960781,2.7152961672265,0.116323078738503,23.3427123548764,1.63427294074841e-120,2.40916974126942e-118,"HAVANA","gene",NA,NA,"protein_coding","F10","1","HGNC:3528","OTTHUMG00000017374.8"
"ENSG00000265972.6",42594.3437052175,2.04688532810546,0.0877036930563498,23.338644665628,1.79735167279826e-120,2.64144535717069e-118,"HAVANA","gene",NA,NA,"protein_coding","TXNIP","2","HGNC:16952","OTTHUMG00000013755.7"
"ENSG00000071539.14",1179.27199137121,-2.57966739108946,0.110542827405606,-23.3363615861218,1.89589900783819e-120,2.77775295001614e-118,"HAVANA","gene",NA,NA,"protein_coding","TRIP13","1","HGNC:12307","OTTHUMG00000090349.28"
"ENSG00000123689.6",1913.75256224543,4.07649770088702,0.174768602510356,23.3251147078633,2.46593591169401e-120,3.60192041247744e-118,"HAVANA","gene",NA,NA,"protein_coding","G0S2","2","HGNC:30229","OTTHUMG00000036479.2"
"ENSG00000256663.1",50.3672667215046,-3.1921929332217,0.137011227435159,-23.2987689620723,4.56248726334466e-120,6.62390196323766e-118,"HAVANA","gene",NA,NA,"processed_pseudogene","AC112777.1","1",NA,"OTTHUMG00000168964.1"
"ENSG00000162004.18",437.107930040464,-3.53654721204076,0.151812715688531,-23.2954610949492,4.92868962141875e-120,7.1339431952318e-118,"HAVANA","gene",NA,NA,"protein_coding","CCDC78","2","HGNC:14153","OTTHUMG00000121176.7"
"ENSG00000174697.5",2288.90753810332,6.15820798012144,0.26451970385676,23.2807155396491,6.95248963549817e-120,1.00028161692708e-117,"HAVANA","gene",NA,NA,"protein_coding","LEP","2","HGNC:6553","OTTHUMG00000157564.2"
"ENSG00000227591.5",50.1136368615009,4.37984879311461,0.188199335619535,23.2723924274044,8.44174849528248e-120,1.21091068984726e-117,"HAVANA","gene",NA,NA,"lncRNA","HSD11B1-AS1","2","HGNC:54053","OTTHUMG00000036478.1"
"ENSG00000106823.12",1957.3063157442,2.61302757264316,0.11231098986805,23.2660007334377,9.79814142944086e-120,1.4012804653269e-117,"HAVANA","gene",NA,NA,"protein_coding","ECM2","2","HGNC:3154","OTTHUMG00000020226.2"
"ENSG00000135218.19",13111.3977214895,4.1746246122853,0.179506651534593,23.2560998525496,1.23409338094597e-119,1.75968493693813e-117,"HAVANA","gene",NA,NA,"protein_coding","CD36","1","HGNC:1663","OTTHUMG00000155383.23"
"ENSG00000170369.4",148.788363419983,-4.76955421023398,0.205149467647137,-23.2491668876165,1.45040576206754e-119,2.05588580061111e-117,"HAVANA","gene",NA,NA,"protein_coding","CST2","2","HGNC:2474","OTTHUMG00000032086.3"
"ENSG00000240654.6",13.1527839602218,3.58509620043773,0.154240395389875,23.2435620472552,1.65264285519369e-119,2.33563773428701e-117,"HAVANA","gene",NA,NA,"protein_coding","C1QTNF9","2","HGNC:28732","OTTHUMG00000016576.2"
"ENSG00000085999.13",298.779968753305,-2.64987017369897,0.114079627724518,-23.2282505347751,2.36034819057187e-119,3.31625459854248e-117,"HAVANA","gene",NA,NA,"protein_coding","RAD54L","1","HGNC:9826","OTTHUMG00000007772.10"
"ENSG00000166250.12",2447.03688937491,2.40458316844503,0.103663717744653,23.1959958677929,4.99727568564216e-119,7.00056953506187e-117,"HAVANA","gene",NA,NA,"protein_coding","CLMP","1","HGNC:24039","OTTHUMG00000166031.3"
"ENSG00000131016.17",3039.35264259358,2.70556677414338,0.116640841875087,23.1957068437558,5.03095322416361e-119,7.02720026150667e-117,"HAVANA","gene",NA,NA,"protein_coding","AKAP12","2","HGNC:370","OTTHUMG00000015833.3"
"ENSG00000130173.13",28.5777573180389,4.17186483404109,0.180005290637847,23.1763456466092,7.8880634284724e-119,1.09859627575033e-116,"HAVANA","gene",NA,NA,"protein_coding","ANGPTL8","2","HGNC:24933","OTTHUMG00000180829.1"
"ENSG00000161649.13",615.792583062878,5.01508094014395,0.216706417405078,23.1422816185897,1.73868746217667e-118,2.40059124820992e-116,"HAVANA","gene",NA,NA,"protein_coding","CD300LG","2","HGNC:30455","OTTHUMG00000181796.2"
"ENSG00000189057.11",1436.39577289505,-2.81617990501346,0.121887321185359,-23.1047813474445,4.14492595020725e-118,5.70641960558705e-116,"HAVANA","gene",NA,NA,"protein_coding","FAM111B","2","HGNC:24200","OTTHUMG00000167279.5"
"ENSG00000277494.2",402.671354292307,3.52098761308394,0.15240999233062,23.1020785398763,4.41251844258653e-118,6.05741428608369e-116,"HAVANA","gene",NA,NA,"protein_coding","GPIHBP1","2","HGNC:24945","OTTHUMG00000164950.4"
"ENSG00000259916.1",20.849970766286,5.28705323796484,0.229090556551783,23.0784425056375,7.62343932174699e-118,1.04353993687114e-115,"HAVANA","gene",NA,NA,"protein_coding","AL845331.1","2",NA,"OTTHUMG00000175552.2"
"ENSG00000141338.14",1038.17513992686,3.89545908913616,0.168901128712135,23.0635468148668,1.07567048481559e-117,1.46824424294915e-115,"HAVANA","gene",NA,NA,"protein_coding","ABCA8","2","HGNC:38","OTTHUMG00000180192.5"
"ENSG00000121621.7",501.36266604074,-2.43820174506408,0.105970013970493,-23.0084120376072,3.83976917100119e-117,5.21142609016055e-115,"HAVANA","gene",NA,NA,"protein_coding","KIF18A","2","HGNC:29441","OTTHUMG00000166195.4"
"ENSG00000092445.12",906.386312455835,2.16579455111932,0.0941940719741691,22.9928965350733,5.49012489277969e-117,7.43027919810946e-115,"HAVANA","gene",NA,NA,"protein_coding","TYRO3","2","HGNC:12446","OTTHUMG00000130341.7"
"ENSG00000169252.6",245.750716299859,2.81558463904666,0.122461404213842,22.9916083122002,5.65548555281666e-117,7.63251585451962e-115,"HAVANA","gene",NA,NA,"protein_coding","ADRB2","2","HGNC:286","OTTHUMG00000129933.1"
"ENSG00000165891.16",317.843549096745,-2.89979337618294,0.126239315390489,-22.9706044207636,9.17267693124236e-117,1.23444649375231e-114,"HAVANA","gene",NA,NA,"protein_coding","E2F7","2","HGNC:23820","OTTHUMG00000169969.3"
"ENSG00000143196.5",1251.61581247495,3.4396183356338,0.149760896186887,22.9673995229134,9.87475478761491e-117,1.32520868872445e-114,"HAVANA","gene",NA,NA,"protein_coding","DPT","2","HGNC:3011","OTTHUMG00000034554.3"
"ENSG00000198826.11",899.372642122418,-2.26337938210145,0.0985801585733033,-22.9597863795119,1.17650925696853e-116,1.57448487433973e-114,"HAVANA","gene",NA,NA,"protein_coding","ARHGAP11A","1","HGNC:15783","OTTHUMG00000129289.4"
"ENSG00000186466.5",20.3887965258377,5.00333899027248,0.218045370636376,22.946320647258,1.60354359672462e-116,2.12813777615171e-114,"HAVANA","gene",NA,NA,"unprocessed_pseudogene","AQP7P1","2","HGNC:32048","OTTHUMG00000013312.3"
"ENSG00000136158.12",1016.85603874275,2.41949423170146,0.105446315483888,22.9452704971104,1.64272763642548e-116,2.17411826135759e-114,"HAVANA","gene",NA,NA,"protein_coding","SPRY2","2","HGNC:11270","OTTHUMG00000017140.3"
"ENSG00000106034.18",1101.06308342229,2.90738383912074,0.126871322126585,22.9160048968349,3.21783375951166e-116,4.24700868920671e-114,"HAVANA","gene",NA,NA,"protein_coding","CPED1","1","HGNC:26159","OTTHUMG00000156982.6"
"ENSG00000147434.9",49.1759685398191,-3.96062201112748,0.172965437285552,-22.8983435840353,4.82614127823685e-116,6.35220957803097e-114,"HAVANA","gene",NA,NA,"protein_coding","CHRNA6","1","HGNC:15963","OTTHUMG00000165275.2"
"ENSG00000136826.15",2486.0892086129,2.57767937933829,0.112626668818351,22.8869361615912,6.26945652455347e-116,8.2293058107221e-114,"HAVANA","gene",NA,NA,"protein_coding","KLF4","2","HGNC:6348","OTTHUMG00000020449.4"
"ENSG00000182492.16",43119.1457187684,-2.32874731197593,0.101793618891104,-22.8771443371824,7.84732649130212e-116,1.02722790218111e-113,"HAVANA","gene",NA,NA,"protein_coding","BGN","2","HGNC:1044","OTTHUMG00000024205.5"
"ENSG00000103647.13",286.298054153281,2.36061785416826,0.103256259474867,22.861740936324,1.11686536910431e-115,1.45801143961274e-113,"HAVANA","gene",NA,NA,"protein_coding","CORO2B","2","HGNC:2256","OTTHUMG00000133288.6"
"ENSG00000124507.11",263.450425816085,-2.7040333315906,0.118281277159295,-22.861042732477,1.13487024240007e-115,1.47749003568987e-113,"HAVANA","gene",NA,NA,"protein_coding","PACSIN1","2","HGNC:8570","OTTHUMG00000014547.5"
"ENSG00000177234.7",24.0237880984551,-4.86719027300159,0.213239690322167,-22.8249734636556,2.59094307912161e-115,3.36401308728229e-113,"HAVANA","gene",NA,NA,"lncRNA","LINC01561","2","HGNC:31365","OTTHUMG00000019167.4"
"ENSG00000029993.15",4625.88961955458,-2.43670275716213,0.106770527776473,-22.8218667445705,2.78170344370164e-115,3.60193005372285e-113,"HAVANA","gene",NA,NA,"protein_coding","HMGB3","2","HGNC:5004","OTTHUMG00000024162.3"
"ENSG00000164109.14",1413.43443611513,-2.19666724913819,0.0962838097474603,-22.814502821396,3.29174014070015e-115,4.25086981511979e-113,"HAVANA","gene",NA,NA,"protein_coding","MAD2L1","2","HGNC:6763","OTTHUMG00000132967.4"
"ENSG00000167964.13",585.148677348843,-3.1214849917652,0.137004374086487,-22.7838345496523,6.63240488529398e-115,8.54189564662459e-113,"HAVANA","gene",NA,NA,"protein_coding","RAB26","1","HGNC:14259","OTTHUMG00000128829.4"
"ENSG00000163710.9",1021.60950166175,4.58409507252818,0.201358631111703,22.7658235816331,1.00036696600462e-114,1.28492175177698e-112,"HAVANA","gene",NA,NA,"protein_coding","PCOLCE2","1","HGNC:8739","OTTHUMG00000159312.4"
"ENSG00000134548.11",285.228463182775,5.17780823888333,0.227543374370761,22.7552582148429,1.2729063916534e-114,1.62626520597638e-112,"HAVANA","gene",NA,NA,"protein_coding","SPX","2","HGNC:28139","OTTHUMG00000169134.5"
"ENSG00000168874.13",295.245649738744,3.33260087947419,0.146534056148216,22.7428419513846,1.68928385708854e-114,2.15248908492319e-112,"HAVANA","gene",NA,NA,"protein_coding","ATOH8","1","HGNC:24126","OTTHUMG00000130178.3"
"ENSG00000196747.4",130.142734251584,-4.87746387528455,0.214633946185331,-22.7245687924546,2.56131809779553e-114,3.25498010783512e-112,"HAVANA","gene",NA,NA,"protein_coding","H2AC13","2","HGNC:4725","OTTHUMG00000014484.1"
"ENSG00000159433.12",678.740704839062,2.13579970882533,0.0940182797941535,22.7168558444328,3.05293629188895e-114,3.86947560170369e-112,"HAVANA","gene",NA,NA,"protein_coding","STARD9","2","HGNC:19162","OTTHUMG00000175799.3"
"ENSG00000184661.14",561.475174452733,-2.95885437401909,0.130298274265914,-22.7083159058625,3.70781402269757e-114,4.68710738330978e-112,"HAVANA","gene",NA,NA,"protein_coding","CDCA2","1","HGNC:14623","OTTHUMG00000099429.7"
"ENSG00000236333.4",247.07688795251,5.5290723168488,0.243921376734699,22.6674364947624,9.39055496346328e-114,1.18395128499875e-111,"HAVANA","gene",NA,NA,"lncRNA","TRHDE-AS1","1","HGNC:27471","OTTHUMG00000150370.4"
"ENSG00000133401.16",2114.74147885896,2.62837779114473,0.115961599473728,22.665932542093,9.71683655985266e-114,1.22187306977045e-111,"HAVANA","gene",NA,NA,"protein_coding","PDZD2","2","HGNC:18486","OTTHUMG00000161981.7"
"ENSG00000154263.17",228.286229648293,3.34074091465691,0.147454808848557,22.6560323175896,1.21659871685554e-113,1.52584409750128e-111,"HAVANA","gene",NA,NA,"protein_coding","ABCA10","2","HGNC:30","OTTHUMG00000164716.6"
"ENSG00000279026.1",51.8890164429616,2.22803514136728,0.0985891164346017,22.5991998096994,4.41295761259981e-113,5.4915532264846e-111,"HAVANA","gene",NA,NA,"TEC","AC005225.4","2",NA,"OTTHUMG00000172970.1"
"ENSG00000182481.10",9016.11084987359,-2.16029286760842,0.0956569082684819,-22.5837621841707,6.25877597813726e-113,7.76834085783824e-111,"HAVANA","gene",NA,NA,"protein_coding","KPNA2","2","HGNC:6395","OTTHUMG00000179784.3"
"ENSG00000262179.3",46.4410415833329,3.4691561439121,0.153702231028951,22.5706297214298,8.42377638214174e-113,1.04285045599073e-110,"HAVANA","gene",NA,NA,"protein_coding","MYMX","2","HGNC:52391","OTTHUMG00000177883.4"
"ENSG00000151790.9",284.320800511553,-3.797020718017,0.168355205118227,-22.5536282964971,1.23715215008189e-112,1.52370075862271e-110,"HAVANA","gene",NA,NA,"protein_coding","TDO2","2","HGNC:11708","OTTHUMG00000161838.6"
"ENSG00000154920.15",206.926950694579,-2.58719687724035,0.114736558150409,-22.549019414098,1.37293675421394e-112,1.68659999729205e-110,"HAVANA","gene",NA,NA,"protein_coding","EME1","1","HGNC:24965","OTTHUMG00000164974.3"
"ENSG00000189159.16",6736.75831120552,-2.21550622364238,0.0983484796575802,-22.5271019069752,2.25218046300281e-112,2.75260117302206e-110,"HAVANA","gene",NA,NA,"protein_coding","JPT1","2","HGNC:14569","OTTHUMG00000154521.4"
"ENSG00000113594.10",3044.32120137523,2.52754042263559,0.112232828852223,22.5205089142287,2.61349837337395e-112,3.18607397120473e-110,"HAVANA","gene",NA,NA,"protein_coding","LIFR","2","HGNC:6597","OTTHUMG00000131138.4"
"ENSG00000131650.14",165.633470341413,-3.90812492150334,0.173662126603211,-22.5041867098216,3.7767469336107e-112,4.59248592866214e-110,"HAVANA","gene",NA,NA,"protein_coding","KREMEN2","2","HGNC:18797","OTTHUMG00000128976.3"
"ENSG00000169291.10",564.747796410866,2.12579580662285,0.0945182925282571,22.4908401300979,5.10243982038928e-112,6.1888073872114e-110,"HAVANA","gene",NA,NA,"protein_coding","SHE","1","HGNC:27004","OTTHUMG00000036072.4"
"ENSG00000184347.15",3560.71359149172,2.48061207491908,0.110884964870882,22.371040815205,7.53579871285494e-111,9.00349417288978e-109,"HAVANA","gene",NA,NA,"protein_coding","SLIT3","2","HGNC:11087","OTTHUMG00000130409.4"
"ENSG00000110799.14",13454.0820319518,2.08835244964901,0.0933646986500729,22.3676880003231,8.12393348146685e-111,9.68203117156907e-109,"HAVANA","gene",NA,NA,"protein_coding","VWF","2","HGNC:12726","OTTHUMG00000168265.4"
"ENSG00000151914.20",16468.2119161853,2.33288254827987,0.104410703732711,22.3433275026285,1.40200874594427e-110,1.65852442020222e-108,"HAVANA","gene",NA,NA,"protein_coding","DST","1","HGNC:1090","OTTHUMG00000014913.26"
"ENSG00000130176.8",2192.62288147669,3.15540788535342,0.141261811090571,22.3373030615493,1.6044203468126e-110,1.89329504472393e-108,"HAVANA","gene",NA,NA,"protein_coding","CNN1","1","HGNC:2155","OTTHUMG00000182033.3"
"ENSG00000165072.10",465.438401695692,3.05980577496248,0.137206532890978,22.3007294951017,3.63526031074875e-110,4.26875787960717e-108,"HAVANA","gene",NA,NA,"protein_coding","MAMDC2","2","HGNC:23673","OTTHUMG00000019990.2"
"ENSG00000186469.8",1152.56492752957,2.0611469892864,0.0924256780671219,22.3005882390123,3.64675282096465e-110,4.27178307218622e-108,"HAVANA","gene",NA,NA,"protein_coding","GNG2","2","HGNC:4404","OTTHUMG00000171083.3"
"ENSG00000147251.15",1587.65663264455,2.31542443088158,0.103877216016692,22.2900123787444,4.61864595312273e-110,5.39705677107585e-108,"HAVANA","gene",NA,NA,"protein_coding","DOCK11","2","HGNC:23483","OTTHUMG00000022256.4"
"ENSG00000168917.9",228.448616923696,2.03247659808765,0.0913208377911434,22.2564383688207,9.77085937374204e-110,1.13072916085986e-107,"HAVANA","gene",NA,NA,"protein_coding","SLC35G2","2","HGNC:28480","OTTHUMG00000159787.2"
"ENSG00000094804.12",1725.70266003511,-3.01060430429853,0.135353797082184,-22.2424813281785,1.33373160805142e-109,1.53973689980105e-107,"HAVANA","gene",NA,NA,"protein_coding","CDC6","2","HGNC:1744","OTTHUMG00000133324.7"
"ENSG00000254862.5",8.78783373481167,3.02583329227168,0.136212042933653,22.2141392721459,2.50740081230263e-109,2.88080510593331e-107,"HAVANA","gene",NA,NA,"lncRNA","LGR4-AS1","2","HGNC:40629","OTTHUMG00000166124.1"
"ENSG00000270977.2",61.6177687449074,-3.59133143500005,0.162027383198568,-22.1649659712074,7.48265277611154e-109,8.55594020294759e-107,"HAVANA","gene",NA,NA,"transcribed_processed_pseudogene","AC015849.5","2",NA,"OTTHUMG00000188397.2"
"ENSG00000165478.7",54.7808055560415,5.23642493054505,0.236401847351751,22.150524580096,1.03111431462991e-108,1.17620682890283e-106,"HAVANA","gene",NA,NA,"protein_coding","HEPACAM","2","HGNC:26361","OTTHUMG00000165938.2"
"ENSG00000130876.11",169.274798005538,4.71834515436634,0.213333386989787,22.1172373482835,2.15742100538794e-108,2.4493374494819e-106,"HAVANA","gene",NA,NA,"protein_coding","SLC7A10","2","HGNC:11058","OTTHUMG00000180344.3"
"ENSG00000188626.6",7.34783091645815,2.92649638083822,0.132331376034163,22.1149093173694,2.27164734260341e-108,2.57292255754443e-106,"HAVANA","gene",NA,NA,"protein_coding","GOLGA8M","2","HGNC:44404","OTTHUMG00000176338.2"
"ENSG00000153902.14",229.417946309876,2.39205106619754,0.108320183080664,22.0831519867007,4.58936979266073e-108,5.17356957097354e-106,"HAVANA","gene",NA,NA,"protein_coding","LGI4","2","HGNC:18712","OTTHUMG00000044558.5"
"ENSG00000160606.11",683.307960230469,-2.45910938448138,0.111374469358443,-22.0796507372536,4.95904472330072e-108,5.5771791712051e-106,"HAVANA","gene",NA,NA,"protein_coding","TLCD1","2","HGNC:25177","OTTHUMG00000132683.5"
"ENSG00000176092.16",184.442951567915,-3.24709265324651,0.147066222871008,-22.0791191196535,5.01771622775514e-108,5.62994811409248e-106,"HAVANA","gene",NA,NA,"protein_coding","CRYBG2","1","HGNC:17295","OTTHUMG00000003490.10"
"ENSG00000163993.7",3171.07897678201,-4.77117446863423,0.21611347665641,-22.0771723376591,5.23854637657883e-108,5.86398964724046e-106,"HAVANA","gene",NA,NA,"protein_coding","S100P","2","HGNC:10504","OTTHUMG00000090491.5"
"ENSG00000187758.8",16.7975390648437,4.82908465635365,0.218819633544098,22.0687905291664,6.30557235099868e-108,7.02558072875225e-106,"HAVANA","gene",NA,NA,"protein_coding","ADH1A","2","HGNC:249","OTTHUMG00000131026.4"
"ENSG00000188322.8",2332.73241525058,-2.28048219782306,0.103500304177886,-22.0335796685544,1.37283800308196e-107,1.52251547980687e-105,"HAVANA","gene",NA,NA,"protein_coding","SBK1","1","HGNC:17699","OTTHUMG00000166066.5"
"ENSG00000112293.15",182.59882808879,2.69287893126214,0.122240217409705,22.029402338484,1.50546493293629e-107,1.66574653434128e-105,"HAVANA","gene",NA,NA,"protein_coding","GPLD1","2","HGNC:4459","OTTHUMG00000016104.3"
"ENSG00000135144.7",470.910578456716,2.46057059354463,0.111829603164159,22.0028554508295,2.70408162496008e-107,2.97138877641829e-105,"HAVANA","gene",NA,NA,"protein_coding","DTX1","2","HGNC:3060","OTTHUMG00000169610.2"
"ENSG00000157782.9",42.321076670352,2.23485372641854,0.101583546900124,22.0001544995846,2.86999301733966e-107,3.14648433548611e-105,"HAVANA","gene",NA,NA,"protein_coding","CABP1","2","HGNC:1384","OTTHUMG00000156794.2"
"ENSG00000203740.4",22.1364094843059,-5.69989792957969,0.25913768279294,-21.9956351702585,3.17062881091798e-107,3.46814671988768e-105,"HAVANA","gene",NA,NA,"protein_coding","METTL11B","2","HGNC:31932","OTTHUMG00000035959.2"
"ENSG00000149380.12",549.659778420214,-2.46146071265667,0.111989185358241,-21.9794501119258,4.52914272958825e-107,4.94285257800849e-105,"HAVANA","gene",NA,NA,"protein_coding","P4HA3","1","HGNC:30135","OTTHUMG00000165254.5"
"ENSG00000154721.15",1179.1239212178,2.06142914998891,0.0938370032742936,21.9681903519785,5.80351016777648e-107,6.31923118495844e-105,"HAVANA","gene",NA,NA,"protein_coding","JAM2","2","HGNC:14686","OTTHUMG00000078441.4"
"ENSG00000163827.13",63.3807900945068,2.86515703034357,0.130454124889239,21.9629469959359,6.51348056036087e-107,7.07620983326279e-105,"HAVANA","gene",NA,NA,"protein_coding","LRRC2","1","HGNC:14676","OTTHUMG00000133479.3"
"ENSG00000189129.14",499.052882315478,3.08906760798976,0.141000564352166,21.9081932202373,2.17022316784449e-106,2.35238443374275e-104,"HAVANA","gene",NA,NA,"protein_coding","PLAC9","2","HGNC:19255","OTTHUMG00000018596.3"
"ENSG00000101049.17",127.751826832357,3.15809473310988,0.144171558345759,21.9051161640078,2.32188160980611e-106,2.51109137530047e-104,"HAVANA","gene",NA,NA,"protein_coding","SGK2","2","HGNC:13900","OTTHUMG00000033054.10"
"ENSG00000198947.16",1621.47163026671,2.99643541968082,0.136871632647169,21.8923042103626,3.07567932551474e-106,3.31136621315531e-104,"HAVANA","gene",NA,NA,"protein_coding","DMD","1","HGNC:2928","OTTHUMG00000021336.7"
"ENSG00000101955.15",1371.07736203875,2.50429735190011,0.114395864007405,21.8915025786071,3.13024572281212e-106,3.36255768116432e-104,"HAVANA","gene",NA,NA,"protein_coding","SRPX","2","HGNC:11309","OTTHUMG00000021362.2"
"ENSG00000135046.14",11985.4341888599,2.33236585875937,0.106637680250882,21.8718735560649,4.81396466627773e-106,5.14814837413763e-104,"HAVANA","gene",NA,NA,"protein_coding","ANXA1","2","HGNC:533","OTTHUMG00000020016.3"
"ENSG00000131187.10",342.719312245471,-2.87988271132506,0.131711036464434,-21.8651586733411,5.57711326649162e-106,5.95099101553705e-104,"HAVANA","gene",NA,NA,"protein_coding","F12","2","HGNC:3530","OTTHUMG00000163403.1"
"ENSG00000124657.1",30.7677923546203,-4.61687286943334,0.211316858250432,-21.8481048206853,8.10262522539119e-106,8.60746728488896e-104,"HAVANA","gene",NA,NA,"protein_coding","OR2B6","2","HGNC:8241","OTTHUMG00000014497.2"
"ENSG00000104147.9",58.3659661443832,-2.17334290274403,0.0995795137826962,-21.8252009895,1.33748441460371e-105,1.41454477491531e-103,"HAVANA","gene",NA,NA,"protein_coding","OIP5","2","HGNC:20300","OTTHUMG00000130251.5"
"ENSG00000118729.12",198.174975929552,3.43074229205861,0.157393802784816,21.797187890231,2.46716249716761e-105,2.58647166825602e-103,"HAVANA","gene",NA,NA,"protein_coding","CASQ2","2","HGNC:1513","OTTHUMG00000011970.1"
"ENSG00000223808.1",497.709301717898,-6.70524593057872,0.308084813609756,-21.7642857887572,5.05918306568023e-105,5.29225896674104e-103,"HAVANA","gene",NA,NA,"lncRNA","AC044784.1","2",NA,"OTTHUMG00000017651.1"
"ENSG00000092607.15",539.253344814702,2.27631141262126,0.104635443778229,21.754687803932,6.2369513375743e-105,6.51007273601709e-103,"HAVANA","gene",NA,NA,"protein_coding","TBX15","2","HGNC:11594","OTTHUMG00000012263.4"
"ENSG00000111247.15",714.273090424308,-2.29363106676447,0.105540805905058,-21.7321731352683,1.01865555060172e-104,1.05635903526685e-102,"HAVANA","gene",NA,NA,"protein_coding","RAD51AP1","1","HGNC:16956","OTTHUMG00000168125.5"
"ENSG00000062282.15",2999.66284436777,3.29755978712857,0.151891522781041,21.7099659464352,1.65180008629921e-104,1.70188692762571e-102,"HAVANA","gene",NA,NA,"protein_coding","DGAT2","1","HGNC:16940","OTTHUMG00000165338.4"
"ENSG00000102384.13",362.180181297699,-2.22739208540607,0.102669320928744,-21.6948165747776,2.29639008886521e-104,2.36094526089124e-102,"HAVANA","gene",NA,NA,"protein_coding","CENPI","2","HGNC:3968","OTTHUMG00000022018.2"
"ENSG00000165152.9",187.720043387699,2.22967611875442,0.102833885135121,21.6823094432802,3.01371734813819e-104,3.09180295822914e-102,"HAVANA","gene",NA,NA,"protein_coding","PGAP4","2","HGNC:28180","OTTHUMG00000020381.2"
"ENSG00000158373.8",2455.82570546533,-2.69937503875828,0.124546502377851,-21.6736318340668,3.63891617912123e-104,3.72522380644654e-102,"HAVANA","gene",NA,NA,"protein_coding","H2BC5","2","HGNC:4747","OTTHUMG00000014426.1"
"ENSG00000196549.12",2926.94539425648,3.27764975931195,0.151327159064841,21.6593622689205,4.96053302407046e-104,5.06735900177432e-102,"HAVANA","gene",NA,NA,"protein_coding","MME","1","HGNC:7154","OTTHUMG00000158455.6"
"ENSG00000133317.16",478.331871961123,4.56239915044926,0.210686567592311,21.654912330613,5.46350611664837e-104,5.56928889465156e-102,"HAVANA","gene",NA,NA,"protein_coding","LGALS12","2","HGNC:15788","OTTHUMG00000167807.3"
"ENSG00000213904.9",61.7070197462071,2.12496684916287,0.098237808690735,21.6308453688389,9.20803408706402e-104,9.32678463237288e-102,"HAVANA","gene",NA,NA,"lncRNA","LIPE-AS1","2","HGNC:48589","OTTHUMG00000182815.4"
"ENSG00000145681.11",264.475188242729,-4.95269908073292,0.229000729078559,-21.627438046426,9.91382948561157e-104,1.00204972712162e-101,"HAVANA","gene",NA,NA,"protein_coding","HAPLN1","2","HGNC:2380","OTTHUMG00000119045.6"
"ENSG00000125869.10",781.74791792612,-2.96019422102505,0.13689068666052,-21.6245114495344,1.05629856022876e-103,1.06317781555798e-101,"HAVANA","gene",NA,NA,"protein_coding","LAMP5","2","HGNC:16097","OTTHUMG00000031851.4"
"ENSG00000105048.17",1758.21673111521,-4.57136079449648,0.211470065949347,-21.6170585372185,1.2414151002479e-103,1.24688044974585e-101,"HAVANA","gene",NA,NA,"protein_coding","TNNT1","2","HGNC:11948","OTTHUMG00000180542.8"
"ENSG00000144485.11",533.547093119193,-2.88347848184839,0.133659954418727,-21.5732415470912,3.20434219447918e-103,3.19168470971928e-101,"HAVANA","gene",NA,NA,"protein_coding","HES6","2","HGNC:18254","OTTHUMG00000133340.5"
"ENSG00000123473.16",1028.70701838855,-2.11447567224725,0.098057232246442,-21.5636891211966,3.93920527904874e-103,3.90739803145393e-101,"HAVANA","gene",NA,NA,"protein_coding","STIL","1","HGNC:10879","OTTHUMG00000007851.4"
"ENSG00000177098.9",727.786066795528,2.56367676200355,0.118920632998248,21.5578802211834,4.46599356417056e-103,4.42077999296305e-101,"HAVANA","gene",NA,NA,"protein_coding","SCN4B","2","HGNC:10592","OTTHUMG00000166994.1"
"ENSG00000160949.17",1371.73124590941,-2.11852014394076,0.0983290976187024,-21.5452007111455,5.8728528083478e-103,5.80140985665862e-101,"HAVANA","gene",NA,NA,"protein_coding","TONSL","2","HGNC:7801","OTTHUMG00000153122.4"
"ENSG00000170323.9",12195.3253016328,4.87660509203765,0.226715425052079,21.5098072436731,1.26026941248781e-102,1.23982561709017e-100,"HAVANA","gene",NA,NA,"protein_coding","FABP4","2","HGNC:3559","OTTHUMG00000164602.3"
"ENSG00000091651.9",451.168974096769,-2.56159686833211,0.119106452198757,-21.5067850737211,1.34509837914185e-102,1.32056687181733e-100,"HAVANA","gene",NA,NA,"protein_coding","ORC6","2","HGNC:17151","OTTHUMG00000132539.5"
"ENSG00000018625.15",875.246462125163,4.52600172346461,0.210453607260706,21.5059355949071,1.36995197183463e-102,1.34221674786497e-100,"HAVANA","gene",NA,NA,"protein_coding","ATP1A2","2","HGNC:800","OTTHUMG00000024080.4"
"ENSG00000115718.18",50.2088908945992,-2.53639416446561,0.118121489412498,-21.4727580652844,2.79903975602408e-102,2.73120152161128e-100,"HAVANA","gene",NA,NA,"protein_coding","PROC","2","HGNC:9451","OTTHUMG00000131528.5"
"ENSG00000009950.16",333.790293745171,3.53866430099044,0.164831313031625,21.4683984244638,3.07431651116921e-102,2.99370943191295e-100,"HAVANA","gene",NA,NA,"protein_coding","MLXIPL","1","HGNC:12744","OTTHUMG00000129995.8"
"ENSG00000136960.13",2843.7239925095,2.71214268352961,0.126376621390878,21.4607943595917,3.62064985097904e-102,3.51856661988653e-100,"HAVANA","gene",NA,NA,"protein_coding","ENPP2","1","HGNC:3357","OTTHUMG00000164995.2"
"ENSG00000104549.12",5986.79360849255,-2.32200813831027,0.108204711858738,-21.4593994884592,3.73091053593534e-102,3.61106916720529e-100,"HAVANA","gene",NA,NA,"protein_coding","SQLE","2","HGNC:11279","OTTHUMG00000164990.3"
"ENSG00000103888.17",1193.51426671705,-3.17345536069479,0.147999756073217,-21.4423012908538,5.38822950840744e-102,5.19308082710545e-100,"HAVANA","gene",NA,NA,"protein_coding","CEMIP","2","HGNC:29213","OTTHUMG00000144184.5"
"ENSG00000187800.13",559.085138851478,2.03815055111166,0.0951182310947863,21.4275489320299,7.39732047036168e-102,7.1023171089184e-100,"HAVANA","gene",NA,NA,"protein_coding","PEAR1","2","HGNC:33631","OTTHUMG00000041293.4"
"ENSG00000069431.11",926.610571135314,2.33870301085587,0.109283112994283,21.4004062180972,1.32449104007409e-101,1.26407103047708e-99,"HAVANA","gene",NA,NA,"protein_coding","ABCC9","2","HGNC:60","OTTHUMG00000169094.4"
"ENSG00000176058.13",2319.05879783035,-2.01835763849507,0.0944070154685501,-21.3793183533849,2.08147422593545e-101,1.97863948739221e-99,"HAVANA","gene",NA,NA,"protein_coding","TPRN","2","HGNC:26894","OTTHUMG00000020984.5"
"ENSG00000154553.16",2150.73242693794,2.52544588252658,0.118145618050103,21.3757050342366,2.24900629059202e-101,2.13366121549037e-99,"HAVANA","gene",NA,NA,"protein_coding","PDLIM3","2","HGNC:20767","OTTHUMG00000160412.8"
"ENSG00000106327.13",205.37324794703,-3.22251453969571,0.150939513615194,-21.3497079890638,3.92382670014426e-101,3.71522800798244e-99,"HAVANA","gene",NA,NA,"protein_coding","TFR2","2","HGNC:11762","OTTHUMG00000159598.6"
"ENSG00000179603.18",43.028516999756,-2.98779503256052,0.140097266624866,-21.3265762033804,6.43489841355763e-101,6.05689554014825e-99,"HAVANA","gene",NA,NA,"protein_coding","GRM8","2","HGNC:4600","OTTHUMG00000022888.12"
"ENSG00000005249.13",4586.57983557994,2.48801543156634,0.116703576373538,21.3191018551381,7.5493342914057e-101,7.09193344904406e-99,"HAVANA","gene",NA,NA,"protein_coding","PRKAR2B","2","HGNC:9392","OTTHUMG00000137418.2"
"ENSG00000186458.5",118.321715410429,4.89716515585115,0.229846889123327,21.3062059466183,9.94338859972369e-101,9.32265651296991e-99,"HAVANA","gene",NA,NA,"protein_coding","DEFB132","2","HGNC:33806","OTTHUMG00000043061.2"
"ENSG00000187288.12",2148.77401403961,5.29165795344647,0.248432685562565,21.3001680574508,1.13114596603098e-100,1.05846100063563e-98,"HAVANA","gene",NA,NA,"protein_coding","CIDEC","2","HGNC:24229","OTTHUMG00000128522.4"
"ENSG00000245848.3",618.679378194134,2.21683400264709,0.104107977531441,21.2936035759373,1.30127057631005e-100,1.21528018150126e-98,"HAVANA","gene",NA,NA,"protein_coding","CEBPA","2","HGNC:1833","OTTHUMG00000161461.2"
"ENSG00000135604.10",426.746428640083,2.1497921134621,0.100963326516486,21.2928019275501,1.32372310310472e-100,1.23384384960598e-98,"HAVANA","gene",NA,NA,"protein_coding","STX11","2","HGNC:11429","OTTHUMG00000015739.2"
"ENSG00000127561.15",175.087254154958,-3.18538143511282,0.150009866701056,-21.2344794723453,4.58746166898748e-100,4.25116612304043e-98,"HAVANA","gene",NA,NA,"protein_coding","SYNGR3","2","HGNC:11501","OTTHUMG00000128711.5"
"ENSG00000127588.5",40.577336642593,-5.89868352551935,0.277816271513655,-21.2323183713501,4.80336017362401e-100,4.44264451579781e-98,"HAVANA","gene",NA,NA,"protein_coding","GNG13","2","HGNC:14131","OTTHUMG00000047839.4"
"ENSG00000137960.6",154.760486837657,2.64917251659588,0.124998211088968,21.19368344168,1.09210463678348e-99,1.00620640669801e-97,"HAVANA","gene",NA,NA,"protein_coding","GIPC2","2","HGNC:18177","OTTHUMG00000041145.2"
"ENSG00000181234.9",422.40761485756,4.71776175325943,0.222824608668292,21.1725346740428,1.71103307085041e-99,1.57342791601618e-97,"HAVANA","gene",NA,NA,"protein_coding","TMEM132C","2","HGNC:25436","OTTHUMG00000163736.4"
"ENSG00000144642.22",1115.2110989959,2.13724365463249,0.101003428476848,21.1601099770825,2.22702558148543e-99,2.04399991588059e-97,"HAVANA","gene",NA,NA,"protein_coding","RBMS3","2","HGNC:13427","OTTHUMG00000155699.10"
"ENSG00000134201.12",519.454250958764,3.79584714666884,0.179396307312265,21.1590037918765,2.27988570264249e-99,2.08851479949525e-97,"HAVANA","gene",NA,NA,"protein_coding","GSTM5","2","HGNC:4637","OTTHUMG00000011644.5"
"ENSG00000169248.13",830.100453461625,-3.75293505312575,0.177425501295509,-21.1521738742341,2.63514354321113e-99,2.4093459380772e-97,"HAVANA","gene",NA,NA,"protein_coding","CXCL11","1","HGNC:10638","OTTHUMG00000130101.5"
"ENSG00000053438.11",204.073828211376,3.51145669051957,0.166112439026642,21.1390351685606,3.48121762946956e-99,3.1648033515728e-97,"HAVANA","gene",NA,NA,"protein_coding","NNAT","2","HGNC:7860","OTTHUMG00000032420.5"
"ENSG00000007968.7",615.946962633877,-2.59374422446491,0.122805596513826,-21.1207330780962,5.12928108743048e-99,4.65423971399232e-97,"HAVANA","gene",NA,NA,"protein_coding","E2F2","2","HGNC:3114","OTTHUMG00000003223.2"
"ENSG00000261468.1",48.20584512104,2.27201050266955,0.10757793921408,21.1196693231709,5.24608650951983e-99,4.75122882175983e-97,"HAVANA","gene",NA,NA,"lncRNA","AC096921.2","2",NA,"OTTHUMG00000175700.1"
"ENSG00000198848.13",1494.44652471538,3.78519589746005,0.179310056164757,21.1097803348076,6.46725600336207e-99,5.84615537964296e-97,"HAVANA","gene",NA,NA,"protein_coding","CES1","1","HGNC:1863","OTTHUMG00000176718.4"
"ENSG00000277954.1",48.117446801303,2.07467832931149,0.0983276984857224,21.099632771459,8.0156184067246e-99,7.23217095793174e-97,"HAVANA","gene",NA,NA,"lncRNA","AC092376.2","2",NA,"OTTHUMG00000176937.2"
"ENSG00000111275.13",6212.64716036204,2.27788108453482,0.108020554918653,21.0874780846128,1.03641337303138e-98,9.33356479359651e-97,"HAVANA","gene",NA,NA,"protein_coding","ALDH2","2","HGNC:404","OTTHUMG00000169603.5"
"ENSG00000070031.4",37.3059537020425,-3.63152474903141,0.172222463366724,-21.0862432114828,1.06381762521707e-98,9.56238319402436e-97,"HAVANA","gene",NA,NA,"protein_coding","SCT","2","HGNC:10607","OTTHUMG00000133313.5"
"ENSG00000167513.9",988.110897770262,-2.49952401481963,0.1185625084407,-21.0819090089494,1.16585098594863e-98,1.04599102503369e-96,"HAVANA","gene",NA,NA,"protein_coding","CDT1","2","HGNC:24576","OTTHUMG00000173467.3"
"ENSG00000167434.10",159.691864419056,5.3018930484287,0.251535332217931,21.0781244991663,1.2628960571878e-98,1.13094112336201e-96,"HAVANA","gene",NA,NA,"protein_coding","CA4","2","HGNC:1375","OTTHUMG00000179987.4"
"ENSG00000151651.16",1321.76285503357,-2.28937187506297,0.108636124377881,-21.0737624171827,1.38479010999826e-98,1.23778533899285e-96,"HAVANA","gene",NA,NA,"protein_coding","ADAM8","1","HGNC:215","OTTHUMG00000019309.7"
"ENSG00000146966.13",377.310651309965,2.18148223715816,0.103554534552435,21.0660232947458,1.63064678105471e-98,1.45482844097451e-96,"HAVANA","gene",NA,NA,"protein_coding","DENND2A","2","HGNC:22212","OTTHUMG00000157411.3"
"ENSG00000246022.3",17.2659327254176,5.08480427034053,0.241387946142786,21.064864056355,1.67104869495543e-98,1.48810302928094e-96,"HAVANA","gene",NA,NA,"lncRNA","ALDH1L1-AS2","1","HGNC:42446","OTTHUMG00000162642.3"
"ENSG00000158106.14",2715.85278500132,-2.30067949293331,0.109225152256119,-21.063641893934,1.7147256395213e-98,1.52416522058378e-96,"HAVANA","gene",NA,NA,"protein_coding","RHPN1","2","HGNC:19973","OTTHUMG00000165006.3"
"ENSG00000274641.2",36.8712209575716,-4.60742867782545,0.219064124164812,-21.0323287548402,3.31949493723619e-98,2.94512967487011e-96,"HAVANA","gene",NA,NA,"protein_coding","H2BC17","2","HGNC:4758","OTTHUMG00000014493.2"
"ENSG00000246430.7",54.7436177088616,3.80850901931904,0.181193302223538,21.0190386321261,4.39240021013644e-98,3.88265487209662e-96,"HAVANA","gene",NA,NA,"lncRNA","LINC00968","2","HGNC:48727","OTTHUMG00000164412.4"
"ENSG00000135119.15",403.462288796192,-2.1198444647146,0.100873377405068,-21.0149052133164,4.79197938860717e-98,4.22028920051782e-96,"HAVANA","gene",NA,NA,"protein_coding","RNFT2","2","HGNC:25905","OTTHUMG00000150882.4"
"ENSG00000159263.16",286.852422445942,-4.79050774388837,0.228112656102399,-21.0006223492393,6.47320554026131e-98,5.69048215475081e-96,"HAVANA","gene",NA,NA,"protein_coding","SIM2","2","HGNC:10883","OTTHUMG00000086637.4"
"ENSG00000248668.3",17.8882154670066,2.42885421274255,0.115709607658214,20.9909467493568,7.93494966821468e-98,6.93728902562345e-96,"HAVANA","gene",NA,NA,"lncRNA","OXCT1-AS1","2","HGNC:40423","OTTHUMG00000162087.3"
"ENSG00000154262.13",562.964687746268,2.66606117457259,0.127091814653699,20.9774420314723,1.05413256875206e-97,9.1991787557215e-96,"HAVANA","gene",NA,NA,"protein_coding","ABCA6","2","HGNC:36","OTTHUMG00000180258.2"
"ENSG00000117122.14",1616.04188984841,-2.35618602275058,0.112357589099348,-20.9704216834628,1.22176402044633e-97,1.06426753126516e-95,"HAVANA","gene",NA,NA,"protein_coding","MFAP2","2","HGNC:7033","OTTHUMG00000002290.2"
"ENSG00000128564.7",68.5713333075693,-4.81988862589647,0.229855995554486,-20.9691664307879,1.25442551865069e-97,1.09073550995562e-95,"HAVANA","gene",NA,NA,"protein_coding","VGF","2","HGNC:12684","OTTHUMG00000157109.3"
"ENSG00000254211.6",38.5451786205656,3.88152110170791,0.18515612616359,20.9635035152901,1.41294641128099e-97,1.2263453363129e-95,"HAVANA","gene",NA,NA,"lncRNA","LINC01485","1","HGNC:51138","OTTHUMG00000163337.7"
"ENSG00000156509.14",67.7627108114223,-2.40167160443504,0.114666098197916,-20.9449143398052,2.08773925025009e-97,1.8054799184022e-95,"HAVANA","gene",NA,NA,"protein_coding","FBXO43","2","HGNC:28521","OTTHUMG00000164803.3"
"ENSG00000068489.13",1349.57169770967,-2.6233849211128,0.125346985800738,-20.9289828898092,2.91653195672759e-97,2.51314831019458e-95,"HAVANA","gene",NA,NA,"protein_coding","PRR11","1","HGNC:25619","OTTHUMG00000179362.3"
"ENSG00000187608.10",7044.87555041916,-3.54106571489956,0.169219775173592,-20.925838669074,3.11536147548494e-97,2.67965831760293e-95,"HAVANA","gene",NA,NA,"protein_coding","ISG15","2","HGNC:4053","OTTHUMG00000040777.4"
"ENSG00000187151.7",18.2136320286941,4.11440984446204,0.196620158704568,20.9256765510202,3.12597221751403e-97,2.68396646847844e-95,"HAVANA","gene",NA,NA,"protein_coding","ANGPTL5","2","HGNC:19705","OTTHUMG00000167318.2"
"ENSG00000099822.3",95.7964472940007,-3.66054067220479,0.174968171009915,-20.9211804128498,3.43505825424051e-97,2.9388150171547e-95,"HAVANA","gene",NA,NA,"protein_coding","HCN2","2","HGNC:4846","OTTHUMG00000180590.2"
"ENSG00000127423.11",245.728534697025,-2.23035472282351,0.106667412494476,-20.9094293249029,4.39457476969984e-97,3.74633589352881e-95,"HAVANA","gene",NA,NA,"protein_coding","AUNIP","2","HGNC:28363","OTTHUMG00000007372.2"
"ENSG00000124253.11",607.149633550988,5.24452348115277,0.250878815410765,20.9046087552904,4.86167992920469e-97,4.12984193986164e-95,"HAVANA","gene",NA,NA,"protein_coding","PCK1","2","HGNC:8724","OTTHUMG00000032825.4"
"ENSG00000158186.13",2854.90014384945,2.2150158297502,0.106102987414098,20.8760929709308,8.8325840818055e-97,7.4632998828801e-95,"HAVANA","gene",NA,NA,"protein_coding","MRAS","1","HGNC:7227","OTTHUMG00000159888.4"
"ENSG00000263586.1",14.313069494565,2.21751950742777,0.106246875026922,20.8713856936109,9.74671775688538e-97,8.22121915021793e-95,"HAVANA","gene",NA,NA,"lncRNA","HID1-AS1","2","HGNC:51181","OTTHUMG00000179217.1"
"ENSG00000230798.5",138.396737026687,-4.43467813140456,0.212503424884466,-20.868737215956,1.0301925365988e-96,8.67425736879591e-95,"HAVANA","gene",NA,NA,"lncRNA","FOXD3-AS1","2","HGNC:40241","OTTHUMG00000009138.1"
"ENSG00000119771.15",399.271376581355,2.47811880293866,0.11886094900007,20.8488895956669,1.56000764092543e-96,1.31122747503048e-94,"HAVANA","gene",NA,NA,"protein_coding","KLHL29","2","HGNC:29404","OTTHUMG00000151899.4"
"ENSG00000132031.13",1187.99608895922,-2.88084983183132,0.138274130241593,-20.8343370288997,2.11421747465674e-96,1.77084194424483e-94,"HAVANA","gene",NA,NA,"protein_coding","MATN3","2","HGNC:6909","OTTHUMG00000151788.2"
"ENSG00000196132.14",219.751157685187,-4.89860041590848,0.235370709989262,-20.8122770081799,3.35047423982583e-96,2.80141746649311e-94,"HAVANA","gene",NA,NA,"protein_coding","MYT1","2","HGNC:7622","OTTHUMG00000149988.8"
"ENSG00000117407.17",266.978287302391,-3.21526285697686,0.154497499857843,-20.8110995966621,3.43378151952661e-96,2.86607095122857e-94,"HAVANA","gene",NA,NA,"protein_coding","ARTN","2","HGNC:727","OTTHUMG00000007705.4"
"ENSG00000133392.18",6272.55316339347,3.23656814877669,0.15559622617831,20.8010710045606,4.23252051346445e-96,3.52660970087099e-94,"HAVANA","gene",NA,NA,"protein_coding","MYH11","1","HGNC:7569","OTTHUMG00000129935.9"
"ENSG00000196666.6",32.5726762549634,4.02318240910455,0.193490900096273,20.7926181908441,5.0480100885562e-96,4.19151062985663e-94,"HAVANA","gene",NA,NA,"protein_coding","FAM180B","2","HGNC:34451","OTTHUMG00000167871.2"
"ENSG00000165092.13",2004.15745409515,2.54461888662175,0.122446321381768,20.7815053805336,6.36318446637064e-96,5.25620978937616e-94,"HAVANA","gene",NA,NA,"protein_coding","ALDH1A1","2","HGNC:402","OTTHUMG00000020019.3"
"ENSG00000254847.1",6.4377355276171,2.35295880060015,0.113328310576466,20.7623213355195,9.48714382038784e-96,7.78303185675995e-94,"HAVANA","gene",NA,NA,"lncRNA","AC009806.1","2",NA,"OTTHUMG00000165780.1"
"ENSG00000254109.6",45.6891533501709,2.10916918139641,0.101728221693334,20.7333731612319,1.7321330651895e-95,1.4161517944237e-93,"HAVANA","gene",NA,NA,"lncRNA","RBPMS-AS1","2","HGNC:48721","OTTHUMG00000163930.2"
"ENSG00000135346.9",561.196705924686,-8.13619398716004,0.392772079187591,-20.7147972533815,2.54776001974922e-95,2.0723800092731e-93,"HAVANA","gene",NA,NA,"protein_coding","CGA","2","HGNC:1885","OTTHUMG00000015161.4"
"ENSG00000172458.4",104.034271202364,2.03352156130654,0.0982422709612473,20.6990488046503,3.53273902802237e-95,2.86384986180291e-93,"HAVANA","gene",NA,NA,"protein_coding","IL17D","2","HGNC:5984","OTTHUMG00000016521.3"
"ENSG00000169245.6",3098.31360688845,-3.60927975801875,0.174679969790844,-20.6622417117451,7.57641011530333e-95,6.13151703757065e-93,"HAVANA","gene",NA,NA,"protein_coding","CXCL10","2","HGNC:10637","OTTHUMG00000160887.3"
"ENSG00000249001.5",28.3428211692584,-5.13829871204279,0.248750927978825,-20.6564001742345,8.55061433115011e-95,6.8966318620438e-93,"HAVANA","gene",NA,NA,"lncRNA","AC093895.1","2",NA,"OTTHUMG00000161060.1"
"ENSG00000241684.6",74.2977642917377,3.12092558336956,0.15129109787198,20.6286134958874,1.51944415739783e-94,1.22141895270017e-92,"HAVANA","gene",NA,NA,"lncRNA","ADAMTS9-AS2","2","HGNC:42435","OTTHUMG00000158725.3"
"ENSG00000175877.4",25.4760563108791,-4.35497122897299,0.211345209844562,-20.6059613661267,2.42653336157244e-94,1.94406711292535e-92,"HAVANA","gene",NA,NA,"protein_coding","TMEM270","2","HGNC:23018","OTTHUMG00000157243.2"
"ENSG00000183145.9",191.092721761232,-3.1737628500398,0.154153028289685,-20.5883911931698,3.48758197205354e-94,2.78948334359074e-92,"HAVANA","gene",NA,NA,"protein_coding","RIPPLY3","2","HGNC:3047","OTTHUMG00000086639.2"
"ENSG00000117148.8",154.68250336258,-7.00571262368619,0.340566652912513,-20.5707533716927,5.01804556351923e-94,4.00024231195019e-92,"HAVANA","gene",NA,NA,"protein_coding","ACTL8","2","HGNC:24018","OTTHUMG00000002512.2"
"ENSG00000099812.9",2376.98763864059,-3.24177022130715,0.157728919942677,-20.5527954067351,7.26564761604787e-94,5.78234513762215e-92,"HAVANA","gene",NA,NA,"protein_coding","MISP","2","HGNC:27000","OTTHUMG00000181786.7"
"ENSG00000197472.15",103.567765619652,-3.29447151795743,0.160360980899085,-20.5440968213499,8.69128836888985e-94,6.90546643040651e-92,"HAVANA","gene",NA,NA,"protein_coding","ZNF695","2","HGNC:30954","OTTHUMG00000040707.7"
"ENSG00000116194.13",339.448710072419,3.05187730911754,0.148683756272319,20.5259631961943,1.26236828700676e-93,9.99670489760227e-92,"HAVANA","gene",NA,NA,"protein_coding","ANGPTL1","2","HGNC:489","OTTHUMG00000035075.5"
"ENSG00000112782.19",552.122922570489,2.48227431589434,0.120935270174915,20.5256441094819,1.27068297754019e-93,1.00459441343153e-91,"HAVANA","gene",NA,NA,"protein_coding","CLIC5","2","HGNC:13517","OTTHUMG00000014775.11"
"ENSG00000145362.20",1133.30962880433,2.34857991369799,0.114520929504693,20.5078663250087,1.83154416625117e-93,1.44087489335129e-91,"HAVANA","gene",NA,NA,"protein_coding","ANK2","1","HGNC:493","OTTHUMG00000132912.13"
"ENSG00000196550.10",78.1801627229961,-2.62134191842469,0.127873130004728,-20.4995523166419,2.17283118364832e-93,1.7065629837474e-91,"HAVANA","gene",NA,NA,"protein_coding","FAM72A","2","HGNC:24044","OTTHUMG00000042552.3"
"ENSG00000170989.10",1793.20128205638,2.03012803651936,0.0992071515912851,20.4635250983025,4.5524911959953e-93,3.56388649019828e-91,"HAVANA","gene",NA,NA,"protein_coding","S1PR1","2","HGNC:3165","OTTHUMG00000010835.3"
"ENSG00000153823.19",459.995213384341,2.47927564917923,0.121389591028962,20.4241206199279,1.02079937230313e-92,7.96522767541413e-91,"HAVANA","gene",NA,NA,"protein_coding","PID1","2","HGNC:26084","OTTHUMG00000133191.5"
"ENSG00000224940.9",101.974121724628,3.63360824295624,0.178225752801205,20.3876722967707,2.1514120972519e-92,1.67310466421534e-90,"HAVANA","gene",NA,NA,"protein_coding","PRRT4","2","HGNC:37280","OTTHUMG00000157714.4"
"ENSG00000282840.1",6.50463331615933,2.69611792416268,0.132243038658151,20.3875981036111,2.15467663915856e-92,1.67310466421534e-90,"HAVANA","gene",NA,NA,"lncRNA","AC004554.1","2",NA,"OTTHUMG00000191601.1"
"ENSG00000179546.4",70.3359802547001,-3.64692912376322,0.179027733848634,-20.3707495222314,3.03989705070023e-92,2.35665805338266e-90,"HAVANA","gene",NA,NA,"protein_coding","HTR1D","2","HGNC:5289","OTTHUMG00000003235.1"
"ENSG00000204136.11",543.775999974018,2.05013718457029,0.100663573430308,20.3662269747423,3.33396432565953e-92,2.58045607176653e-90,"HAVANA","gene",NA,NA,"protein_coding","GGTA1","2","HGNC:4253",NA
"ENSG00000135094.11",662.430808568866,-2.24767640249969,0.110410007071951,-20.3575424194562,3.98055188731621e-92,3.07098616620482e-90,"HAVANA","gene",NA,NA,"protein_coding","SDS","2","HGNC:10691","OTTHUMG00000169554.3"
"ENSG00000270513.1",3.66814556438712,3.37883796496373,0.166043344771509,20.3491321474723,4.72566749283707e-92,3.63997957527048e-90,"HAVANA","gene",NA,NA,"processed_pseudogene","AC113368.1","1",NA,"OTTHUMG00000184559.1"
"ENSG00000101542.10",25.770236486656,3.27440760561628,0.160940584154804,20.3454437723846,5.09488785231255e-92,3.91807507230007e-90,"HAVANA","gene",NA,NA,"protein_coding","CDH20","2","HGNC:1760","OTTHUMG00000132768.4"
"ENSG00000074416.14",6528.10217068921,2.23154697071072,0.109715156903036,20.3394593208567,5.75615001339275e-92,4.41950556316741e-90,"HAVANA","gene",NA,NA,"protein_coding","MGLL","1","HGNC:17038","OTTHUMG00000159641.6"
"ENSG00000196616.14",9459.17602952707,5.11703567794436,0.251643497658885,20.3344641349754,6.37319046599742e-92,4.88543288361498e-90,"HAVANA","gene",NA,NA,"protein_coding","ADH1B","2","HGNC:250","OTTHUMG00000161413.4"
"ENSG00000127241.18",79.5215954865196,3.74342262094593,0.184190421741339,20.3236551909462,7.94358771896474e-92,6.07950938683068e-90,"HAVANA","gene",NA,NA,"protein_coding","MASP1","1","HGNC:6901","OTTHUMG00000156461.4"
"ENSG00000221818.9",307.924429671178,2.26870099581557,0.111656478142398,20.3185792133103,8.80890512962518e-92,6.73101506794804e-90,"HAVANA","gene",NA,NA,"protein_coding","EBF2","2","HGNC:19090","OTTHUMG00000163838.3"
"ENSG00000102010.15",110.21315617134,2.70483377929949,0.133190353844103,20.308030583547,1.09195798964175e-91,8.31728255703278e-90,"HAVANA","gene",NA,NA,"protein_coding","BMX","2","HGNC:1079","OTTHUMG00000021180.2"
"ENSG00000131153.9",1191.6862402291,-2.15060883031558,0.105957557017846,-20.2968895361882,1.36986089374275e-91,1.04174659395579e-89,"HAVANA","gene",NA,NA,"protein_coding","GINS2","1","HGNC:24575","OTTHUMG00000137646.4"
"ENSG00000105609.17",303.595112373425,2.79923717412817,0.137932441070825,20.2942625563396,1.44506467979952e-91,1.09719570220594e-89,"HAVANA","gene",NA,NA,"protein_coding","LILRB5","2","HGNC:6609","OTTHUMG00000066636.7"
"ENSG00000158966.16",1121.00107210921,2.09626766836568,0.103316983976816,20.2896715300563,1.58651565297965e-91,1.20078933545427e-89,"HAVANA","gene",NA,NA,"protein_coding","CACHD1","2","HGNC:29314","OTTHUMG00000009030.7"
"ENSG00000139734.19",630.514838075691,-2.29918251374158,0.113319150617128,-20.289443586723,1.59388789465445e-91,1.20446638853146e-89,"HAVANA","gene",NA,NA,"protein_coding","DIAPH3","2","HGNC:15480","OTTHUMG00000017004.7"
"ENSG00000080293.10",11.9413079182275,3.07294788336813,0.151566370912899,20.2746022409817,2.15527213498944e-91,1.62102178944025e-89,"HAVANA","gene",NA,NA,"protein_coding","SCTR","2","HGNC:10608","OTTHUMG00000131407.4"
"ENSG00000198932.13",510.590141528804,2.04092191491626,0.100670453762506,20.2732960728581,2.2132506089459e-91,1.66201938361439e-89,"HAVANA","gene",NA,NA,"protein_coding","GPRASP1","2","HGNC:24834","OTTHUMG00000022061.6"
"ENSG00000274290.3",144.766810639272,-3.0970492176283,0.152774620674786,-20.2720137935805,2.27168183015637e-91,1.7032281139717e-89,"HAVANA","gene",NA,NA,"protein_coding","H2BC6","2","HGNC:4753","OTTHUMG00000014427.2"
"ENSG00000232021.7",24.1730895760063,-2.41924237693877,0.11934613437438,-20.2708063367163,2.32810954186365e-91,1.74280825235449e-89,"HAVANA","gene",NA,NA,"lncRNA","LEF1-AS1","2","HGNC:40339","OTTHUMG00000161028.4"
"ENSG00000155970.12",143.093257284727,2.21714268901537,0.109544034684094,20.2397391643391,4.37478347813678e-91,3.25965593215448e-89,"HAVANA","gene",NA,NA,"protein_coding","MICU3","2","HGNC:27820","OTTHUMG00000096965.4"
"ENSG00000189367.15",4.19051531304931,4.28502063832887,0.211786471803008,20.2327400888691,5.04216823885612e-91,3.74527566393173e-89,"HAVANA","gene",NA,NA,"protein_coding","KIAA0408","1","HGNC:21636","OTTHUMG00000166439.4"
"ENSG00000109794.13",236.778951582822,2.13225794894421,0.105404359435682,20.2293146162073,5.40489771710453e-91,4.00229752127478e-89,"HAVANA","gene",NA,NA,"protein_coding","FAM149A","1","HGNC:24527","OTTHUMG00000160565.11"
"ENSG00000213085.10",283.945625786613,-2.64856191031431,0.131002334911263,-20.2176694950389,6.8440768315274e-91,5.05238399073155e-89,"HAVANA","gene",NA,NA,"protein_coding","CFAP45","2","HGNC:17229","OTTHUMG00000035432.5"
"ENSG00000281769.1",42.2640425741269,4.72604940550176,0.233935812510375,20.2023339427441,9.33779608755299e-91,6.88267400853329e-89,"HAVANA","gene",NA,NA,"lncRNA","LINC01230","2","HGNC:49686","OTTHUMG00000189515.1"
"ENSG00000185818.8",1037.82528750435,3.21247653451383,0.159094296325962,20.1922797278157,1.14459243186764e-90,8.42356734420564e-89,"HAVANA","gene",NA,NA,"protein_coding","NAT8L","2","HGNC:26742","OTTHUMG00000121151.6"
"ENSG00000215784.6",39.0601996372983,-2.95454421940997,0.146506673586375,-20.1666186739819,1.92348765269404e-90,1.40693577771865e-88,"HAVANA","gene",NA,NA,"protein_coding","FAM72D","2","HGNC:33593","OTTHUMG00000074801.5"
"ENSG00000175305.17",358.827145120506,-2.2956677035003,0.113992569456734,-20.1387486433633,3.37762280771134e-90,2.46679738898552e-88,"HAVANA","gene",NA,NA,"protein_coding","CCNE2","2","HGNC:1590","OTTHUMG00000164696.1"
"ENSG00000164287.13",298.937118309532,-6.61047298228269,0.328336395136009,-20.1332325024291,3.77544298190575e-90,2.75314266762716e-88,"HAVANA","gene",NA,NA,"protein_coding","CDC20B","2","HGNC:24222","OTTHUMG00000131185.2"
"ENSG00000250934.2",9.89359783316832,3.73780490584702,0.18583711037123,20.113339571307,5.63959691969288e-90,4.1000468652881e-88,"HAVANA","gene",NA,NA,"lncRNA","AC016924.1","1",NA,"OTTHUMG00000162679.6"
"ENSG00000136160.17",835.042106717634,2.17976708380897,0.108397376216135,20.1090391658807,6.15036635312936e-90,4.46460684815799e-88,"HAVANA","gene",NA,NA,"protein_coding","EDNRB","1","HGNC:3180","OTTHUMG00000017111.14"
"ENSG00000237423.3",131.725851920581,-4.71809052983765,0.234812258541046,-20.0930332988255,8.49126969120521e-90,6.1452678384538e-88,"HAVANA","gene",NA,NA,"lncRNA","LINC01522","1","HGNC:51224","OTTHUMG00000032678.5"
"ENSG00000112214.10",147.231195723344,2.62939888455388,0.130883452815638,20.0896204064669,9.09547569891489e-90,6.56271446890079e-88,"HAVANA","gene",NA,NA,"protein_coding","FHL5","2","HGNC:17371","OTTHUMG00000015239.2"
"ENSG00000144045.14",129.542000453831,-3.90410667484785,0.19444136738732,-20.0785806400498,1.1359425923484e-89,8.15937175403477e-88,"HAVANA","gene",NA,NA,"protein_coding","DQX1","1","HGNC:20410","OTTHUMG00000129965.7"
"ENSG00000182010.11",584.152212519806,-2.09588743491808,0.10444477665372,-20.0669435281274,1.43566573266219e-89,1.02660813808725e-87,"HAVANA","gene",NA,NA,"protein_coding","RTKN2","2","HGNC:19364","OTTHUMG00000018299.6"
"ENSG00000148541.13",157.478177405856,2.24169725649926,0.111772543490973,20.0558848039484,1.79325221337131e-89,1.27849276105088e-87,"HAVANA","gene",NA,NA,"protein_coding","FAM13C","1","HGNC:19371","OTTHUMG00000018277.13"
"ENSG00000240583.13",8596.51071820634,2.10417397785379,0.105026198179203,20.0347533694736,2.74194136587944e-89,1.95195261276796e-87,"HAVANA","gene",NA,NA,"protein_coding","AQP1","1","HGNC:633","OTTHUMG00000023944.6"
"ENSG00000133116.8",163.719962072852,2.48320880164223,0.124169736090399,19.9985026933969,5.67507963229032e-89,4.02208676306257e-87,"HAVANA","gene",NA,NA,"protein_coding","KL","2","HGNC:6344","OTTHUMG00000017408.2"
"ENSG00000203585.4",15.9509896154414,-3.38247448890936,0.169228960697682,-19.9875628554616,7.06638908710897e-89,5.00074890935585e-87,"HAVANA","gene",NA,NA,"lncRNA","LINC02408","2","HGNC:53337","OTTHUMG00000169069.2"
"ENSG00000065534.19",8546.22202999841,2.23627302246647,0.11189323159049,19.9857756423626,7.3240175809027e-89,5.17542304278832e-87,"HAVANA","gene",NA,NA,"protein_coding","MYLK","1","HGNC:7590","OTTHUMG00000141304.13"
"ENSG00000183807.8",50.7633766656313,2.13953387820896,0.107067485391782,19.9830403262014,7.73657355864063e-89,5.45889895720873e-87,"HAVANA","gene",NA,NA,"protein_coding","FAM162B","2","HGNC:21549","OTTHUMG00000015446.3"
"ENSG00000085840.13",389.713433870638,-2.29577698507493,0.114944161670799,-19.97297602335,9.46428175330044e-89,6.65835152423824e-87,"HAVANA","gene",NA,NA,"protein_coding","ORC1","2","HGNC:8487","OTTHUMG00000008104.5"
"ENSG00000141404.17",317.653343774156,2.12842474738219,0.106796160645099,19.9297871246073,2.24514917949239e-88,1.56800433220817e-86,"HAVANA","gene",NA,NA,"protein_coding","GNAL","1","HGNC:4388","OTTHUMG00000131660.5"
"ENSG00000164736.6",269.363865881318,2.19095390982377,0.110054860233234,19.9078341945152,3.48039175362643e-88,2.42010985364648e-86,"HAVANA","gene",NA,NA,"protein_coding","SOX17","2","HGNC:18122","OTTHUMG00000164377.3"
"ENSG00000129757.14",1036.00443883103,2.09686099366179,0.105338637656415,19.9059057560737,3.61694744837974e-88,2.51141959785324e-86,"HAVANA","gene",NA,NA,"protein_coding","CDKN1C","1","HGNC:1786","OTTHUMG00000010040.5"
"ENSG00000136492.9",696.708744602254,-2.22215215881025,0.111749268136548,-19.8851607340728,5.47067053598919e-88,3.77122050905384e-86,"HAVANA","gene",NA,NA,"protein_coding","BRIP1","1","HGNC:20473","OTTHUMG00000179233.3"
"ENSG00000019505.8",3606.03665841852,-5.00952697212666,0.252041225070292,-19.8758237694232,6.58959542324073e-88,4.5295196087154e-86,"HAVANA","gene",NA,NA,"protein_coding","SYT13","2","HGNC:14962","OTTHUMG00000166504.3"
"ENSG00000163888.4",115.496539096415,-3.04914108060083,0.153552286887209,-19.8573472425101,9.52083763741368e-88,6.51633330297842e-86,"HAVANA","gene",NA,NA,"protein_coding","CAMK2N2","2","HGNC:24197","OTTHUMG00000156821.2"
"ENSG00000167619.13",264.072154592264,-3.83299300524087,0.19314050382819,-19.8456197911265,1.20236787961782e-87,8.20590386217805e-86,"HAVANA","gene",NA,NA,"protein_coding","TMEM145","1","HGNC:26912","OTTHUMG00000177694.5"
"ENSG00000277737.3",22.4683114058319,5.6899295664218,0.286855818696068,19.8355033977904,1.470371510094e-87,1.00206968774685e-85,"HAVANA","gene",NA,NA,"unprocessed_pseudogene","FP325317.1","2",NA,"OTTHUMG00000192022.1"
"ENSG00000135447.17",1541.9281785438,3.89038084045765,0.196323859366916,19.8161387668465,2.16064466977427e-87,1.47040463251258e-85,"HAVANA","gene",NA,NA,"protein_coding","PPP1R1A","2","HGNC:9286","OTTHUMG00000169934.4"
"ENSG00000186453.13",9.61599702870365,2.65576462259647,0.134039429414503,19.8133089210921,2.28558348090064e-87,1.55322417829716e-85,"HAVANA","gene",NA,NA,"protein_coding","FAM228A","1","HGNC:34418","OTTHUMG00000151903.3"
"ENSG00000225398.3",4.58982939104015,3.28744256838459,0.16600251612223,19.8035707239763,2.77321966753637e-87,1.88193986220492e-85,"HAVANA","gene",NA,NA,"unprocessed_pseudogene","PGM5P4","2","HGNC:49605","OTTHUMG00000047819.3"
"ENSG00000136011.15",61.1302794172881,2.93776516449998,0.148359552557379,19.8016582947282,2.88053536483226e-87,1.95200069772438e-85,"HAVANA","gene",NA,NA,"protein_coding","STAB2","2","HGNC:18629","OTTHUMG00000170056.2"
"ENSG00000125355.16",209.494341002954,2.24703379193447,0.113478149088028,19.8014667140136,2.89151154466861e-87,1.95667115967618e-85,"HAVANA","gene",NA,NA,"protein_coding","TMEM255A","2","HGNC:26086","OTTHUMG00000022298.3"
"ENSG00000137825.11",82.8972075013929,-3.35122190421557,0.169288047367935,-19.7959747089051,3.22453921463305e-87,2.17588272919816e-85,"HAVANA","gene",NA,NA,"protein_coding","ITPKA","2","HGNC:6178","OTTHUMG00000130343.6"
"ENSG00000104951.16",636.595994201279,-2.70173298504644,0.136522282040578,-19.7896852049647,3.65316278091152e-87,2.45818860721167e-85,"HAVANA","gene",NA,NA,"protein_coding","IL4I1","2","HGNC:19094","OTTHUMG00000183377.3"
"ENSG00000173391.9",1175.15258690248,-2.24166987396825,0.113293128470955,-19.7864592868309,3.89459700755604e-87,2.61330731977605e-85,"HAVANA","gene",NA,NA,"protein_coding","OLR1","1","HGNC:8133","OTTHUMG00000168527.5"
"ENSG00000198788.9",614.034661694039,-7.58145115928072,0.383371903107839,-19.775708907776,4.82005378525374e-87,3.22977310281828e-85,"HAVANA","gene",NA,NA,"protein_coding","MUC2","2","HGNC:7512","OTTHUMG00000156800.4"
"ENSG00000273162.1",36.6994606209786,-2.08095481071364,0.105235516923327,-19.774263210298,4.96020203322001e-87,3.3190402152454e-85,"HAVANA","gene",NA,NA,"lncRNA","AL133215.2","2",NA,"OTTHUMG00000186479.1"
"ENSG00000259407.1",18.4285004049065,2.0236626414321,0.102380489232652,19.7660966127391,5.83172339548062e-87,3.87514379857803e-85,"HAVANA","gene",NA,NA,"lncRNA","AC021739.2","2",NA,"OTTHUMG00000172214.1"
"ENSG00000172403.11",4332.23667456245,2.54170773152457,0.128707905819437,19.7478757450245,8.36636565949476e-87,5.53636158489494e-85,"HAVANA","gene",NA,NA,"protein_coding","SYNPO2","1","HGNC:17732","OTTHUMG00000161165.7"
"ENSG00000186193.9",765.371917647497,-2.25185334061847,0.114077711688478,-19.7396433298715,9.84706317215316e-87,6.5072109872808e-85,"HAVANA","gene",NA,NA,"protein_coding","SAPCD2","2","HGNC:28055","OTTHUMG00000020961.4"
"ENSG00000232079.7",46.9534100038961,4.2259631458336,0.214208436084782,19.7282759870437,1.23304159187432e-86,8.1258628152268e-85,"HAVANA","gene",NA,NA,"lncRNA","LINC01697","2","HGNC:52485","OTTHUMG00000078709.5"
"ENSG00000113578.18",1053.45574354649,2.07023876523481,0.104942646310737,19.7273352446707,1.25619860769117e-86,8.2670982547368e-85,"HAVANA","gene",NA,NA,"protein_coding","FGF1","1","HGNC:3665","OTTHUMG00000059703.10"
"ENSG00000228168.1",75.4837438764624,-2.98352704598535,0.151305977065407,-19.7185009069115,1.49596988812859e-86,9.83153872979986e-85,"HAVANA","gene",NA,NA,"processed_pseudogene","HNRNPA1P21","1","HGNC:39539","OTTHUMG00000156248.1"
"ENSG00000189221.10",2770.00300630217,3.33195241113268,0.169039492567345,19.711088577749,1.73200789224476e-86,1.13671915229379e-84,"HAVANA","gene",NA,NA,"protein_coding","MAOA","2","HGNC:6833","OTTHUMG00000021387.1"
"ENSG00000138722.10",644.568770228729,3.3706092442114,0.17111894397924,19.6974640319211,2.26694048137328e-86,1.48170693673389e-84,"HAVANA","gene",NA,NA,"protein_coding","MMRN1","1","HGNC:7178","OTTHUMG00000130947.3"
"ENSG00000178878.13",2555.22549198705,2.07162306187501,0.105211997679741,19.6899888564127,2.62747370797751e-86,1.71501723908995e-84,"HAVANA","gene",NA,NA,"protein_coding","APOLD1","2","HGNC:25268","OTTHUMG00000153561.2"
"ENSG00000231943.9",4.02094152016021,3.58355157420071,0.18210775066373,19.6781936031811,3.31612798180567e-86,2.155708162935e-84,"HAVANA","gene",NA,NA,"lncRNA","PGM5P4-AS1","2","HGNC:51195","OTTHUMG00000047830.7"
"ENSG00000284753.2",319.228828738773,-2.12813460608954,0.108225043823174,-19.6639754617853,4.38944676978773e-86,2.84957174445163e-84,"HAVANA","gene",NA,NA,"protein_coding","EEF1AKMT4","2","HGNC:53611","OTTHUMG00000192542.1"
"ENSG00000164919.11",24093.3360516261,-2.81897734615033,0.143440428880229,-19.6525998155244,5.49261595920638e-86,3.56090975109036e-84,"HAVANA","gene",NA,NA,"protein_coding","COX6C","2","HGNC:2285","OTTHUMG00000164703.6"
"ENSG00000046889.19",755.489508679774,2.27674612615465,0.116074571705624,19.6145124009477,1.16246286437236e-85,7.51600483563828e-84,"HAVANA","gene",NA,NA,"protein_coding","PREX2","2","HGNC:22950","OTTHUMG00000164402.3"
"ENSG00000276365.1",17.7722621527964,3.58310615474665,0.18287201242622,19.5935184788994,1.75623354146803e-85,1.13092942166309e-83,"ENSEMBL","gene",NA,NA,"miRNA","MIR145","3","HGNC:31532",NA
"ENSG00000206384.10",293.513811485124,3.19330385984034,0.163049922745819,19.5848228938962,2.0832983752851e-85,1.33794671796125e-83,"HAVANA","gene",NA,NA,"protein_coding","COL6A6","2","HGNC:27023","OTTHUMG00000159653.6"
"ENSG00000272482.1",19.6352644341721,2.4168565179888,0.123407657528385,19.5843318509867,2.10348229439889e-85,1.34910089323495e-83,"HAVANA","gene",NA,NA,"lncRNA","AC254633.1","2",NA,"OTTHUMG00000185309.1"
"ENSG00000233542.2",13.9782893448101,-2.71892778438708,0.139006974727948,-19.5596500802087,3.41412138200867e-85,2.16937076143283e-83,"HAVANA","gene",NA,NA,"lncRNA","AL391845.2","2",NA,"OTTHUMG00000041065.2"
"ENSG00000231638.1",10.8328094987368,3.2189461672363,0.164626119026169,19.5530708388055,3.88421491477275e-85,2.46480445783791e-83,"HAVANA","gene",NA,NA,"lncRNA","LUARIS","2","HGNC:40992","OTTHUMG00000155206.1"
"ENSG00000198930.13",42.7563977431129,-8.64561001790548,0.442772332850411,-19.5260845731894,6.59027503297137e-85,4.1599483113262e-83,"HAVANA","gene",NA,NA,"protein_coding","CSAG1","2","HGNC:24294","OTTHUMG00000022648.4"
"ENSG00000131480.9",80.3209588600529,2.32721123675581,0.119431260836787,19.4857796899268,1.44954523300884e-84,9.09001467453581e-83,"HAVANA","gene",NA,NA,"protein_coding","AOC2","2","HGNC:549","OTTHUMG00000180655.2"
"ENSG00000231170.7",17.2666075491031,2.36726132953149,0.121506113550874,19.4826520275487,1.54087372875303e-84,9.65009939144547e-83,"HAVANA","gene",NA,NA,"lncRNA","AC002451.1","1",NA,"OTTHUMG00000154145.13"
"ENSG00000277631.5",7.26022602794214,3.67144022902625,0.188533527540501,19.4736728099332,1.83621586947036e-84,1.1484739204481e-82,"HAVANA","gene",NA,NA,"lncRNA","PGM5P3-AS1","2","HGNC:51194","OTTHUMG00000019423.7"
"ENSG00000181092.10",6141.59472149621,5.18177434967496,0.266148286318796,19.4695010865791,1.99202172738973e-84,1.24429936061593e-82,"HAVANA","gene",NA,NA,"protein_coding","ADIPOQ","2","HGNC:13633","OTTHUMG00000156521.3"
"ENSG00000156298.13",628.271442295989,2.44027521135904,0.125375209449578,19.4637777441994,2.22744855544761e-84,1.387738105221e-82,"HAVANA","gene",NA,NA,"protein_coding","TSPAN7","2","HGNC:11854","OTTHUMG00000024090.4"
"ENSG00000084628.10",2615.72159043204,-3.98251532575251,0.204765156975048,-19.4491845418691,2.96102438005664e-84,1.83998285406633e-82,"HAVANA","gene",NA,NA,"protein_coding","NKAIN1","2","HGNC:25743","OTTHUMG00000003788.5"
"ENSG00000226806.1",10.9829505244853,-4.04058976427244,0.207938030409564,-19.4317016291532,4.16328931033174e-84,2.58037763076318e-82,"HAVANA","gene",NA,NA,"lncRNA","LCT-AS1","2","HGNC:40337","OTTHUMG00000153579.1"
"ENSG00000128165.9",878.657003957551,-2.19241213369176,0.112831973349569,-19.4307700965166,4.2395366437158e-84,2.62424031783494e-82,"HAVANA","gene",NA,NA,"protein_coding","ADM2","2","HGNC:28898","OTTHUMG00000150202.2"
"ENSG00000103522.16",244.307698955934,-2.62875528495645,0.135319921560827,-19.426225308406,4.63198307790914e-84,2.85977202658024e-82,"HAVANA","gene",NA,NA,"protein_coding","IL21R","2","HGNC:6006","OTTHUMG00000131675.6"
"ENSG00000231123.1",13.5894542793838,-4.53886410551057,0.233784408706926,-19.4147425425642,5.79255882483222e-84,3.57170519044674e-82,"HAVANA","gene",NA,NA,"processed_pseudogene","SPATA20P1","1","HGNC:39636","OTTHUMG00000090612.1"
"ENSG00000186188.11",110.52700069213,2.03475465180466,0.104809017533343,19.4139273479722,5.88520964019309e-84,3.62416958691068e-82,"HAVANA","gene",NA,NA,"protein_coding","FFAR4","2","HGNC:19061","OTTHUMG00000034409.2"
"ENSG00000235172.8",9.44720335199132,2.10984521084212,0.108751730798832,19.4005667343805,7.63253413320491e-84,4.68813731181855e-82,"HAVANA","gene",NA,NA,"lncRNA","LINC01366","1","HGNC:27416","OTTHUMG00000163120.9"
"ENSG00000267013.6",115.687188313159,-3.54878165288663,0.183086171135351,-19.3831223345815,1.07144560105876e-83,6.55593342870051e-82,"HAVANA","gene",NA,NA,"lncRNA","LINC01929","2","HGNC:52751","OTTHUMG00000176191.4"
"ENSG00000198885.10",186.622309756362,2.34518179558774,0.12100406164468,19.3810171634916,1.11618808224438e-83,6.81230204080616e-82,"HAVANA","gene",NA,NA,"protein_coding","ITPRIPL1","2","HGNC:29371","OTTHUMG00000155230.4"
"ENSG00000105388.16",3015.81113056326,-5.38220763655262,0.277805288043255,-19.3740287467624,1.27851127864765e-83,7.79306302290191e-82,"HAVANA","gene",NA,NA,"protein_coding","CEACAM5","1","HGNC:1817","OTTHUMG00000151061.5"
"ENSG00000180660.8",110.619655336952,2.66573264038041,0.137694097843445,19.3598177563956,1.68480429579811e-83,1.02565405097443e-81,"HAVANA","gene",NA,NA,"protein_coding","MAB21L1","2","HGNC:6757","OTTHUMG00000016723.4"
"ENSG00000006118.15",5616.89435474118,-2.17457359883525,0.112376979034157,-19.3507034761478,2.01078882402496e-83,1.21945433619033e-81,"HAVANA","gene",NA,NA,"protein_coding","TMEM132A","1","HGNC:31092","OTTHUMG00000167803.2"
"ENSG00000087237.12",129.80105106509,2.17277006396777,0.112351928917764,19.3389653822332,2.52490177146372e-83,1.52737429129832e-81,"HAVANA","gene",NA,NA,"protein_coding","CETP","1","HGNC:1869","OTTHUMG00000133279.4"
"ENSG00000266995.1",15.3131836225056,-3.34238398835902,0.172906684509992,-19.3305654887268,2.97143286172175e-83,1.79296408570641e-81,"HAVANA","gene",NA,NA,"processed_pseudogene","AP001542.1","2",NA,"OTTHUMG00000180680.1"
"ENSG00000166473.17",139.308364529872,2.79289113571265,0.144485806958194,19.3298649501315,3.01205295909461e-83,1.81518814176381e-81,"HAVANA","gene",NA,NA,"polymorphic_pseudogene","PKD1L2","1","HGNC:21715","OTTHUMG00000166126.5"
"ENSG00000287148.1",107.811443081821,5.54270783748476,0.286826996175977,19.3242195169249,3.36027217534966e-83,2.01742656542609e-81,"HAVANA","gene",NA,NA,"lncRNA","LINCADL","2","HGNC:53956","OTTHUMG00000194136.1"
"ENSG00000182916.8",135.304713280049,2.12126127122364,0.109860977392723,19.3085963876027,4.54764373060164e-83,2.72347013916406e-81,"HAVANA","gene",NA,NA,"protein_coding","TCEAL7","2","HGNC:28336","OTTHUMG00000022096.2"
"ENSG00000272701.3",16.1570896621781,2.75005417342597,0.142581828880986,19.2875501388151,6.83356224993598e-83,4.08224398247422e-81,"HAVANA","gene",NA,NA,"lncRNA","MESTIT1","2","HGNC:17991","OTTHUMG00000186331.3"
"ENSG00000144583.5",33.6062326814935,-4.06398519369484,0.210717777544351,-19.2863897913857,6.98863687131312e-83,4.16968359283452e-81,"HAVANA","gene",NA,NA,"protein_coding","MARCHF4","2","HGNC:29269","OTTHUMG00000154824.3"
"ENSG00000101463.6",427.560919825833,-2.83804885217107,0.14719868050365,-19.280396009397,7.84734419455858e-83,4.67038832746959e-81,"HAVANA","gene",NA,NA,"protein_coding","SYNDIG1","2","HGNC:15885","OTTHUMG00000032104.2"
"ENSG00000249679.2",52.9562191076097,2.42763868143666,0.125918918719436,19.2793799861462,8.00299933802363e-83,4.75711784472347e-81,"HAVANA","gene",NA,NA,"lncRNA","AC106897.1","2",NA,"OTTHUMG00000160454.2"
"ENSG00000287566.1",100.075062671993,-3.55029262057943,0.184215310655193,-19.2725165348755,9.1382608826209e-83,5.41179331132716e-81,"HAVANA","gene",NA,NA,"lncRNA","AL732437.3","2",NA,"OTTHUMG00000194793.1"
"ENSG00000124440.16",143.274213491125,3.74907219671237,0.194541009031692,19.2713722179863,9.34257925108753e-83,5.5259626162914e-81,"HAVANA","gene",NA,NA,"protein_coding","HIF3A","2","HGNC:15825","OTTHUMG00000141296.6"
"ENSG00000238018.2",49.5018549319169,2.52526065524006,0.131108127757243,19.2609008948383,1.14371282381688e-82,6.74818736318554e-81,"HAVANA","gene",NA,NA,"lncRNA","AC093110.1","2",NA,"OTTHUMG00000152506.2"
"ENSG00000267069.1",7.44851520496927,3.27550407046556,0.170060824707838,19.2607796421829,1.1463941827369e-82,6.75568822815805e-81,"HAVANA","gene",NA,NA,"lncRNA","AP005264.1","2",NA,"OTTHUMG00000180722.1"
"ENSG00000145777.15",48.4370111005326,3.23522230199132,0.168071892840807,19.2490382972936,1.43807668976662e-82,8.45377352229679e-81,"HAVANA","gene",NA,NA,"protein_coding","TSLP","1","HGNC:30743","OTTHUMG00000128791.4"
"ENSG00000235904.3",19.8558408822237,2.82128607892025,0.146596736001102,19.2452175667748,1.54812129712364e-82,9.0783955134876e-81,"HAVANA","gene",NA,NA,"lncRNA","RBMS3-AS3","2","HGNC:39989","OTTHUMG00000155693.4"
"ENSG00000091704.10",19.3412082450753,4.17118442612413,0.216776300611291,19.2418839806831,1.65097243814836e-82,9.6578863872635e-81,"HAVANA","gene",NA,NA,"protein_coding","CPA1","2","HGNC:2296","OTTHUMG00000157826.12"
"ENSG00000186891.14",530.558361458514,-2.92569725180832,0.152162699597553,-19.2274273494513,2.18186579150198e-82,1.27479500086414e-80,"HAVANA","gene",NA,NA,"protein_coding","TNFRSF18","2","HGNC:11914","OTTHUMG00000001414.5"
"ENSG00000249082.2",42.5310241651025,-6.03787981850434,0.314113639131162,-19.2219600371544,2.4243674722892e-82,1.41303461797294e-80,"HAVANA","gene",NA,NA,"lncRNA","C5orf66-AS1","2","HGNC:49679","OTTHUMG00000163077.2"
"ENSG00000140009.18",47.0381554785183,2.05729973799092,0.10712117246269,19.2053511989655,3.33858464869173e-82,1.9364599336419e-80,"HAVANA","gene",NA,NA,"protein_coding","ESR2","1","HGNC:3468","OTTHUMG00000141306.4"
"ENSG00000235875.3",2.01892994487733,3.10857873852224,0.161947617128784,19.1949643572109,4.07762226685282e-82,2.36225976789503e-80,"HAVANA","gene",NA,NA,"lncRNA","ARHGEF7-AS2","1","HGNC:40717","OTTHUMG00000017353.2"
"ENSG00000094963.14",1912.59392733801,3.200961569446,0.166894248693922,19.17957985069,5.48215495538115e-82,3.17210197961728e-80,"HAVANA","gene",NA,NA,"protein_coding","FMO2","2","HGNC:3770","OTTHUMG00000035504.8"
"ENSG00000161281.11",602.126289236145,2.51327664958499,0.131051152375483,19.1778294507784,5.66983175729215e-82,3.27673871522155e-80,"HAVANA","gene",NA,NA,"protein_coding","COX7A1","2","HGNC:2287","OTTHUMG00000048144.7"
"ENSG00000232434.2",302.124627036729,-2.0500752952117,0.10692848199032,-19.1723968867087,6.29409107363984e-82,3.62875936628261e-80,"HAVANA","gene",NA,NA,"protein_coding","AJM1","2","HGNC:37284","OTTHUMG00000187258.2"
"ENSG00000154188.10",430.299595191766,2.74518111942934,0.143257555976181,19.1625572607547,7.60436683745384e-82,4.37890883632708e-80,"HAVANA","gene",NA,NA,"protein_coding","ANGPT1","2","HGNC:484","OTTHUMG00000164812.8"
"ENSG00000165507.9",5969.24410469876,2.23279759767685,0.116649159825799,19.1411374159167,1.14737827237827e-81,6.5912341762162e-80,"HAVANA","gene",NA,NA,"protein_coding","DEPP1","2","HGNC:23355","OTTHUMG00000018063.4"
"ENSG00000235123.5",867.225001997048,-7.02055445303747,0.366810909883087,-19.1394374155205,1.18543098907166e-81,6.80167648939201e-80,"HAVANA","gene",NA,NA,"lncRNA","DSCAM-AS1","2","HGNC:40197","OTTHUMG00000086733.1"
"ENSG00000185686.18",1659.88801838302,-5.91109692184649,0.309211563569154,-19.1166748539936,1.83435616929194e-81,1.04998810120403e-79,"HAVANA","gene",NA,NA,"protein_coding","PRAME","2","HGNC:9336","OTTHUMG00000151172.4"
"ENSG00000164946.20",339.473715301883,2.91402375325386,0.15247303150652,19.111732248396,2.01662377453214e-81,1.15294087157321e-79,"HAVANA","gene",NA,NA,"protein_coding","FREM1","2","HGNC:23399","OTTHUMG00000019575.6"
"ENSG00000176194.18",604.109121179807,4.95026563332281,0.259093495166048,19.1060977048084,2.24653268780774e-81,1.28285317130952e-79,"HAVANA","gene",NA,NA,"protein_coding","CIDEA","2","HGNC:1976","OTTHUMG00000131691.4"
"ENSG00000184601.11",95.9973775972728,5.15720777233689,0.269982019364047,19.102041626642,2.42804587422901e-81,1.38485330755133e-79,"HAVANA","gene",NA,NA,"protein_coding","C14orf180","2","HGNC:33795","OTTHUMG00000029806.3"
"ENSG00000141668.10",680.77291209185,-5.88649293033221,0.308205104432331,-19.0992713802527,2.56035146804308e-81,1.4585783452312e-79,"HAVANA","gene",NA,NA,"protein_coding","CBLN2","1","HGNC:1544","OTTHUMG00000132825.3"
"ENSG00000124785.9",1043.04142941477,2.22787857260178,0.116762536389205,19.080422895025,3.67275203290389e-81,2.08732562154716e-79,"HAVANA","gene",NA,NA,"protein_coding","NRN1","2","HGNC:17972","OTTHUMG00000014184.2"
"ENSG00000072657.9",61.2078570121348,4.01100500855633,0.210271867822312,19.0753287641207,4.0486845295536e-81,2.29825208306769e-79,"HAVANA","gene",NA,NA,"protein_coding","TRHDE","2","HGNC:30748","OTTHUMG00000169642.5"
"ENSG00000232821.1",12.7913583252065,3.33425149538241,0.174876517962479,19.0663191046484,4.80993475219662e-81,2.72392404229007e-79,"HAVANA","gene",NA,NA,"lncRNA","AC003986.2","2",NA,"OTTHUMG00000152496.1"
"ENSG00000116014.10",74.2347862444744,-4.53523482326617,0.237875515072069,-19.0655806752205,4.87831999619496e-81,2.75938974046872e-79,"HAVANA","gene",NA,NA,"protein_coding","KISS1R","2","HGNC:4510","OTTHUMG00000181900.6"
"ENSG00000260947.1",28.5363324271324,3.234999560215,0.169688616648992,19.0643286750739,4.99648935752e-81,2.82289864526867e-79,"HAVANA","gene",NA,NA,"lncRNA","AL356489.2","2",NA,"OTTHUMG00000175677.1"
"ENSG00000270412.1",6.80661672475705,2.10936224184101,0.110726065103025,19.05027727553,6.53551162334699e-81,3.68806079946472e-79,"HAVANA","gene",NA,NA,"lncRNA","AL136084.2","2",NA,"OTTHUMG00000185170.1"
"ENSG00000174899.12",106.270279715619,2.8916112655817,0.151797953302601,19.049079402391,6.6867788533045e-81,3.76898323366846e-79,"HAVANA","gene",NA,NA,"transcribed_unitary_pseudogene","SLC66A1L","1","HGNC:25146","OTTHUMG00000158748.2"
"ENSG00000117594.10",242.140486088865,2.7562058696666,0.144721211133402,19.0449336906528,7.23776272797878e-81,4.06996728048666e-79,"HAVANA","gene",NA,NA,"protein_coding","HSD11B1","2","HGNC:5208","OTTHUMG00000036481.6"
"ENSG00000182118.8",426.483601802753,2.48908314606651,0.130702209567119,19.0439255335488,7.37845722988371e-81,4.14421906077056e-79,"HAVANA","gene",NA,NA,"protein_coding","FAM89A","2","HGNC:25057","OTTHUMG00000037960.3"
"ENSG00000249669.10",978.484150723242,2.86618074204382,0.150628635007303,19.028126636777,9.9755610711403e-81,5.57676932226758e-79,"HAVANA","gene",NA,NA,"lncRNA","CARMN","2","HGNC:42872","OTTHUMG00000163464.18"
"ENSG00000184811.4",2056.06652524843,5.0703952804594,0.266570170870501,19.0208651774567,1.14577163654259e-80,6.39044459915665e-79,"HAVANA","gene",NA,NA,"protein_coding","TRARG1","2","HGNC:29592","OTTHUMG00000132196.3"
"ENSG00000126895.15",91.2381216614792,2.75467032408679,0.144833213134266,19.0196037529949,1.17367150732071e-80,6.53844208322503e-79,"HAVANA","gene",NA,NA,"protein_coding","AVPR2","2","HGNC:897","OTTHUMG00000024227.6"
"ENSG00000179094.16",2898.43210797101,2.06553834425251,0.108626390843776,19.0150692498209,1.27967762197884e-80,7.11245416113764e-79,"HAVANA","gene",NA,NA,"protein_coding","PER1","1","HGNC:8845","OTTHUMG00000178317.5"
"ENSG00000253434.8",9.10604352362374,5.0828529555783,0.267448183826605,19.0050008298941,1.55043564025056e-80,8.60734316621139e-79,"HAVANA","gene",NA,NA,"lncRNA","LINC02237","2","HGNC:53108","OTTHUMG00000164883.6"
"ENSG00000226005.5",13.4852958985126,3.81024799421056,0.200620897173673,18.992278710189,1.9756646872297e-80,1.09300340837384e-78,"HAVANA","gene",NA,NA,"lncRNA","LINC02660","1","HGNC:54146","OTTHUMG00000017569.7"
"ENSG00000086548.9",10338.2369622243,-4.78639266403439,0.252058443626486,-18.9892177193918,2.09425042984931e-80,1.15727264237694e-78,"HAVANA","gene",NA,NA,"protein_coding","CEACAM6","2","HGNC:1818","OTTHUMG00000151064.5"
"ENSG00000166159.11",95.7250361164703,-5.5136600460968,0.290515706432082,-18.9788707599044,2.55018240238339e-80,1.40435906779526e-78,"HAVANA","gene",NA,NA,"protein_coding","LRTM2","2","HGNC:32443","OTTHUMG00000168088.4"
"ENSG00000164047.6",77.5638010876026,-4.00186689055444,0.210904838006233,-18.974751496389,2.75812541584784e-80,1.51712730968163e-78,"HAVANA","gene",NA,NA,"protein_coding","CAMP","2","HGNC:1472","OTTHUMG00000133526.4"
"ENSG00000214796.8",238.204915099125,-2.52039575011447,0.132941487777645,-18.9586846984143,3.74390108678556e-80,2.05699886545753e-78,"HAVANA","gene",NA,NA,"transcribed_unprocessed_pseudogene","TUBA5P","2","HGNC:54799","OTTHUMG00000041379.1"
"ENSG00000204978.3",2.95362261824769,2.762736446455,0.145739874011704,18.9566271083309,3.8932456390812e-80,2.13415787835675e-78,"HAVANA","gene",NA,NA,"protein_coding","ERICH4","2","HGNC:34497","OTTHUMG00000187130.2"
"ENSG00000183248.12",1756.50816999524,-2.22811631197107,0.117547240668233,-18.9550711637693,4.01011150056314e-80,2.19570790847977e-78,"HAVANA","gene",NA,NA,"protein_coding","PRR36","2","HGNC:26172","OTTHUMG00000182504.8"
"ENSG00000154856.13",1679.70864993931,2.15189847464463,0.113569506948336,18.9478543357906,4.5995901762557e-80,2.51272936538667e-78,"HAVANA","gene",NA,NA,"protein_coding","APCDD1","2","HGNC:15718","OTTHUMG00000131635.5"
"ENSG00000081041.9",287.958715539477,3.42178987603093,0.18071108369134,18.9351411442778,5.85585249311939e-80,3.19537463491287e-78,"HAVANA","gene",NA,NA,"protein_coding","CXCL2","2","HGNC:4603","OTTHUMG00000160865.3"
"ENSG00000283383.1",5.54810062275927,2.64049523153274,0.139503895616152,18.9277526614606,6.7376040870226e-80,3.66816604328696e-78,"HAVANA","gene",NA,NA,"lncRNA","AC108477.1","2",NA,"OTTHUMG00000191878.1"
"ENSG00000120738.8",21546.7766777925,2.68701766117182,0.142037811762039,18.9176222010058,8.16561735067762e-80,4.43554112552114e-78,"HAVANA","gene",NA,NA,"protein_coding","EGR1","2","HGNC:3238","OTTHUMG00000129197.3"
"ENSG00000205038.12",108.765121123505,3.17558355243634,0.167882868649085,18.915471113816,8.50570029660867e-80,4.60982014944029e-78,"HAVANA","gene",NA,NA,"protein_coding","PKHD1L1","2","HGNC:20313","OTTHUMG00000164934.4"
"ENSG00000203727.4",507.416058002682,2.93777092352422,0.155354641631981,18.9100943020646,9.41881949245367e-80,5.09893380659271e-78,"HAVANA","gene",NA,NA,"protein_coding","SAMD5","2","HGNC:21180","OTTHUMG00000015767.3"
"ENSG00000106689.11",39.8466347692678,-4.45125063885354,0.235419857459717,-18.9077110439386,9.85422109544086e-80,5.32862000770397e-78,"HAVANA","gene",NA,NA,"protein_coding","LHX2","2","HGNC:6594","OTTHUMG00000020647.6"
"ENSG00000108924.14",765.849467745349,2.8497243582896,0.150741201999701,18.904747477702,1.04237374187474e-79,5.63022840735276e-78,"HAVANA","gene",NA,NA,"protein_coding","HLF","1","HGNC:4977","OTTHUMG00000177840.3"
"ENSG00000154252.12",45.9961830569101,-4.75558766743052,0.251680464977752,-18.895338849008,1.2458513429328e-79,6.71414373902254e-78,"HAVANA","gene",NA,NA,"protein_coding","GAL3ST2","2","HGNC:24869","OTTHUMG00000151473.3"
"ENSG00000049768.16",302.518178902016,-2.19886549671361,0.116424402119658,-18.8866376522481,1.4691020533347e-79,7.89951508139902e-78,"HAVANA","gene",NA,NA,"protein_coding","FOXP3","2","HGNC:6106","OTTHUMG00000024135.9"
"ENSG00000164045.12",487.075666300788,-2.1849548703298,0.115726088958328,-18.8804001759412,1.6532868784302e-79,8.8799298593712e-78,"HAVANA","gene",NA,NA,"protein_coding","CDC25A","2","HGNC:1725","OTTHUMG00000133535.6"
"ENSG00000013588.9",19055.1318320015,-2.37282965259506,0.125720164563599,-18.8738987164999,1.86981010574892e-79,1.00204252982584e-77,"HAVANA","gene",NA,NA,"protein_coding","GPRC5A","2","HGNC:9836","OTTHUMG00000168710.4"
"ENSG00000164879.7",244.663976011527,3.71570764926975,0.196993462705581,18.8620860724861,2.33810402325216e-79,1.25020718475459e-77,"HAVANA","gene",NA,NA,"protein_coding","CA3","2","HGNC:1374","OTTHUMG00000164942.3"
"ENSG00000197903.8",1942.43191422345,-2.11080442438917,0.111957498701974,-18.8536225698293,2.74392717692909e-79,1.4655691309551e-77,"HAVANA","gene",NA,NA,"protein_coding","H2BC12","2","HGNC:13954","OTTHUMG00000014473.2"
"ENSG00000197153.5",16.2284995635398,-4.67406865791024,0.248432166371997,-18.8142651821962,5.77029431147658e-79,3.06831077095275e-77,"HAVANA","gene",NA,NA,"protein_coding","H3C12","1","HGNC:4774","OTTHUMG00000016185.3"
"ENSG00000157766.19",384.253841975432,-3.21956588289793,0.171297624858371,-18.7951577586664,8.27337976505311e-79,4.37020534226785e-77,"HAVANA","gene",NA,NA,"protein_coding","ACAN","1","HGNC:319","OTTHUMG00000171989.8"
"ENSG00000237442.3",182.751098074239,-6.47034820708555,0.34479088540263,-18.7660071104542,1.43256658867855e-78,7.5339478884291e-77,"HAVANA","gene",NA,NA,"transcribed_processed_pseudogene","HNRNPA1P57","1","HGNC:48787","OTTHUMG00000152297.3"
"ENSG00000008735.14",1901.16834748007,-2.73044815361847,0.145518107154992,-18.7636315988515,1.49805797166946e-78,7.86111253260504e-77,"HAVANA","gene",NA,NA,"protein_coding","MAPK8IP2","2","HGNC:6883","OTTHUMG00000150181.8"
"ENSG00000177602.5",153.972326531353,-2.03546161731317,0.108489134697049,-18.761893741683,1.54785281379458e-78,8.11352607318364e-77,"HAVANA","gene",NA,NA,"protein_coding","HASPIN","2","HGNC:19682","OTTHUMG00000090703.1"
"ENSG00000104321.11",274.868121046061,-4.66682261796853,0.248840158808993,-18.7542985035254,1.78558042716802e-78,9.32902489265211e-77,"HAVANA","gene",NA,NA,"protein_coding","TRPA1","2","HGNC:497","OTTHUMG00000164516.4"
"ENSG00000241644.2",315.480429599036,2.5379538572441,0.135437001764265,18.7389991227179,2.38063482160987e-78,1.23974145981879e-76,"HAVANA","gene",NA,NA,"protein_coding","INMT","2","HGNC:6069","OTTHUMG00000167163.2"
"ENSG00000234996.4",48.8731062610774,-2.3199051161574,0.123844125533036,-18.7324599061306,2.69185686569603e-78,1.40029166596631e-76,"HAVANA","gene",NA,NA,"transcribed_processed_pseudogene","ACTG1P25","1","HGNC:54872","OTTHUMG00000041386.1"
"ENSG00000275713.2",296.683803226216,-3.28422990932254,0.175626067574052,-18.700127803851,4.93862092359133e-78,2.56348134831268e-76,"HAVANA","gene",NA,NA,"protein_coding","H2BC9","2","HGNC:4755","OTTHUMG00000014447.3"
"ENSG00000275223.1",32.9230219641783,-2.47580560330489,0.132411434434922,-18.6978232950244,5.15671953664985e-78,2.67379256494475e-76,"HAVANA","gene",NA,NA,"lncRNA","AL121906.2","2",NA,"OTTHUMG00000186771.1"
"ENSG00000124243.17",1836.81054520197,-2.04472011423348,0.109476112681987,-18.6773174909225,7.57304616942145e-78,3.91819267793717e-76,"HAVANA","gene",NA,NA,"protein_coding","BCAS4","2","HGNC:14367","OTTHUMG00000032735.7"
"ENSG00000164638.10",646.90994838641,2.51252460569155,0.134522576812958,18.6773452101278,7.56911529088576e-78,3.91819267793717e-76,"HAVANA","gene",NA,NA,"protein_coding","SLC29A4","2","HGNC:23097","OTTHUMG00000023797.7"
"ENSG00000253686.2",70.5980843227339,3.12562837136756,0.167403869843399,18.6711834934968,8.49493248360071e-78,4.39042303440464e-76,"HAVANA","gene",NA,NA,"lncRNA","LINC01484","1","HGNC:51136","OTTHUMG00000163343.5"
"ENSG00000280302.1",5.93086225517883,3.66426712216764,0.196596632276605,18.6385040259089,1.56558091374559e-77,8.05660382143407e-76,"HAVANA","gene",NA,NA,"TEC","AP005264.6","2",NA,"OTTHUMG00000176130.1"
"ENSG00000170153.11",1097.45338971123,2.61452728262789,0.140303459992377,18.634802611211,1.67772114352983e-77,8.62442274533416e-76,"HAVANA","gene",NA,NA,"protein_coding","RNF150","1","HGNC:23138","OTTHUMG00000161380.8"
"ENSG00000276966.2",151.646856569231,-3.83705732774948,0.205966508860179,-18.6295206389806,1.85175316548449e-77,9.50884181761651e-76,"HAVANA","gene",NA,NA,"protein_coding","H4C5","2","HGNC:4790","OTTHUMG00000014441.3"
"ENSG00000109265.14",381.358329098553,-2.6853198787217,0.144182861400389,-18.6244041257075,2.03747453888963e-77,1.04513281753964e-75,"HAVANA","gene",NA,NA,"protein_coding","CRACD","2","HGNC:29219","OTTHUMG00000160749.7"
"ENSG00000260192.3",9.26295893173149,3.46038243632986,0.18582751834604,18.6214747262894,2.15205135099894e-77,1.10272492220705e-75,"HAVANA","gene",NA,NA,"lncRNA","LINC02240","2","HGNC:53118","OTTHUMG00000163260.6"
"ENSG00000184937.16",299.952114809294,-4.73401418357391,0.254248611467245,-18.6196264996468,2.22762321597453e-77,1.13901204138036e-75,"HAVANA","gene",NA,NA,"protein_coding","WT1","1","HGNC:12796","OTTHUMG00000039556.10"
"ENSG00000132970.14",394.38786182916,2.10453574993546,0.113091972078046,18.6090640322648,2.71315677149035e-77,1.38137450501703e-75,"HAVANA","gene",NA,NA,"protein_coding","WASF3","2","HGNC:12734","OTTHUMG00000016621.3"
"ENSG00000242268.3",4.25610691486672,3.72922363597457,0.200440458745224,18.6051441875551,2.91905297507562e-77,1.48462662458464e-75,"HAVANA","gene",NA,NA,"lncRNA","LINC02082","2","HGNC:52931","OTTHUMG00000158577.2"
"ENSG00000137463.5",15.3844993066351,2.26353574866279,0.121717681841125,18.5966058047123,3.42306739212565e-77,1.73727922411801e-75,"HAVANA","gene",NA,NA,"protein_coding","MGARP","2","HGNC:29969","OTTHUMG00000161325.2"
"ENSG00000236319.2",2.68796282004458,3.5215316752644,0.18938189215413,18.5948700544104,3.53568626258651e-77,1.79253681312719e-75,"HAVANA","gene",NA,NA,"transcribed_processed_pseudogene","AC105021.1","1",NA,"OTTHUMG00000177856.1"
"ENSG00000165795.23",6651.2167432415,2.19552049513571,0.118096669313044,18.5908756606501,3.80908224248749e-77,1.92706578920354e-75,"HAVANA","gene",NA,NA,"protein_coding","NDRG2","1","HGNC:14460","OTTHUMG00000029619.9"
"ENSG00000163689.20",257.782020631782,-2.11634797947773,0.113936516310285,-18.5747997921426,5.13964333833894e-77,2.59200328778757e-75,"HAVANA","gene",NA,NA,"protein_coding","CFAP20DC","1","HGNC:24763","OTTHUMG00000159151.5"
"ENSG00000203876.10",12.7408439535457,2.28586063481601,0.123115630347398,18.566778469687,5.96778262274323e-77,3.00332421697088e-75,"HAVANA","gene",NA,NA,"lncRNA","ADD3-AS1","1","HGNC:48682","OTTHUMG00000019028.5"
"ENSG00000154330.13",633.084599249156,2.5446500668638,0.137067078936379,18.5649981498835,6.16892134777201e-77,3.10129088952526e-75,"HAVANA","gene",NA,NA,"protein_coding","PGM5","1","HGNC:8908","OTTHUMG00000019966.5"
"ENSG00000274825.1",11.6230733185663,-3.62657142766587,0.195466541540092,-18.5534127687118,7.65347762489822e-77,3.83956139276307e-75,"HAVANA","gene",NA,NA,"lncRNA","AL023803.2","2",NA,"OTTHUMG00000186878.1"
"ENSG00000135678.12",2371.57766404669,2.06457155463558,0.111302234158093,18.5492373109337,8.27173430171467e-77,4.14538483676935e-75,"HAVANA","gene",NA,NA,"protein_coding","CPM","2","HGNC:2311","OTTHUMG00000169300.3"
"ENSG00000169432.18",75.1472555744477,2.33086278372052,0.125859401269973,18.5195762906954,1.43562408536859e-76,7.16466145104261e-75,"HAVANA","gene",NA,NA,"protein_coding","SCN9A","2","HGNC:10597","OTTHUMG00000154044.9"
"ENSG00000259920.1",13.3308130963404,2.35950577969581,0.127414619205537,18.5183285435215,1.46928166392775e-76,7.32500359196446e-75,"HAVANA","gene",NA,NA,"lncRNA","AC007938.1","2",NA,"OTTHUMG00000173197.1"
"ENSG00000204767.4",242.617235614937,3.52029603482556,0.190138205808727,18.5144065068484,1.58028638427262e-76,7.87022044391906e-75,"HAVANA","gene",NA,NA,"protein_coding","INSYN2B","2","HGNC:37271","OTTHUMG00000163083.2"
"ENSG00000224272.2",82.3522234576377,-4.1315488262841,0.223168626701258,-18.5131256456345,1.6183197792548e-76,8.0512669391586e-75,"HAVANA","gene",NA,NA,"lncRNA","AC131097.2","2",NA,"OTTHUMG00000151448.3"
"ENSG00000103044.11",609.673994824853,2.89257919861906,0.156416465890949,18.4928049751214,2.35955493412646e-76,1.17146400926424e-74,"HAVANA","gene",NA,NA,"protein_coding","HAS3","2","HGNC:4820","OTTHUMG00000137562.4"
"ENSG00000141526.17",2005.82458427,-2.15562487399686,0.116600321244063,-18.4872978993325,2.61325155155051e-76,1.29607538131248e-74,"HAVANA","gene",NA,NA,"protein_coding","SLC16A3","1","HGNC:10924","OTTHUMG00000178832.2"
"ENSG00000225731.1",12.8820389382862,2.9618948855342,0.16021722335182,18.4867445807009,2.64019881206893e-76,1.30808609189475e-74,"HAVANA","gene",NA,NA,"lncRNA","PDE9A-AS1","2","HGNC:40440","OTTHUMG00000153501.1"
"ENSG00000182463.16",1334.92927101061,2.35202702010962,0.12729264799477,18.477320231458,3.14414604906723e-76,1.55455146760383e-74,"HAVANA","gene",NA,NA,"protein_coding","TSHZ2","2","HGNC:13010","OTTHUMG00000033058.9"
"ENSG00000130032.17",103.534252521606,2.95214620984292,0.159789267926187,18.4752471061237,3.26727902225846e-76,1.61376637068457e-74,"HAVANA","gene",NA,NA,"protein_coding","PRRG3","2","HGNC:30798","OTTHUMG00000024170.5"
"ENSG00000151623.15",584.179730415132,2.1440046417734,0.116266818278272,18.4403828497478,6.22985751468578e-76,3.05498949363967e-74,"HAVANA","gene",NA,NA,"protein_coding","NR3C2","1","HGNC:7979","OTTHUMG00000161455.3"
"ENSG00000276180.1",853.657546352807,-2.02242573926933,0.109796448513667,-18.419773741749,9.11838475943743e-76,4.45777361045558e-74,"HAVANA","gene",NA,NA,"protein_coding","H4C9","2","HGNC:4793","OTTHUMG00000014471.1"
"ENSG00000260102.2",4.3808736583064,4.91345061658813,0.266793012003882,18.416714064897,9.64858922164264e-76,4.71217033240468e-74,"HAVANA","gene",NA,NA,"lncRNA","LINC01070","2","HGNC:49110","OTTHUMG00000176078.2"
"ENSG00000259345.7",108.981338261911,-3.20357791997959,0.173989122637187,-18.4125183886345,1.04259719782209e-75,5.07115043123414e-74,"HAVANA","gene",NA,NA,"lncRNA","AC013652.1","2",NA,"OTTHUMG00000172466.4"
"ENSG00000254973.2",96.2913353687772,-2.10282183410227,0.114260020196612,-18.4038286575116,1.2240270658194e-75,5.94757978939222e-74,"HAVANA","gene",NA,NA,"lncRNA","AC105219.3","2",NA,"OTTHUMG00000165152.2"
"ENSG00000196890.4",162.731283832622,-3.17985888800051,0.172876888625107,-18.3937767117975,1.47348923586595e-75,7.14522968525684e-74,"HAVANA","gene",NA,NA,"protein_coding","H2BU1","2","HGNC:20514","OTTHUMG00000040045.1"
"ENSG00000105141.6",1040.01508594814,-6.40151051528243,0.348080446118803,-18.3908937909645,1.55396961181919e-75,7.52787503561752e-74,"HAVANA","gene",NA,NA,"protein_coding","CASP14","2","HGNC:1502","OTTHUMG00000183205.2"
"ENSG00000181778.5",9.0700484231028,3.21592322077911,0.174879271654536,18.3893905226915,1.5976587573036e-75,7.73170010731471e-74,"HAVANA","gene",NA,NA,"protein_coding","TMEM252","2","HGNC:28537","OTTHUMG00000019967.1"
"ENSG00000049249.9",193.269834089833,-2.6999835856042,0.146899397341194,-18.3798139030695,1.90621478907101e-75,9.20632565971694e-74,"HAVANA","gene",NA,NA,"protein_coding","TNFRSF9","1","HGNC:11924","OTTHUMG00000001223.5"
"ENSG00000134121.10",788.203351289374,2.98597072780955,0.162463877384548,18.3792900666886,1.9247107614031e-75,9.28629331105968e-74,"HAVANA","gene",NA,NA,"protein_coding","CHL1","2","HGNC:1939","OTTHUMG00000090601.12"
"ENSG00000123388.4",508.177965443066,-3.58488152058672,0.195144008975367,-18.3704410881465,2.26563089982584e-75,1.09091835588599e-73,"HAVANA","gene",NA,NA,"protein_coding","HOXC11","1","HGNC:5123","OTTHUMG00000160011.3"
"ENSG00000149451.18",428.267411921929,2.70340936821263,0.147191202565787,18.366650459319,2.42950312696646e-75,1.16864954631489e-73,"HAVANA","gene",NA,NA,"protein_coding","ADAM33","2","HGNC:15478","OTTHUMG00000031758.4"
"ENSG00000248441.7",62.9588043178089,2.02901866378748,0.110490143396578,18.3637979046222,2.56056768146538e-75,1.23045935425282e-73,"HAVANA","gene",NA,NA,"lncRNA","LINC01197","2","HGNC:49597","OTTHUMG00000171818.21"
"ENSG00000132026.14",45.2539298812201,-5.4312085145733,0.296023620525445,-18.3472133234937,3.47483012142659e-75,1.66312798319229e-73,"HAVANA","gene",NA,NA,"protein_coding","RTBDN","1","HGNC:30310","OTTHUMG00000180482.5"
"ENSG00000182253.15",5276.86021638058,3.06693970686812,0.167206330065598,18.3422464069686,3.80734274108482e-75,1.8204569932672e-73,"HAVANA","gene",NA,NA,"protein_coding","SYNM","1","HGNC:24466","OTTHUMG00000171887.6"
"ENSG00000196748.10",85.1194054497779,-3.36607805412528,0.183664288635879,-18.3273410368777,5.00794963938439e-75,2.38263026040622e-73,"HAVANA","gene",NA,NA,"protein_coding","CLPSL2","2","HGNC:21250","OTTHUMG00000014581.4"
"ENSG00000256508.2",3.54498255903417,3.075861668124,0.167996361813565,18.3090969049523,7.00214609672477e-75,3.32151306429786e-73,"HAVANA","gene",NA,NA,"lncRNA","MRGPRF-AS1","2","HGNC:51140","OTTHUMG00000172940.1"
"ENSG00000224209.8",19.5706836293831,-3.94477911219813,0.215572369822433,-18.2990942459252,8.41360106470141e-75,3.97922632783657e-73,"HAVANA","gene",NA,NA,"lncRNA","LINC00466","2","HGNC:27294","OTTHUMG00000009143.28"
"ENSG00000196684.12",1173.45644732904,-2.66583506051885,0.145683357383713,-18.2988304799796,8.45442982206022e-75,3.99459302539354e-73,"HAVANA","gene",NA,NA,"protein_coding","HSH2D","2","HGNC:24920","OTTHUMG00000182256.5"
"ENSG00000166960.16",36.005398055252,2.89620959857264,0.158330109626393,18.2922225305518,9.5443132805017e-75,4.50510393368312e-73,"HAVANA","gene",NA,NA,"protein_coding","CCDC178","2","HGNC:29588","OTTHUMG00000132279.7"
"ENSG00000225077.3",23.7697932335178,-2.6468223726536,0.144716073838103,-18.2897607878352,9.98523018349511e-75,4.70858639853593e-73,"HAVANA","gene",NA,NA,"lncRNA","LINC00337","2","HGNC:28620","OTTHUMG00000001255.5"
"ENSG00000179934.7",49.6834432518826,-3.23285746039882,0.176926259220211,-18.2723439394886,1.37419396492867e-74,6.46100420605814e-73,"HAVANA","gene",NA,NA,"protein_coding","CCR8","2","HGNC:1609","OTTHUMG00000131290.3"
"ENSG00000111452.13",272.270146245889,2.52734567376041,0.138386230644905,18.2629851393634,1.63123934905528e-74,7.65452274370604e-73,"HAVANA","gene",NA,NA,"protein_coding","ADGRD1","1","HGNC:19893","OTTHUMG00000168339.5"
"ENSG00000181997.8",6.42735606284074,5.44251952807764,0.298067820375833,18.2593327961911,1.74409344723104e-74,8.176077989906e-73,"HAVANA","gene",NA,NA,"unprocessed_pseudogene","AQP7P2","2","HGNC:32049","OTTHUMG00000013329.2"
"ENSG00000231057.4",24.3802564378457,-2.93429630732138,0.160745562656009,-18.2542911843899,1.91277139378999e-74,8.9580525392452e-73,"HAVANA","gene",NA,NA,"lncRNA","AC096637.2","2",NA,"OTTHUMG00000037123.4"
"ENSG00000287401.1",36.1393678766504,2.0330245390214,0.111426599516826,18.2454148994685,2.25021906838298e-74,1.05076019070398e-72,"HAVANA","gene",NA,NA,"lncRNA","AC034139.1","2",NA,"OTTHUMG00000194874.1"
"ENSG00000173825.7",58.9146256859806,-2.03704116541948,0.111666175004468,-18.2422400099043,2.38481775320733e-74,1.11144570579925e-72,"HAVANA","gene",NA,NA,"protein_coding","TIGD3","2","HGNC:18334","OTTHUMG00000165986.2"
"ENSG00000158578.21",9.32208465627788,3.29666235659662,0.180718734017847,18.2419513644394,2.39744583492419e-74,1.1162451890303e-72,"HAVANA","gene",NA,NA,"protein_coding","ALAS2","1","HGNC:397","OTTHUMG00000021641.10"
"ENSG00000233608.4",322.245111898565,2.28678648168996,0.125485002471396,18.2235839873472,3.35446893064609e-74,1.55880316651071e-72,"HAVANA","gene",NA,NA,"protein_coding","TWIST2","2","HGNC:20670","OTTHUMG00000152836.4"
"ENSG00000132561.14",2882.669151804,2.52773729707062,0.138796492041972,18.2118240877892,4.15857939086715e-74,1.92872738254061e-72,"HAVANA","gene",NA,NA,"protein_coding","MATN2","1","HGNC:6908","OTTHUMG00000164795.5"
"ENSG00000174469.23",2192.53290357357,-3.95868112070966,0.21737703182808,-18.211128781262,4.21173229494478e-74,1.95149027321861e-72,"HAVANA","gene",NA,NA,"protein_coding","CNTNAP2","1","HGNC:13830","OTTHUMG00000152743.11"
"ENSG00000173253.15",71.8860237784208,2.8147285745207,0.15476438397931,18.1871855923712,6.52034759503849e-74,3.01243831512338e-72,"HAVANA","gene",NA,NA,"protein_coding","DMRT2","2","HGNC:2935","OTTHUMG00000019437.3"
"ENSG00000157404.16",3573.23411662137,2.94695205635072,0.162078200283714,18.1822851635332,7.12998095220276e-74,3.28775156323421e-72,"HAVANA","gene",NA,NA,"protein_coding","KIT","1","HGNC:6342","OTTHUMG00000128713.3"
"ENSG00000167702.13",1159.65936780594,-2.08531636587534,0.114711701287094,-18.178758945056,7.60350903088681e-74,3.49936712458969e-72,"HAVANA","gene",NA,NA,"protein_coding","KIFC2","2","HGNC:29530","OTTHUMG00000165133.6"
"ENSG00000103269.14",255.019530931927,-2.60966612922414,0.143680876562974,-18.1629329640145,1.01456706345454e-73,4.66039386482331e-72,"HAVANA","gene",NA,NA,"protein_coding","RHBDL1","1","HGNC:10007","OTTHUMG00000121141.4"
"ENSG00000123364.5",589.365171636629,-2.98871292428207,0.164599171264144,-18.1575210939907,1.1196755967898e-73,5.12845677267678e-72,"HAVANA","gene",NA,NA,"protein_coding","HOXC13","2","HGNC:5125","OTTHUMG00000160008.4"
"ENSG00000160345.13",509.208805188817,-2.06371290422982,0.113690417399944,-18.1520391201487,1.23721536359097e-73,5.65061850044267e-72,"HAVANA","gene",NA,NA,"protein_coding","C9orf116","2","HGNC:28435","OTTHUMG00000020902.3"
"ENSG00000259744.1",3.1454038506971,2.79370732200877,0.153991648372449,18.1419404983043,1.48687399800242e-73,6.77149555554145e-72,"HAVANA","gene",NA,NA,"lncRNA","AC009269.4","2",NA,"OTTHUMG00000172181.1"
"ENSG00000140451.13",187.163523971487,-2.35433901330351,0.129812781969202,-18.136419061276,1.64400088870816e-73,7.47996985546133e-72,"HAVANA","gene",NA,NA,"protein_coding","PIF1","2","HGNC:26220","OTTHUMG00000132974.4"
"ENSG00000136842.14",201.394628780784,2.82139125621308,0.155637915991293,18.1279172124801,1.9189072075715e-73,8.7224709976044e-72,"HAVANA","gene",NA,NA,"protein_coding","TMOD1","1","HGNC:11871","OTTHUMG00000020325.3"
"ENSG00000102802.10",689.421769684376,2.38393177524541,0.131677266328951,18.1043534826274,2.94448072258075e-73,1.32584653589139e-71,"HAVANA","gene",NA,NA,"protein_coding","MEDAG","1","HGNC:25926","OTTHUMG00000016679.2"
"ENSG00000128016.7",11897.1887375708,2.21932473571463,0.122630508970543,18.097655749335,3.32522045024497e-73,1.49447759635306e-71,"HAVANA","gene",NA,NA,"protein_coding","ZFP36","1","HGNC:12862","OTTHUMG00000182970.4"
"ENSG00000197083.11",88.4492820361708,2.1651800822177,0.119718675859063,18.0855665724755,4.1408987665291e-73,1.85758857588398e-71,"HAVANA","gene",NA,NA,"transcribed_unprocessed_pseudogene","ZNF300P1","1","HGNC:27032","OTTHUMG00000154830.2"
"ENSG00000126709.15",21382.2975203793,-2.8991079032589,0.160315436141288,-18.0837726736675,4.27786272625757e-73,1.91544302070094e-71,"HAVANA","gene",NA,NA,"protein_coding","IFI6","2","HGNC:4054","OTTHUMG00000003518.2"
"ENSG00000286878.1",4.43929747471911,2.87838560847016,0.159169117915378,18.083819563544,4.2742258470335e-73,1.91544302070094e-71,"HAVANA","gene",NA,NA,"lncRNA","AC100805.1","2",NA,"OTTHUMG00000195591.1"
"ENSG00000229847.9",162.279513247297,2.3576295226741,0.130439957670431,18.0744425617715,5.0664814359841e-73,2.26220993101583e-71,"HAVANA","gene",NA,NA,"lncRNA","EMX2OS","1","HGNC:18511","OTTHUMG00000019125.8"
"ENSG00000008300.17",874.52747977678,-2.50439312568751,0.138610134713228,-18.0678933100301,5.70509386342834e-73,2.54498181561315e-71,"HAVANA","gene",NA,NA,"protein_coding","CELSR3","2","HGNC:3230","OTTHUMG00000133544.3"
"ENSG00000078549.15",206.566638893018,2.62778926331748,0.145443081545638,18.0674751620476,5.74849111434112e-73,2.56195543523798e-71,"HAVANA","gene",NA,NA,"protein_coding","ADCYAP1R1","2","HGNC:242","OTTHUMG00000023884.6"
"ENSG00000131730.16",134.270832357578,2.24171181066441,0.124090163915887,18.0651853452618,5.99204029941213e-73,2.66801720023081e-71,"HAVANA","gene",NA,NA,"protein_coding","CKMT2","2","HGNC:1996","OTTHUMG00000119013.5"
"ENSG00000189334.9",12203.7501867633,-2.66950206427123,0.147937052560974,-18.0448509555843,8.65977885814686e-73,3.84513443089728e-71,"HAVANA","gene",NA,NA,"protein_coding","S100A14","2","HGNC:18901","OTTHUMG00000035030.5"
"ENSG00000128918.15",254.309038388649,2.73480625991924,0.151572113892967,18.0429380423527,8.96484631162797e-73,3.97690543324163e-71,"HAVANA","gene",NA,NA,"protein_coding","ALDH1A2","2","HGNC:15472","OTTHUMG00000132624.6"
"ENSG00000184113.9",924.843367572718,2.57177302571802,0.142552029970041,18.0409428491373,9.29445548600177e-73,4.11930954980892e-71,"HAVANA","gene",NA,NA,"protein_coding","CLDN5","2","HGNC:2047","OTTHUMG00000150441.5"
"ENSG00000121594.12",74.205014393348,-2.27152218391698,0.125959862374781,-18.0336985218219,1.05960945131477e-72,4.6875243594174e-71,"HAVANA","gene",NA,NA,"protein_coding","CD80","2","HGNC:1700","OTTHUMG00000159419.2"
"ENSG00000138829.12",739.974634436091,-3.07125736064336,0.170346991685372,-18.0294194235958,1.14487456854895e-72,5.06004986892805e-71,"HAVANA","gene",NA,NA,"protein_coding","FBN2","1","HGNC:3604","OTTHUMG00000163082.4"
"ENSG00000267365.1",26.3300481149418,2.18227850876438,0.121106080646648,18.01956183465,1.36822829435379e-72,6.04164217350139e-71,"HAVANA","gene",NA,NA,"lncRNA","KCNJ2-AS1","2","HGNC:43720","OTTHUMG00000180350.1"
"ENSG00000224525.2",11.8849425995569,4.60398936863963,0.255717929818918,18.0041711267562,1.8068434103303e-72,7.96374128692961e-71,"HAVANA","gene",NA,NA,"lncRNA","AL591686.1","2",NA,"OTTHUMG00000039869.3"
"ENSG00000170091.11",76.7630701418862,-4.96748405381348,0.275939266487751,-18.0020919713287,1.87597297703699e-72,8.26083321046343e-71,"HAVANA","gene",NA,NA,"protein_coding","NSG2","2","HGNC:24955","OTTHUMG00000130543.8"
"ENSG00000154734.16",4212.2172732865,2.24072577750306,0.124490575229939,17.9991599634298,1.97796258388539e-72,8.70194558254812e-71,"HAVANA","gene",NA,NA,"protein_coding","ADAMTS1","2","HGNC:217","OTTHUMG00000078688.5"
"ENSG00000105219.10",455.833182069123,-3.0249394579794,0.168144965207084,-17.9900685950004,2.33069181264985e-72,1.02349628546338e-70,"HAVANA","gene",NA,NA,"protein_coding","CCNP","2","HGNC:25805","OTTHUMG00000160481.5"
"ENSG00000187134.14",1105.33468554549,3.46087762494454,0.19246313234668,17.9820289878195,2.69449330959237e-72,1.18217192731292e-70,"HAVANA","gene",NA,NA,"protein_coding","AKR1C1","2","HGNC:384","OTTHUMG00000017580.4"
"ENSG00000285094.1",200.628584928912,-4.93432552522968,0.27447083465129,-17.9775950748962,2.9188105832753e-72,1.27941642309899e-70,"HAVANA","gene",NA,NA,"lncRNA","LINC01488","2","HGNC:51144","OTTHUMG00000192568.1"
"ENSG00000267795.6",906.426565010816,-2.60865739637128,0.145144077423377,-17.972882136706,3.1776851120407e-72,1.39161694440466e-70,"HAVANA","gene",NA,NA,"protein_coding","SMIM22","2","HGNC:48329","OTTHUMG00000177849.3"
"ENSG00000267653.1",29.3212406051744,5.02318850457133,0.279573258249527,17.9673425706832,3.5113689951827e-72,1.53634418775528e-70,"HAVANA","gene",NA,NA,"lncRNA","AC002546.1","2",NA,"OTTHUMG00000180313.1"
"ENSG00000049283.18",2324.63111645487,-2.18355334757241,0.121558776290791,-17.962942818287,3.80110410501893e-72,1.65679657920294e-70,"HAVANA","gene",NA,NA,"protein_coding","EPN3","2","HGNC:18235","OTTHUMG00000162155.6"
"ENSG00000226237.2",91.0404510047071,2.00332527771247,0.11161650693279,17.9482885888803,4.94921233865487e-72,2.14779676761735e-70,"HAVANA","gene",NA,NA,"lncRNA","GAS1RR","2","HGNC:52261","OTTHUMG00000020143.3"
"ENSG00000197245.6",203.689898174659,2.14449728512462,0.119497870066794,17.9459038385031,5.16631593292104e-72,2.23391873958707e-70,"HAVANA","gene",NA,NA,"protein_coding","FAM110D","2","HGNC:25860","OTTHUMG00000007537.3"
"ENSG00000188610.12",71.3252481160904,-2.35654572509827,0.131394754874575,-17.9348538482206,6.30292001319616e-72,2.72095189629092e-70,"HAVANA","gene",NA,NA,"protein_coding","FAM72B","2","HGNC:24805","OTTHUMG00000185025.1"
"ENSG00000222032.1",18.8220680556412,-3.52280460376462,0.19642237071568,-17.9348441367905,6.30402130011045e-72,2.72095189629092e-70,"HAVANA","gene",NA,NA,"lncRNA","AC112721.2","2",NA,"OTTHUMG00000152980.2"
"ENSG00000186105.8",26.2254297939431,2.02262989041793,0.112809825792521,17.9295542405847,6.93333120625962e-72,2.98450941681849e-70,"HAVANA","gene",NA,NA,"protein_coding","LRRC70","1","HGNC:35155","OTTHUMG00000154401.6"
"ENSG00000228692.2",1.89920011103618,2.65513296282404,0.148106861568305,17.9271435145462,7.24052971836729e-72,3.11394774512547e-70,"HAVANA","gene",NA,NA,"lncRNA","AL445307.1","2",NA,"OTTHUMG00000015978.2"
"ENSG00000125740.14",6838.67973873816,3.43552923659688,0.1917480808725,17.9168898116966,8.70615305337929e-72,3.74091293979732e-70,"HAVANA","gene",NA,NA,"protein_coding","FOSB","1","HGNC:3797","OTTHUMG00000182122.3"
"ENSG00000237594.2",40.5486702657938,-2.60732594552074,0.145572316210867,-17.9108639155259,9.70180064850963e-72,4.16126471862217e-70,"HAVANA","gene",NA,NA,"lncRNA","AP000251.1","2",NA,"OTTHUMG00000186474.1"
"ENSG00000237238.3",28.7940563605314,2.72359230649545,0.152142035853023,17.9016423122311,1.14495187089063e-71,4.89336700574219e-70,"HAVANA","gene",NA,NA,"transcribed_unprocessed_pseudogene","BMS1P10","2","HGNC:49154","OTTHUMG00000067277.2"
"ENSG00000145936.9",604.221409039893,2.41636913938222,0.135057452171277,17.8914165826098,1.3756626473424e-71,5.85848866081548e-70,"HAVANA","gene",NA,NA,"protein_coding","KCNMB1","2","HGNC:6285","OTTHUMG00000130439.4"
"ENSG00000107954.10",824.414141987332,-3.48899734433544,0.195053448671128,-17.8873912156155,1.47871073878623e-71,6.28616073604688e-70,"HAVANA","gene",NA,NA,"protein_coding","NEURL1","2","HGNC:7761","OTTHUMG00000018995.2"
"ENSG00000102385.12",65.9994259805776,-2.11379057634061,0.118175160595026,-17.8869278932851,1.49105488982026e-71,6.33301771022064e-70,"HAVANA","gene",NA,NA,"protein_coding","DRP2","2","HGNC:3032","OTTHUMG00000022020.3"
"ENSG00000261625.1",19.3377108008404,2.28409568561595,0.127709983783208,17.8850205594989,1.54296263020284e-71,6.54768287094936e-70,"HAVANA","gene",NA,NA,"lncRNA","AP003071.4","2",NA,"OTTHUMG00000172938.1"
"ENSG00000004846.16",57.0888049066522,3.54504588702644,0.198472166318836,17.8616777998558,2.344836334757e-71,9.91536706074209e-70,"HAVANA","gene",NA,NA,"protein_coding","ABCB5","1","HGNC:46","OTTHUMG00000094789.7"
"ENSG00000129654.8",376.285535743024,-4.49329651881227,0.251757834309722,-17.8476929273408,3.01225668427514e-71,1.2703980435178e-69,"HAVANA","gene",NA,NA,"protein_coding","FOXJ1","2","HGNC:3816","OTTHUMG00000180120.2"
"ENSG00000277224.2",112.483373043962,-3.79223191423226,0.212485506577362,-17.8470144873226,3.0490670673878e-71,1.28479158485971e-69,"HAVANA","gene",NA,NA,"protein_coding","H2BC7","2","HGNC:4752","OTTHUMG00000014445.3"
"ENSG00000154678.18",380.939995048522,2.73733547419416,0.153404339595148,17.8439246335423,3.2224683369438e-71,1.35666483324233e-69,"HAVANA","gene",NA,NA,"protein_coding","PDE1C","1","HGNC:8776","OTTHUMG00000023836.10"
"ENSG00000146374.14",273.175773517508,2.45919904822887,0.137895444449964,17.8337947133648,3.86290000323401e-71,1.62343455399071e-69,"HAVANA","gene",NA,NA,"protein_coding","RSPO3","2","HGNC:20866","OTTHUMG00000015521.2"
"ENSG00000108821.14",379284.331786689,-2.26172473189326,0.126927969079007,-17.8189625840892,5.03618185688074e-71,2.11466672009778e-69,"HAVANA","gene",NA,NA,"protein_coding","COL1A1","2","HGNC:2197","OTTHUMG00000148674.9"
"ENSG00000132329.11",1087.1563931791,-3.07610871671216,0.172644988659442,-17.8175384098756,5.16602715880962e-71,2.16728862678256e-69,"HAVANA","gene",NA,NA,"protein_coding","RAMP1","1","HGNC:9843","OTTHUMG00000133337.4"
"ENSG00000109705.8",63.5519763023273,-2.93964966463742,0.165049271977019,-17.8107399652556,5.83335119598464e-71,2.44510809973424e-69,"HAVANA","gene",NA,NA,"protein_coding","NKX3-2","2","HGNC:951","OTTHUMG00000090657.4"
"ENSG00000157613.11",4322.64387710128,-2.28984779417783,0.128568137443903,-17.8103831921571,5.87065311505363e-71,2.458592576418e-69,"HAVANA","gene",NA,NA,"protein_coding","CREB3L1","1","HGNC:18856","OTTHUMG00000166423.8"
"ENSG00000180139.11",170.37531619885,2.63959825706734,0.148218540047074,17.8088264547,6.03621788060503e-71,2.52572225903744e-69,"HAVANA","gene",NA,NA,"lncRNA","ACTA2-AS1","2","HGNC:45169","OTTHUMG00000018703.6"
"ENSG00000105173.14",506.609211663883,-2.81487057951317,0.158229644917879,-17.7897800438981,8.48121648469384e-71,3.53950419670455e-69,"HAVANA","gene",NA,NA,"protein_coding","CCNE1","1","HGNC:1589","OTTHUMG00000177626.4"
"ENSG00000166292.12",269.478731805377,3.24817616012343,0.182773342614724,17.7716077938696,1.17280659045306e-70,4.8817692222942e-69,"HAVANA","gene",NA,NA,"protein_coding","TMEM100","2","HGNC:25607","OTTHUMG00000177858.5"
"ENSG00000101230.6",843.360832689769,2.18386031071267,0.122901487579651,17.7691934712941,1.22438437401043e-70,5.08761971889329e-69,"HAVANA","gene",NA,NA,"protein_coding","ISM1","2","HGNC:16213","OTTHUMG00000031902.3"
"ENSG00000115593.15",244.841104585522,4.95811042577984,0.279190493184493,17.7588798573576,1.4714179809812e-70,6.10351822240773e-69,"HAVANA","gene",NA,NA,"protein_coding","SMYD1","1","HGNC:20986","OTTHUMG00000155045.3"
"ENSG00000166670.10",300.6939509458,-3.83858154837728,0.216183890563588,-17.7560943064266,1.54627191897358e-70,6.4084677887564e-69,"HAVANA","gene",NA,NA,"protein_coding","MMP10","2","HGNC:7156","OTTHUMG00000168083.3"
"ENSG00000103260.9",3174.72217691567,-2.38277207316989,0.134270217119706,-17.7460953313688,1.84762188112881e-70,7.63758104615022e-69,"HAVANA","gene",NA,NA,"protein_coding","METRN","2","HGNC:14151","OTTHUMG00000047851.7"
"ENSG00000255398.3",23.6640879520378,2.21182828063033,0.124649102008432,17.7444381467001,1.90293861337106e-70,7.85269500143045e-69,"HAVANA","gene",NA,NA,"protein_coding","HCAR3","2","HGNC:16824","OTTHUMG00000166034.3"
"ENSG00000259134.7",36.4325957349002,2.34049903913291,0.131954456115919,17.7371731734231,2.16558980927635e-70,8.92886469556196e-69,"HAVANA","gene",NA,NA,"lncRNA","LINC00924","2","HGNC:27081","OTTHUMG00000171819.7"
"ENSG00000287335.1",43.8727999418361,-3.59953070351398,0.203023583201034,-17.7296186322834,2.47708821048769e-70,1.01956440003836e-68,"HAVANA","gene",NA,NA,"lncRNA","AL139351.3","2",NA,"OTTHUMG00000195110.1"
"ENSG00000271334.6",9.22570073820981,2.50308378606371,0.141307782744157,17.7137008128961,3.28729987808268e-70,1.35188443913254e-68,"HAVANA","gene",NA,NA,"lncRNA","LINC02104","2","HGNC:52959","OTTHUMG00000185121.3"
"ENSG00000143195.13",105.981334660556,-2.28961229502545,0.12926866654087,-17.7120438873063,3.38552296783841e-70,1.39108409424647e-68,"HAVANA","gene",NA,NA,"protein_coding","ILDR2","1","HGNC:18131","OTTHUMG00000034320.7"
"ENSG00000174611.12",78.7644589626804,3.3142775786926,0.187140024402651,17.7101482661005,3.50148889904422e-70,1.43750071253821e-68,"HAVANA","gene",NA,NA,"protein_coding","KY","2","HGNC:26576","OTTHUMG00000159788.2"
"ENSG00000267272.5",90.2294095007525,2.09545001353803,0.11839897074716,17.6982113975706,4.32836879719718e-70,1.77392770807286e-68,"HAVANA","gene",NA,NA,"lncRNA","LINC01140","2","HGNC:27922","OTTHUMG00000181765.1"
"ENSG00000083067.23",21.1985025390386,2.68622335261212,0.151818940992776,17.6935982759881,4.69774760100958e-70,1.92366741508008e-68,"HAVANA","gene",NA,NA,"protein_coding","TRPM3","1","HGNC:17992","OTTHUMG00000019997.11"
"ENSG00000106511.6",419.558532796354,2.67164746163615,0.151049187481643,17.687268009706,5.25628181171376e-70,2.14870701023214e-68,"HAVANA","gene",NA,NA,"protein_coding","MEOX2","2","HGNC:7014","OTTHUMG00000152390.3"
"ENSG00000229108.2",51.2621311895009,3.55075692270555,0.20076603919422,17.6860436005841,5.37172127071849e-70,2.19402528627556e-68,"HAVANA","gene",NA,NA,"lncRNA","LINC02587","1","HGNC:50672","OTTHUMG00000152388.2"
"ENSG00000090659.18",229.464490691592,2.59750810977359,0.146908031671624,17.681185162018,5.85523515013624e-70,2.38947458299001e-68,"HAVANA","gene",NA,NA,"protein_coding","CD209","1","HGNC:1641","OTTHUMG00000182530.4"
"ENSG00000101306.11",23.9995120580528,-2.54801328697026,0.144192941215034,-17.6708600677645,7.03166280234562e-70,2.86712310519471e-68,"HAVANA","gene",NA,NA,"protein_coding","MYLK2","2","HGNC:16243","OTTHUMG00000032194.3"
"ENSG00000166961.15",219.025240457986,-4.63366866172884,0.262257245302482,-17.6684104814128,7.34371072417054e-70,2.98720844008384e-68,"HAVANA","gene",NA,NA,"protein_coding","MS4A15","2","HGNC:28573","OTTHUMG00000167688.2"
"ENSG00000251257.2",10.2319475642032,2.46301844961227,0.139416338107377,17.6666413925983,7.57762015273354e-70,3.07925175163243e-68,"HAVANA","gene",NA,NA,"lncRNA","AC010457.1","1",NA,"OTTHUMG00000162102.2"
"ENSG00000105519.18",1919.255852234,-2.66482279802687,0.150866315767124,-17.6634710304736,8.01553994060112e-70,3.25444507249322e-68,"HAVANA","gene",NA,NA,"protein_coding","CAPS","2","HGNC:1487","OTTHUMG00000180619.7"
"ENSG00000017427.17",199.779609828482,2.5024152850297,0.141696539220241,17.6603839359843,8.46618398474289e-70,3.43450359618147e-68,"HAVANA","gene",NA,NA,"protein_coding","IGF1","1","HGNC:5464","OTTHUMG00000149910.3"
"ENSG00000036448.10",137.364104566699,2.53472747894925,0.14354256396446,17.6583684235766,8.77394012047688e-70,3.55634070365522e-68,"HAVANA","gene",NA,NA,"protein_coding","MYOM2","2","HGNC:7614","OTTHUMG00000129175.8"
"ENSG00000172935.9",245.692553503926,2.07203851139268,0.117381596054004,17.652158268826,9.79407312273797e-70,3.96312536579709e-68,"HAVANA","gene",NA,NA,"protein_coding","MRGPRF","2","HGNC:24828","OTTHUMG00000167897.2"
"ENSG00000196421.8",137.489912164085,-2.39676746963275,0.135802908773759,-17.6488669592907,1.03818180582785e-69,4.19740846558755e-68,"HAVANA","gene",NA,NA,"protein_coding","C20orf204","2","HGNC:27655","OTTHUMG00000033015.3"
"ENSG00000197191.6",134.56026353598,-2.28158631683735,0.12934493674042,-17.6395487472093,1.2243476458051e-69,4.93343109424074e-68,"HAVANA","gene",NA,NA,"protein_coding","CYSRT1","2","HGNC:30529","OTTHUMG00000153383.3"
"ENSG00000163687.14",110.734290172374,2.77952719525046,0.157820550508211,17.6119471532692,1.99463876695669e-69,7.97023714135907e-68,"HAVANA","gene",NA,NA,"protein_coding","DNASE1L3","1","HGNC:2959","OTTHUMG00000159153.5"
"ENSG00000169313.10",113.888971591735,2.50965612429608,0.142527093990097,17.6082740062774,2.12836642140328e-69,8.49042758113499e-68,"HAVANA","gene",NA,NA,"protein_coding","P2RY12","2","HGNC:18124","OTTHUMG00000159863.1"
"ENSG00000146477.6",172.711109939089,2.84931159551165,0.161855438463468,17.6040522490985,2.29313977340112e-69,9.14012700030348e-68,"HAVANA","gene",NA,NA,"protein_coding","SLC22A3","2","HGNC:10967","OTTHUMG00000015953.2"
"ENSG00000267751.5",49.5054664320795,-2.44399585372382,0.138842976825653,-17.6025889792955,2.35316907601008e-69,9.3715985396212e-68,"HAVANA","gene",NA,NA,"lncRNA","AC009005.1","2",NA,"OTTHUMG00000180622.3"
"ENSG00000188624.3",28.9993892521665,-4.93006569023411,0.280081181352713,-17.6022739779348,2.36629522098098e-69,9.41604684694342e-68,"HAVANA","gene",NA,NA,"protein_coding","IGFL3","2","HGNC:32930","OTTHUMG00000172904.2"
"ENSG00000277157.2",23.675612728042,-3.6425427674281,0.207002381050135,-17.5966225554956,2.61458797747329e-69,1.03696117550286e-67,"HAVANA","gene",NA,NA,"protein_coding","H4C4","2","HGNC:4782","OTTHUMG00000014423.2"
"ENSG00000276409.5",33.0940695097564,3.34981843590531,0.190449269536542,17.5890327332685,2.98936691285394e-69,1.1836410644201e-67,"HAVANA","gene",NA,NA,"protein_coding","CCL14","2","HGNC:10612","OTTHUMG00000188403.3"
"ENSG00000270882.2",36.2545079026259,-2.74654783205927,0.156258123687155,-17.5769922692669,3.69673381667557e-69,1.46251459254274e-67,"HAVANA","gene",NA,NA,"protein_coding","H4C14","2","HGNC:4794","OTTHUMG00000012189.8"
"ENSG00000143171.13",36.6683254412564,3.02942798968328,0.172521668229889,17.5596956647005,5.01433409436304e-69,1.97563113865899e-67,"HAVANA","gene",NA,NA,"protein_coding","RXRG","2","HGNC:10479","OTTHUMG00000034626.5"
"ENSG00000163492.15",47.4162365619706,2.59225484699363,0.147645108955349,17.5573364084656,5.22711330186073e-69,2.05777319878511e-67,"HAVANA","gene",NA,NA,"protein_coding","CCDC141","2","HGNC:26821","OTTHUMG00000132578.9"
"ENSG00000235529.1",38.0722131698016,-2.74938498996424,0.156639559575118,-17.5523028628394,5.71164494125075e-69,2.24483108396492e-67,"HAVANA","gene",NA,NA,"lncRNA","AGAP1-IT1","2","HGNC:41427","OTTHUMG00000153124.1"
"ENSG00000101883.5",11.0664172749088,2.59193208294909,0.147671825100932,17.551974326704,5.74478319687449e-69,2.25600461444473e-67,"HAVANA","gene",NA,NA,"protein_coding","RHOXF1","2","HGNC:29993","OTTHUMG00000022290.3"
"ENSG00000258947.7",24.7235193476702,-2.9340711985024,0.167165915852261,-17.5518507079845,5.75730173327474e-69,2.25906900934638e-67,"HAVANA","gene",NA,NA,"protein_coding","TUBB3","1","HGNC:20772","OTTHUMG00000138985.4"
"ENSG00000204710.2",159.610014670284,-6.20066728914675,0.353595383509396,-17.5360527267234,7.60284605555228e-69,2.97106325058328e-67,"HAVANA","gene",NA,NA,"protein_coding","SPDYC","2","HGNC:32681","OTTHUMG00000165611.1"
"ENSG00000133110.15",67191.3786349941,-2.15708280750026,0.123021620123894,-17.5341765563474,7.85796628791486e-69,3.06575867144952e-67,"HAVANA","gene",NA,NA,"protein_coding","POSTN","2","HGNC:16953","OTTHUMG00000016751.3"
"ENSG00000266964.6",2.90501077066193,3.42814230390775,0.195686607298214,17.5185330832758,1.03458734541038e-68,4.02984387956188e-67,"HAVANA","gene",NA,NA,"protein_coding","FXYD1","2","HGNC:4025","OTTHUMG00000182359.2"
"ENSG00000279623.1",30.2336463236611,-2.76156300968176,0.157656139793744,-17.5163683018918,1.07470572962872e-68,4.17592469639188e-67,"HAVANA","gene",NA,NA,"lncRNA","AL359697.1","2",NA,"OTTHUMG00000189129.1"
"ENSG00000206120.11",5.32147680357409,3.29740469952284,0.188303483543427,17.5111189526262,1.17854478654326e-68,4.56829132065432e-67,"HAVANA","gene",NA,NA,"transcribed_unitary_pseudogene","EGFEM1P","1","HGNC:25149","OTTHUMG00000154721.3"
"ENSG00000180596.7",513.626345605714,-2.81057053269336,0.160555861706256,-17.5052502152517,1.30651649389155e-68,5.0520746749269e-67,"HAVANA","gene",NA,NA,"protein_coding","H2BC4","2","HGNC:4757","OTTHUMG00000014425.4"
"ENSG00000258942.1",3.02014507342544,2.82301707038385,0.16134948973377,17.496287562123,1.52917227094746e-68,5.90827770170102e-67,"HAVANA","gene",NA,NA,"lncRNA","AL358332.1","2",NA,"OTTHUMG00000171073.1"
"ENSG00000107807.13",113.716340697222,-5.92328547869166,0.338675781030214,-17.4895454900072,1.72124528674735e-68,6.63968290564136e-67,"HAVANA","gene",NA,NA,"protein_coding","TLX1","1","HGNC:5056","OTTHUMG00000019341.7"
"ENSG00000013297.12",550.879244751854,2.44463278458206,0.139785505098912,17.4884569244304,1.75443663526791e-68,6.75683755592327e-67,"HAVANA","gene",NA,NA,"protein_coding","CLDN11","1","HGNC:8514","OTTHUMG00000158940.4"
"ENSG00000259527.2",149.085760238026,-7.3427242189778,0.420069418291624,-17.4797876237691,2.04258376704253e-68,7.84764942093083e-67,"HAVANA","gene",NA,NA,"lncRNA","LINC00052","2","HGNC:26455","OTTHUMG00000171964.2"
"ENSG00000252410.1",1.0846478108598,3.8240050359412,0.218822063630168,17.4754088893164,2.20558822173762e-68,8.46034681372692e-67,"ENSEMBL","gene",NA,NA,"snRNA","RNU5B-3P","3","HGNC:34183",NA
"ENSG00000251448.2",2.45132916133386,3.70298766980109,0.211998071358501,17.4670818751889,2.55218814505817e-68,9.77420735649376e-67,"HAVANA","gene",NA,NA,"lncRNA","AC063919.1","2",NA,"OTTHUMG00000162677.4"
"ENSG00000140534.14",525.603421692721,-2.07913734353518,0.119041279048386,-17.4656838380414,2.61548425686354e-68,1.00086142768636e-66,"HAVANA","gene",NA,NA,"protein_coding","TICRR","1","HGNC:28704","OTTHUMG00000149648.6"
"ENSG00000182950.3",23.3273930904919,2.28848361909955,0.131096483360528,17.4564836556751,3.07288824235924e-68,1.17401974235591e-66,"HAVANA","gene",NA,NA,"protein_coding","ODF3L1","2","HGNC:28735","OTTHUMG00000142837.2"
"ENSG00000136014.12",38.6774155954526,2.27563878242012,0.130406708376913,17.4503199317237,3.42310056131642e-68,1.30366254286701e-66,"HAVANA","gene",NA,NA,"protein_coding","USP44","1","HGNC:20064","OTTHUMG00000170281.3"
"ENSG00000116690.13",662.75431092167,3.57482464872342,0.204898725622868,17.4467881040078,3.64141786563017e-68,1.38570555951026e-66,"HAVANA","gene",NA,NA,"protein_coding","PRG4","1","HGNC:9364","OTTHUMG00000035574.5"
"ENSG00000137225.13",115.865204550402,2.3468608577919,0.134581001868689,17.4382775072647,4.22620428602518e-68,1.60314685149221e-66,"HAVANA","gene",NA,NA,"protein_coding","CAPN11","1","HGNC:1478","OTTHUMG00000014758.5"
"ENSG00000139155.9",27.0521290054682,2.02600209205486,0.116193397680855,17.4364648292636,4.36237170395083e-68,1.65349073050858e-66,"HAVANA","gene",NA,NA,"protein_coding","SLCO1C1","2","HGNC:13819","OTTHUMG00000168966.2"
"ENSG00000167749.11",185.38545050837,-3.09590653731663,0.177555606487202,-17.4362646078415,4.37767788541295e-68,1.65798061257023e-66,"HAVANA","gene",NA,NA,"protein_coding","KLK4","2","HGNC:6365","OTTHUMG00000182964.2"
"ENSG00000287750.1",70.8620497439828,-2.23718365707013,0.128342305524017,-17.4313812420292,4.76802632358863e-68,1.80439290018271e-66,"HAVANA","gene",NA,NA,"lncRNA","AL353572.4","2",NA,"OTTHUMG00000194091.1"
"ENSG00000103257.9",6853.38663616222,-2.62065395910066,0.150451153623572,-17.4186365207776,5.95800679880524e-68,2.24939405619196e-66,"HAVANA","gene",NA,NA,"protein_coding","SLC7A5","2","HGNC:11063","OTTHUMG00000137658.4"
"ENSG00000186439.14",73.081426940035,4.34215651146512,0.249298720668049,17.4174841324071,6.07920601e-68,2.2933445664496e-66,"HAVANA","gene",NA,NA,"protein_coding","TRDN","2","HGNC:12261","OTTHUMG00000015497.4"
"ENSG00000172318.5",37.3192018246093,3.10242242300105,0.178186236225456,17.4111227035269,6.79384379846451e-68,2.55890767597826e-66,"HAVANA","gene",NA,NA,"protein_coding","B3GALT1","2","HGNC:916","OTTHUMG00000132163.2"
"ENSG00000138795.10",1439.18637170104,-2.02051581291616,0.116167261023127,-17.3931604749974,9.29636627412012e-68,3.49598829036966e-66,"HAVANA","gene",NA,NA,"protein_coding","LEF1","2","HGNC:6551","OTTHUMG00000131809.7"
"ENSG00000286406.1",8.42146280021022,2.8961245025103,0.166523868507459,17.3916479869706,9.54498418819923e-68,3.58666817613039e-66,"HAVANA","gene",NA,NA,"transcribed_unprocessed_pseudogene","AC138776.1","2",NA,"OTTHUMG00000193804.1"
"ENSG00000151320.11",306.877523726112,2.17176398129163,0.124945336761308,17.3817129761353,1.13511646978355e-67,4.25868677112997e-66,"HAVANA","gene",NA,NA,"protein_coding","AKAP6","1","HGNC:376","OTTHUMG00000140207.6"
"ENSG00000078596.11",1718.51691720114,2.21656154942144,0.127535251974805,17.3799911404836,1.16971561221346e-67,4.38163213300599e-66,"HAVANA","gene",NA,NA,"protein_coding","ITM2A","2","HGNC:6173","OTTHUMG00000021900.2"
"ENSG00000282988.2",49.712352799047,-3.22935835183583,0.185987374764283,-17.3633202572414,1.56410675817297e-67,5.84071354513382e-66,"HAVANA","gene",NA,NA,"protein_coding","AL031777.2","2",NA,"OTTHUMG00000191594.3"
"ENSG00000101251.13",8.42343035090317,3.68013655943061,0.212117474765813,17.3495208892791,1.98896101420924e-67,7.40988508481842e-66,"HAVANA","gene",NA,NA,"protein_coding","SEL1L2","2","HGNC:15897","OTTHUMG00000031910.5"
"ENSG00000162444.12",883.552898819218,2.21394297946507,0.127640546512902,17.3451386722266,2.14659556266613e-67,7.99093965868952e-66,"HAVANA","gene",NA,NA,"protein_coding","RBP7","2","HGNC:30316","OTTHUMG00000001798.3"
"ENSG00000178734.5",2.98905085547704,3.08193391208874,0.17771477537537,17.342024069631,2.26614443184179e-67,8.42942389204504e-66,"HAVANA","gene",NA,NA,"lncRNA","LMO7DN","2","HGNC:44370","OTTHUMG00000187426.1"
"ENSG00000166947.15",10.2650867798824,4.52020445246536,0.26072244258685,17.3372280790888,2.4633331287666e-67,9.13454258507801e-66,"HAVANA","gene",NA,NA,"protein_coding","EPB42","2","HGNC:3381","OTTHUMG00000130701.8"
"ENSG00000183150.8",99.5528005243668,-2.33987644542688,0.134976482529985,-17.3354380079291,2.54123761548764e-67,9.41614030611082e-66,"HAVANA","gene",NA,NA,"protein_coding","GPR19","2","HGNC:4473","OTTHUMG00000168705.4"
"ENSG00000197766.8",3231.03095908058,3.06766232481518,0.17707763008674,17.3238275400033,3.10968659091069e-67,1.15046397351761e-65,"HAVANA","gene",NA,NA,"protein_coding","CFD","2","HGNC:2771","OTTHUMG00000181840.6"
"ENSG00000248869.7",16.3113326841628,3.82579715000398,0.221008873116928,17.3106043031126,3.91286629950882e-67,1.443151843029e-65,"HAVANA","gene",NA,NA,"lncRNA","LINC02511","2","HGNC:53500","OTTHUMG00000161243.6"
"ENSG00000146592.17",534.118257162276,2.03111090398088,0.117375836970097,17.3043358531989,4.36283024992939e-67,1.60663487528145e-65,"HAVANA","gene",NA,NA,"protein_coding","CREB5","2","HGNC:16844","OTTHUMG00000097081.11"
"ENSG00000204403.9",11.8681489810071,2.17705830999722,0.125814506911177,17.3037145194568,4.41014792659092e-67,1.62281249741145e-65,"HAVANA","gene",NA,NA,"polymorphic_pseudogene","CASP12","1","HGNC:19004","OTTHUMG00000154965.6"
"ENSG00000223776.5",23.5772332561355,-2.32540735208389,0.13443331131567,-17.2978507285555,4.88267442871791e-67,1.79255886497989e-65,"HAVANA","gene",NA,NA,"lncRNA","LGALS8-AS1","2","HGNC:40340","OTTHUMG00000039952.2"
"ENSG00000173894.11",1463.08102188648,-2.69861195326808,0.156012806438,-17.297374586621,4.92318940058766e-67,1.80604903661681e-65,"HAVANA","gene",NA,NA,"protein_coding","CBX2","2","HGNC:1552","OTTHUMG00000177463.2"
"ENSG00000099617.4",23.5714896119901,-4.48947761764015,0.259673534531368,-17.2889302167135,5.70003002936825e-67,2.08623711770079e-65,"HAVANA","gene",NA,NA,"protein_coding","EFNA2","2","HGNC:3222","OTTHUMG00000180148.4"
"ENSG00000125508.3",309.878059991363,-2.35678698491418,0.136372408920915,-17.2819927693799,6.42879504612074e-67,2.34758819100339e-65,"HAVANA","gene",NA,NA,"protein_coding","SRMS","2","HGNC:11298","OTTHUMG00000032977.1"
"ENSG00000158104.11",47.8682469045174,2.79004704964153,0.161459913731809,17.2801222616525,6.64071078689111e-67,2.4231260761611e-65,"HAVANA","gene",NA,NA,"protein_coding","HPD","2","HGNC:5147","OTTHUMG00000169081.3"
"ENSG00000246465.1",71.8707786025774,-2.5420812919236,0.147269742379077,-17.2613956598104,9.18635080710748e-67,3.346905453753e-65,"HAVANA","gene",NA,NA,"lncRNA","AC138904.1","1",NA,"OTTHUMG00000166065.1"
"ENSG00000217275.2",82.0472691896729,-3.39765672100037,0.197027278754469,-17.2446005572378,1.22858927595117e-66,4.46598726940977e-65,"HAVANA","gene",NA,NA,"processed_pseudogene","AL031777.1","1",NA,"OTTHUMG00000014442.2"
"ENSG00000271880.1",6.04033135959714,2.86562027361353,0.166375154576914,17.2238474001764,1.75896812733163e-66,6.36977800305807e-65,"HAVANA","gene",NA,NA,"lncRNA","AGAP11","2","HGNC:29421","OTTHUMG00000185463.1"
"ENSG00000248309.7",27.0510210302794,2.076716953205,0.12071676117711,17.2032196105571,2.51178808885202e-66,9.06172946814009e-65,"HAVANA","gene",NA,NA,"lncRNA","MEF2C-AS1","2","HGNC:48908","OTTHUMG00000162630.6"
"ENSG00000226012.1",7.38969500451862,-4.45550655900888,0.259304650107986,-17.1825170013473,3.58991399709224e-66,1.2902684141087e-64,"HAVANA","gene",NA,NA,"lncRNA","AP001434.1","1",NA,"OTTHUMG00000090613.1"
"ENSG00000204866.8",95.0775339066475,-3.13713495648661,0.182746534393462,-17.1665906929442,4.72362552142913e-66,1.69266192020695e-64,"HAVANA","gene",NA,NA,"protein_coding","IGFL2","2","HGNC:32929","OTTHUMG00000182492.1"
"ENSG00000237813.4",7.81419208977468,3.07142970356331,0.178961996343591,17.1624689393073,5.0711271772224e-66,1.81176512349534e-64,"HAVANA","gene",NA,NA,"lncRNA","AC002066.1","1",NA,"OTTHUMG00000066052.5"
"ENSG00000159184.8",306.630639663765,-6.07096510221588,0.353875279778776,-17.1556631647487,5.70154864453608e-66,2.03244937172413e-64,"HAVANA","gene",NA,NA,"protein_coding","HOXB13","2","HGNC:5112","OTTHUMG00000159900.3"
"ENSG00000262152.7",96.6975775781959,-3.19202475452819,0.186137904057519,-17.1487090213598,6.42643092915887e-66,2.28744655138188e-64,"HAVANA","gene",NA,NA,"protein_coding","LINC00514","2","HGNC:27549","OTTHUMG00000177448.2"
"ENSG00000138696.11",10754.4712984774,-4.25054648060212,0.247878299925949,-17.1477151564777,6.53727161505396e-66,2.3251721089624e-64,"HAVANA","gene",NA,NA,"protein_coding","BMPR1B","2","HGNC:1077","OTTHUMG00000130991.6"
"ENSG00000142224.17",33.5965968308203,-3.80650829874767,0.22202815663749,-17.144259342578,6.9377217266677e-66,2.46394549981208e-64,"HAVANA","gene",NA,NA,"protein_coding","IL19","2","HGNC:5990","OTTHUMG00000036387.6"
"ENSG00000225938.1",12.898703692658,2.01674081738604,0.117638716105612,17.1435126474475,7.02740818419241e-66,2.49394908225673e-64,"HAVANA","gene",NA,NA,"lncRNA","AL109741.1","1",NA,"OTTHUMG00000010942.1"
"ENSG00000285637.2",39.740025272804,-3.58180459268934,0.208952811881507,-17.141691276787,7.25105175399644e-66,2.57141294991835e-64,"HAVANA","gene",NA,NA,"lncRNA","AL161449.2","2",NA,"OTTHUMG00000192712.2"
"ENSG00000222022.1",10.8000713971145,-3.68747927463903,0.215280395950833,-17.128727668641,9.06147716509104e-66,3.20158828155982e-64,"HAVANA","gene",NA,NA,"lncRNA","AC112721.1","2",NA,"OTTHUMG00000152981.1"
"ENSG00000101213.7",1228.61258173466,-2.02624867436402,0.118341384742802,-17.1220632475086,1.01609256093151e-65,3.58739827518266e-64,"HAVANA","gene",NA,NA,"protein_coding","PTK6","2","HGNC:9617","OTTHUMG00000033039.3"
"ENSG00000287747.1",7.28879637453304,-4.35080606326934,0.254186729723901,-17.1165743703269,1.11655579009879e-65,3.93091736828243e-64,"HAVANA","gene",NA,NA,"lncRNA","AF233439.2","2",NA,"OTTHUMG00000195144.1"
"ENSG00000128655.18",125.518263003919,2.43916331110427,0.142524971399105,17.1139365064246,1.16829983916831e-65,4.10963621839602e-64,"HAVANA","gene",NA,NA,"protein_coding","PDE11A","2","HGNC:8773","OTTHUMG00000154188.8"
"ENSG00000173432.12",5108.35944870345,3.51559503342748,0.205492272513441,17.1081617348776,1.29007090711628e-65,4.53465129566699e-64,"HAVANA","gene",NA,NA,"protein_coding","SAA1","2","HGNC:10513","OTTHUMG00000166147.7"
"ENSG00000174343.6",72.5364085602744,-5.15975147977072,0.301691396817861,-17.1027464959029,1.41572498564875e-65,4.97268211601405e-64,"HAVANA","gene",NA,NA,"protein_coding","CHRNA9","2","HGNC:14079","OTTHUMG00000099375.3"
"ENSG00000169436.17",515.688579144084,-3.28175960781301,0.191888727933062,-17.1024095222404,1.42393539915472e-65,4.99785677461558e-64,"HAVANA","gene",NA,NA,"protein_coding","COL22A1","2","HGNC:22989","OTTHUMG00000150035.3"
"ENSG00000287952.1",90.6352220195802,-4.90236182454251,0.286655146305308,-17.101949459931,1.43522155972158e-65,5.03378220543639e-64,"HAVANA","gene",NA,NA,"lncRNA","AC105328.1","2",NA,"OTTHUMG00000193871.1"
"ENSG00000069702.11",4335.28521275558,2.46798411316682,0.144455836898587,17.0846963760933,1.92944871160268e-65,6.7474370637142e-64,"HAVANA","gene",NA,NA,"protein_coding","TGFBR3","2","HGNC:11774","OTTHUMG00000010097.7"
"ENSG00000168505.7",9.69209797907583,-4.63562887709614,0.271565255097534,-17.0700367225963,2.48043819012995e-65,8.64903884200334e-64,"HAVANA","gene",NA,NA,"protein_coding","GBX2","2","HGNC:4186","OTTHUMG00000133294.4"
"ENSG00000106004.5",262.899062228195,2.36115043107944,0.138531754998989,17.0441097140267,3.86585881048241e-65,1.34115348016084e-63,"HAVANA","gene",NA,NA,"protein_coding","HOXA5","2","HGNC:5106","OTTHUMG00000023214.4"
"ENSG00000122121.11",107.17950192496,2.81633627376515,0.16526529201573,17.0413051610201,4.05578591206455e-65,1.4060253476629e-63,"HAVANA","gene",NA,NA,"protein_coding","XPNPEP2","2","HGNC:12823","OTTHUMG00000022373.2"
"ENSG00000105467.9",16.5948247155677,-3.04404399064383,0.178646218730452,-17.0395097767884,4.18222418900442e-65,1.44880955094145e-63,"HAVANA","gene",NA,NA,"protein_coding","SYNGR4","1","HGNC:11502","OTTHUMG00000183214.3"
"ENSG00000264425.1",17.8592425435835,-2.66691197069089,0.156672186259874,-17.0222426478893,5.61771243563748e-65,1.94188025102014e-63,"ENSEMBL","gene",NA,NA,"miRNA","MIR4653","3","HGNC:41562",NA
"ENSG00000124635.9",230.331839901538,-2.75934209401583,0.162112019163243,-17.021206128074,5.71805307766402e-65,1.9751400356949e-63,"HAVANA","gene",NA,NA,"protein_coding","H2BC11","2","HGNC:4761","OTTHUMG00000014470.4"
"ENSG00000227036.8",387.548132072509,-2.96173907227496,0.174091531712293,-17.0125395712503,6.63004708261472e-65,2.28686505203795e-63,"HAVANA","gene",NA,NA,"lncRNA","LINC00511","2","HGNC:43564","OTTHUMG00000132227.20"
"ENSG00000229221.1",2.46927928385891,3.37447975494724,0.198486229923134,17.0010773858421,8.06244202995198e-65,2.77693456258087e-63,"HAVANA","gene",NA,NA,"processed_pseudogene","HNRNPA1P66","1","HGNC:48796","OTTHUMG00000152609.1"
"ENSG00000166482.12",4265.48264167042,2.48668499884648,0.146305346066216,16.9965422707181,8.71088180540341e-65,2.99596803515346e-63,"HAVANA","gene",NA,NA,"protein_coding","MFAP4","2","HGNC:7035","OTTHUMG00000059585.6"
"ENSG00000167968.13",81.2728465867644,-2.28828523001659,0.134720167771453,-16.9854689752063,1.05209312906223e-64,3.61072935625868e-63,"HAVANA","gene",NA,NA,"protein_coding","DNASE1L2","2","HGNC:2958","OTTHUMG00000177086.3"
"ENSG00000178796.13",54.1077543850413,-3.36497862369322,0.198339050882703,-16.9657896854778,1.47108661528759e-64,5.02708699988791e-63,"HAVANA","gene",NA,NA,"protein_coding","RIIAD1","1","HGNC:26686","OTTHUMG00000013055.5"
"ENSG00000122877.16",1663.78630222369,2.18698979840929,0.128935318473815,16.961914115514,1.57140923127838e-64,5.36226611613584e-63,"HAVANA","gene",NA,NA,"protein_coding","EGR2","2","HGNC:3239","OTTHUMG00000018308.7"
"ENSG00000102271.14",61.7867325557201,2.01784850100514,0.118989062270667,16.9582687895724,1.67198466678069e-64,5.70140821248847e-63,"HAVANA","gene",NA,NA,"protein_coding","KLHL4","2","HGNC:6355","OTTHUMG00000021946.4"
"ENSG00000231007.5",25.7261372087857,2.03461077937595,0.119979310878251,16.9580135481906,1.67926250477178e-64,5.72215267451039e-63,"HAVANA","gene",NA,NA,"processed_pseudogene","CDC20P1","1","HGNC:29487","OTTHUMG00000020142.3"
"ENSG00000170262.13",5.1403315011718,2.93547159053935,0.173132177042267,16.9550896932505,1.76491840892989e-64,6.00548586447665e-63,"HAVANA","gene",NA,NA,"protein_coding","MRAP","2","HGNC:1304","OTTHUMG00000085309.1"
"ENSG00000015413.9",88.6860047098452,-2.45672982278879,0.144967283223154,-16.94678804877,2.03259138758119e-64,6.9015913096396e-63,"HAVANA","gene",NA,NA,"protein_coding","DPEP1","2","HGNC:3002","OTTHUMG00000138052.4"
"ENSG00000138685.17",800.403236602881,2.70255738746629,0.159491340612813,16.9448534138735,2.10057031193393e-64,7.12736003149822e-63,"HAVANA","gene",NA,NA,"protein_coding","FGF2","2","HGNC:3676","OTTHUMG00000039506.5"
"ENSG00000111981.5",97.3434028482591,-3.12630429124702,0.184501909862346,-16.9445633033257,2.11095769282868e-64,7.15753595636392e-63,"HAVANA","gene",NA,NA,"protein_coding","ULBP1","2","HGNC:14893","OTTHUMG00000015810.3"
"ENSG00000258545.6",114.595515799058,3.16809925744726,0.186976530944885,16.9438337605115,2.13730567716461e-64,7.24174787786114e-63,"HAVANA","gene",NA,NA,"lncRNA","RHOXF1-AS1","2","HGNC:51582","OTTHUMG00000171158.2"
"ENSG00000275025.1",3.22534010401977,2.8637917476054,0.169027205962249,16.9427858154681,2.17572749796646e-64,7.36151867426363e-63,"HAVANA","gene",NA,NA,"lncRNA","AC002401.3","2",NA,"OTTHUMG00000186662.1"
"ENSG00000272143.1",93.7621795978808,2.05260418153676,0.121152997904866,16.9422483721661,2.19569853938828e-64,7.42384735512297e-63,"HAVANA","gene",NA,NA,"lncRNA","FGF14-AS2","2","HGNC:44368","OTTHUMG00000185723.1"
"ENSG00000134028.14",535.921051564063,-3.11389090651081,0.183808615416972,-16.9409409860736,2.24504616382331e-64,7.58534285675422e-63,"HAVANA","gene",NA,NA,"protein_coding","ADAMDEC1","2","HGNC:16299","OTTHUMG00000097858.3"
"ENSG00000283064.1",28.1652715768467,-2.19325804822805,0.129479275480491,-16.9390664265689,2.3177364226399e-64,7.82542297453683e-63,"HAVANA","gene",NA,NA,"lncRNA","AL353759.1","2",NA,"OTTHUMG00000191593.1"
"ENSG00000286522.2",21.3310871010626,-4.60730070509182,0.272023736937863,-16.9371274615798,2.39539248822864e-64,8.08191930359397e-63,"HAVANA","gene",NA,NA,"protein_coding","H3C2","2","HGNC:4776","OTTHUMG00000014415.4"
"ENSG00000250282.1",2.51229083451793,2.92810234854943,0.172949872371588,16.9303527571175,2.68764543873769e-64,9.06158289725e-63,"HAVANA","gene",NA,NA,"lncRNA","AC002401.2","1",NA,"OTTHUMG00000161991.1"
"ENSG00000100362.13",675.35713508672,-5.06870416589634,0.299526826295364,-16.9223712900363,3.07784911867986e-64,1.03553196120753e-62,"HAVANA","gene",NA,NA,"protein_coding","PVALB","2","HGNC:9704","OTTHUMG00000150547.15"
"ENSG00000281974.1",5.19146016590629,2.70037418990721,0.159621743912781,16.9173329629999,3.35272850875749e-64,1.12722261652331e-62,"HAVANA","gene",NA,NA,"TEC","AC025268.1","2",NA,"OTTHUMG00000191455.1"
"ENSG00000206172.8",8.86902326955362,4.11552960854864,0.243280844472101,16.9167844573994,3.38409256975095e-64,1.13696967052432e-62,"HAVANA","gene",NA,NA,"protein_coding","HBA1","2","HGNC:4823","OTTHUMG00000060138.3"
"ENSG00000085563.15",362.461524749112,2.03103040100452,0.120065177203014,16.9160654930806,3.42564683713051e-64,1.15012431651663e-62,"HAVANA","gene",NA,NA,"protein_coding","ABCB1","1","HGNC:40","OTTHUMG00000023393.27"
"ENSG00000157152.17",248.018013934796,2.7544733812356,0.163047931978095,16.8936419359533,5.01119593634578e-64,1.67658098680396e-62,"HAVANA","gene",NA,NA,"protein_coding","SYN2","2","HGNC:11495","OTTHUMG00000155335.10"
"ENSG00000178662.16",256.454179905461,2.31386555272864,0.137022473859995,16.8867594311052,5.63122026329252e-64,1.88139304612514e-62,"HAVANA","gene",NA,NA,"protein_coding","CSRNP3","1","HGNC:30729","OTTHUMG00000132145.4"
"ENSG00000244649.5",24.0774843391429,-3.74482723739875,0.221763004271539,-16.8866184407088,5.64469019235134e-64,1.88457914366239e-62,"HAVANA","gene",NA,NA,"lncRNA","LINC02086","1","HGNC:52936","OTTHUMG00000159905.4"
"ENSG00000188916.9",748.71267300217,-3.94475181254697,0.233737749512802,-16.876828072356,6.66299805798515e-64,2.22146302684808e-62,"HAVANA","gene",NA,NA,"protein_coding","INSYN2A","2","HGNC:33859","OTTHUMG00000019248.3"
"ENSG00000003096.14",734.321836799936,2.58818843926313,0.153394994067226,16.8727047124422,7.14485802916284e-64,2.38046000123221e-62,"HAVANA","gene",NA,NA,"protein_coding","KLHL13","2","HGNC:22931","OTTHUMG00000022252.4"
"ENSG00000183971.10",73.9257290380065,-3.9485974239933,0.23402411587373,-16.8726090866798,7.15643556052871e-64,2.38266037321008e-62,"HAVANA","gene",NA,NA,"protein_coding","NPW","2","HGNC:30509","OTTHUMG00000176914.4"
"ENSG00000243064.8",221.186579763405,-5.48064153738883,0.324836861206056,-16.871981575737,7.23287434457549e-64,2.40643756839314e-62,"HAVANA","gene",NA,NA,"transcribed_unprocessed_pseudogene","ABCC13","1","HGNC:16022","OTTHUMG00000074257.3"
"ENSG00000250971.3",10.3006689529996,2.72584596818033,0.161598856230048,16.8679781018987,7.74006985280552e-64,2.56983192410196e-62,"HAVANA","gene",NA,NA,"lncRNA","AC110772.2","1",NA,"OTTHUMG00000160313.5"
"ENSG00000182021.10",0.936555870113332,3.68637871860847,0.21892988385552,16.8381705306218,1.28137185521209e-63,4.23967718116101e-62,"HAVANA","gene",NA,NA,"transcribed_unprocessed_pseudogene","AL591379.1","2",NA,"OTTHUMG00000067266.5"
"ENSG00000143556.9",1973.97326049017,-6.41335385887528,0.380990435888308,-16.8333723231715,1.38957203899249e-63,4.58817342440596e-62,"HAVANA","gene",NA,NA,"protein_coding","S100A7","2","HGNC:10497","OTTHUMG00000013123.2"
"ENSG00000280721.1",35.906950701665,-2.05650078470923,0.122185684250853,-16.8309470730396,1.44767829359274e-63,4.77345265285809e-62,"HAVANA","gene",NA,NA,"lncRNA","LINC01943","2","HGNC:52767","OTTHUMG00000153255.4"
"ENSG00000167105.8",75.3265382372728,-2.5967108708316,0.1542846396217,-16.8306506545216,1.45494419548714e-63,4.79081624782055e-62,"HAVANA","gene",NA,NA,"protein_coding","TMEM92","2","HGNC:26579","OTTHUMG00000162060.4"
"ENSG00000226622.6",6.78058671951728,3.7540142844145,0.223086563090307,16.8276127096676,1.53153849808753e-63,5.03610222672434e-62,"HAVANA","gene",NA,NA,"lncRNA","AC092155.1","1",NA,"OTTHUMG00000152520.35"
"ENSG00000253428.1",1.08679138781012,3.64427378939572,0.216647108962594,16.8212435736908,1.70541040939854e-63,5.60399264158326e-62,"HAVANA","gene",NA,NA,"lncRNA","LINC01942","1","HGNC:52766","OTTHUMG00000163336.1"
"ENSG00000183154.1",22.8047526077713,2.02956257581961,0.120674967193372,16.8184224369202,1.78858249151316e-63,5.86924569646546e-62,"HAVANA","gene",NA,NA,"lncRNA","AC138356.1","2",NA,"OTTHUMG00000164036.1"
"ENSG00000204677.13",109.880575784312,-2.67472261105464,0.159039380205062,-16.8179894036678,1.80170207138255e-63,5.9082509404475e-62,"HAVANA","gene",NA,NA,"lncRNA","FAM153CP","2","HGNC:33936","OTTHUMG00000163459.11"
"ENSG00000214530.9",13685.1455225092,-2.15657030914356,0.128276162200773,-16.8119335045913,1.99554893659939e-63,6.5349794636006e-62,"HAVANA","gene",NA,NA,"protein_coding","STARD10","1","HGNC:10666","OTTHUMG00000192625.1"
"ENSG00000074211.14",1296.83600921349,-3.50249936430245,0.208361905936689,-16.8096915247391,2.07246995187498e-63,6.78224285480397e-62,"HAVANA","gene",NA,NA,"protein_coding","PPP2R2C","2","HGNC:9306","OTTHUMG00000090445.7"
"ENSG00000107159.13",348.965040491145,-4.767326450234,0.283668807710076,-16.8059593464589,2.2071264389476e-63,7.21798141228529e-62,"HAVANA","gene",NA,NA,"protein_coding","CA9","2","HGNC:1383","OTTHUMG00000021029.2"
"ENSG00000238120.1",8.69835174140811,2.44601640202793,0.145580394562475,16.8018256124332,2.36646794273214e-63,7.73379803112531e-62,"HAVANA","gene",NA,NA,"lncRNA","LINC01589","1","HGNC:51520","OTTHUMG00000151331.1"
"ENSG00000185499.16",27131.4816741644,-2.5121757481435,0.149583050883047,-16.7945213933875,2.67654787104888e-63,8.73524581075967e-62,"HAVANA","gene",NA,NA,"protein_coding","MUC1","1","HGNC:7508","OTTHUMG00000035681.4"
"ENSG00000254337.2",23.6477349546026,-3.78367831525698,0.225318213979062,-16.7925985584485,2.76470185419196e-63,9.01680502616315e-62,"HAVANA","gene",NA,NA,"lncRNA","AC083967.1","2",NA,"OTTHUMG00000164447.2"
"ENSG00000278771.1",114.277823546582,-5.14890394150493,0.306664175237111,-16.790040563179,2.88647546350379e-63,9.40755370452153e-62,"ENSEMBL","gene",NA,NA,"misc_RNA","RN7SL3","3","HGNC:23135",NA
"ENSG00000006210.7",5630.51422659183,2.38010419019783,0.1417740765198,16.7880070082165,2.98708464667475e-63,9.7288392537177e-62,"HAVANA","gene",NA,NA,"protein_coding","CX3CL1","1","HGNC:10647","OTTHUMG00000133469.6"
"ENSG00000188263.10",57.5941804489254,-3.53563102318924,0.210614971024748,-16.7871780718465,3.02909155208038e-63,9.85895219158769e-62,"HAVANA","gene",NA,NA,"protein_coding","IL17REL","2","HGNC:33808","OTTHUMG00000150242.1"
"ENSG00000109906.14",1471.16286990315,3.22977079431801,0.192402989681409,16.7864896468918,3.06442501859818e-63,9.96042080332692e-62,"HAVANA","gene",NA,NA,"protein_coding","ZBTB16","2","HGNC:12930","OTTHUMG00000168243.4"
"ENSG00000226482.1",5.71242915163943,5.18050808302241,0.308624192861564,16.7858133057837,3.09953819414608e-63,1.00677203309518e-61,"HAVANA","gene",NA,NA,"lncRNA","ADIPOQ-AS1","2","HGNC:40648","OTTHUMG00000156514.1"
"ENSG00000213777.5",4.66668725313865,2.16423597961903,0.128944952046111,16.7841853851331,3.18570650767938e-63,1.0340596123504e-61,"HAVANA","gene",NA,NA,"transcribed_processed_pseudogene","AC011487.1","2",NA,"OTTHUMG00000163078.2"
"ENSG00000134668.12",277.258722500123,-2.50128703489258,0.14902949298768,-16.7838391230342,3.20434032296604e-63,1.0394038244638e-61,"HAVANA","gene",NA,NA,"protein_coding","SPOCD1","1","HGNC:26338","OTTHUMG00000003879.6"
"ENSG00000251151.2",69.6808872838536,-3.58808410023444,0.213956570512697,-16.7701514921296,4.03478784449536e-63,1.30612625425522e-61,"HAVANA","gene",NA,NA,"lncRNA","HOXC-AS3","1","HGNC:43751","OTTHUMG00000160025.1"
"ENSG00000279711.1",3.02904715808944,2.76790833367288,0.165184124434607,16.7565033452633,5.0761370493468e-63,1.63879869295286e-61,"HAVANA","gene",NA,NA,"TEC","AP004782.1","2",NA,"OTTHUMG00000167084.1"
"ENSG00000228918.4",41.3680017973373,-3.56508315430476,0.212779140905854,-16.7548526567374,5.21900504825143e-63,1.68378809334496e-61,"HAVANA","gene",NA,NA,"lncRNA","LINC01344","2","HGNC:50554","OTTHUMG00000037403.5"
"ENSG00000152611.12",74.0532314345075,-4.03051671646851,0.2406910072867,-16.7456057536356,6.09666991096814e-63,1.96166189009056e-61,"HAVANA","gene",NA,NA,"protein_coding","CAPSL","2","HGNC:28375","OTTHUMG00000131109.6"
"ENSG00000273445.1",29.4763165278701,-3.249537933803,0.194115460986282,-16.7402324229735,6.67271369500633e-63,2.14412953137326e-61,"HAVANA","gene",NA,NA,"lncRNA","AC133644.1","2",NA,"OTTHUMG00000186003.1"
"ENSG00000198838.14",187.45007467385,2.12985025108694,0.127253708426021,16.7370387663409,7.04046021766511e-63,2.26078048946606e-61,"HAVANA","gene",NA,NA,"protein_coding","RYR3","2","HGNC:10485","OTTHUMG00000172253.8"
"ENSG00000271013.1",25.5632107908455,-3.08678700929149,0.184647637761837,-16.7171757337774,9.82670570463117e-63,3.14704191382941e-61,"HAVANA","gene",NA,NA,"processed_pseudogene","LRRC37A9P","2","HGNC:43813","OTTHUMG00000188398.1"
"ENSG00000227440.1",15.8261648951399,-2.50170439326489,0.149758063767609,-16.704972876432,1.20582816106105e-62,3.85398446940861e-61,"HAVANA","gene",NA,NA,"processed_pseudogene","ATP5MC1P4","1","HGNC:39507","OTTHUMG00000156866.1"
"ENSG00000260289.2",29.7310082026527,-5.31632308382773,0.318304440496817,-16.7020072843781,1.26728729996927e-62,4.04501895679731e-61,"HAVANA","gene",NA,NA,"lncRNA","AC093515.1","2",NA,"OTTHUMG00000176683.4"
"ENSG00000077264.15",244.324240322861,2.52356610017603,0.151157050321545,16.6949943440139,1.42532696524479e-62,4.53736976112145e-61,"HAVANA","gene",NA,NA,"protein_coding","PAK3","2","HGNC:8592","OTTHUMG00000022202.5"
"ENSG00000238099.3",15.8164122020421,2.99071902143455,0.179261775028625,16.6835289952752,1.72707907371488e-62,5.48702642053579e-61,"HAVANA","gene",NA,NA,"lncRNA","LINC01625","2","HGNC:52052","OTTHUMG00000015693.9"
"ENSG00000196139.14",1467.66641062185,2.36301272054626,0.141797389012447,16.664712495791,2.36623640713211e-62,7.49777686942457e-61,"HAVANA","gene",NA,NA,"protein_coding","AKR1C3","2","HGNC:386","OTTHUMG00000017585.7"
"ENSG00000004838.14",668.871378122543,-2.5265592700962,0.151679809992334,-16.6571890499065,2.68343262669506e-62,8.48602357392478e-61,"HAVANA","gene",NA,NA,"protein_coding","ZMYND10","1","HGNC:19412","OTTHUMG00000156874.6"
"ENSG00000258572.1",20.506802313558,2.38761879739515,0.143456405244407,16.6435147550739,3.37229684257022e-62,1.06363885271586e-60,"HAVANA","gene",NA,NA,"lncRNA","AL133467.1","2",NA,"OTTHUMG00000171637.1"
"ENSG00000273771.1",11.5300789398905,2.26483102858959,0.136080585016179,16.6433075542725,3.38398820802849e-62,1.06662417793845e-60,"HAVANA","gene",NA,NA,"lncRNA","AC024337.2","2",NA,"OTTHUMG00000187028.1"
"ENSG00000233966.1",25.5584186489261,-2.41853228709735,0.14534270823988,-16.640203807856,3.56402999990634e-62,1.12263430174565e-60,"HAVANA","gene",NA,NA,"processed_pseudogene","UBE2SP1","2","HGNC:30864","OTTHUMG00000059073.1"
"ENSG00000162494.6",5.72964202973631,3.77657954258145,0.227048347365271,16.6333716426738,3.99468592786114e-62,1.25498624789395e-60,"HAVANA","gene",NA,NA,"protein_coding","LRRC38","2","HGNC:27005","OTTHUMG00000007918.2"
"ENSG00000170345.10",20712.1356902064,2.57220605422495,0.154649567510082,16.6324813941511,4.05449256334719e-62,1.27294062064196e-60,"HAVANA","gene",NA,NA,"protein_coding","FOS","1","HGNC:3796","OTTHUMG00000171774.4"
"ENSG00000285691.2",2.64778252352623,3.98955253031903,0.24013347438326,16.6138958367445,5.52833601175274e-62,1.73112796289591e-60,"HAVANA","gene",NA,NA,"lncRNA","AL445259.1","2",NA,"OTTHUMG00000192926.2"
"ENSG00000177301.16",69.5143621587327,2.91942556011641,0.175750563014863,16.6111875264349,5.78368286449812e-62,1.80872223262471e-60,"HAVANA","gene",NA,NA,"protein_coding","KCNA2","1","HGNC:6220","OTTHUMG00000011567.10"
"ENSG00000009709.12",115.740043043673,-6.86097929939747,0.413065229359241,-16.6099173005688,5.90745866712394e-62,1.84502180405416e-60,"HAVANA","gene",NA,NA,"protein_coding","PAX7","2","HGNC:8621","OTTHUMG00000002433.3"
"ENSG00000158445.10",330.044318822868,2.91751712694549,0.175816776103151,16.5940770363904,7.69170958484948e-62,2.39759145224553e-60,"HAVANA","gene",NA,NA,"protein_coding","KCNB1","2","HGNC:6231","OTTHUMG00000033051.8"
"ENSG00000130294.17",1012.3518308532,-4.64322011142943,0.280430292783235,-16.5574840911303,1.413835806172e-61,4.38426365525569e-60,"HAVANA","gene",NA,NA,"protein_coding","KIF1A","2","HGNC:888","OTTHUMG00000151940.14"
"ENSG00000183242.12",39.4801177138418,-4.69372930816555,0.283559698337551,-16.5528787612762,1.5262667157666e-61,4.72678980946205e-60,"HAVANA","gene",NA,NA,"lncRNA","WT1-AS","2","HGNC:18135","OTTHUMG00000039557.3"
"ENSG00000138755.6",5954.81654984239,-3.16480674814359,0.191367857796273,-16.5378177118584,1.95994960828931e-61,6.05423505694009e-60,"HAVANA","gene",NA,NA,"protein_coding","CXCL9","2","HGNC:7098","OTTHUMG00000160889.2"
"ENSG00000168356.13",45.801238629312,2.03793469334419,0.123248442673726,16.5351760162942,2.04779121280085e-61,6.30930398747837e-60,"HAVANA","gene",NA,NA,"protein_coding","SCN11A","2","HGNC:10583","OTTHUMG00000048246.6"
"ENSG00000253250.3",28.168567355451,2.02298629024015,0.122403810933806,16.5271511957594,2.33942067241784e-61,7.19856418853815e-60,"HAVANA","gene",NA,NA,"protein_coding","C8orf88","1","HGNC:44672","OTTHUMG00000164011.3"
"ENSG00000109255.11",91.3761109689715,-3.63309841162835,0.219855969860494,-16.5249022527506,2.42833180406701e-61,7.46256425483326e-60,"HAVANA","gene",NA,NA,"protein_coding","NMU","2","HGNC:7859","OTTHUMG00000102161.4"
"ENSG00000226031.5",11.8566327928033,2.89856397564412,0.175499278990663,16.5161019026085,2.80981763532406e-61,8.62385412609709e-60,"HAVANA","gene",NA,NA,"lncRNA","FGF13-AS1","2","HGNC:44264","OTTHUMG00000137416.1"
"ENSG00000162989.5",3176.82977081041,-5.19566247096899,0.314700800795497,-16.5098482680548,3.11665925514292e-61,9.55336819666649e-60,"HAVANA","gene",NA,NA,"protein_coding","KCNJ3","2","HGNC:6264","OTTHUMG00000131937.5"
"ENSG00000137033.11",1082.73564256003,2.71041574769878,0.164241672177003,16.5026068705497,3.51389593840636e-61,1.07435069820708e-59,"HAVANA","gene",NA,NA,"protein_coding","IL33","2","HGNC:16028","OTTHUMG00000019516.1"
"ENSG00000273821.1",25.9987358932622,-2.09504141242502,0.127083606425697,-16.485536343745,4.6613977264722e-61,1.42246856735849e-59,"HAVANA","gene",NA,NA,"lncRNA","AL096828.3","2",NA,"OTTHUMG00000187004.1"
"ENSG00000141977.9",34.0729644139804,-3.07472612826341,0.186520597785228,-16.4846465472079,4.73053028618601e-61,1.44264612355934e-59,"HAVANA","gene",NA,NA,"protein_coding","CIB3","1","HGNC:24580","OTTHUMG00000182281.1"
"ENSG00000181085.15",807.833974461095,-2.76127445590193,0.167516059020944,-16.4836402673292,4.80994463353943e-61,1.46593159919131e-59,"HAVANA","gene",NA,NA,"protein_coding","MAPK15","2","HGNC:24667","OTTHUMG00000146450.4"
"ENSG00000136541.15",115.031741488017,-2.57251569308169,0.156088420762206,-16.4811437038036,5.01275310142133e-61,1.52677050914873e-59,"HAVANA","gene",NA,NA,"protein_coding","ERMN","2","HGNC:29208","OTTHUMG00000153843.6"
"ENSG00000287146.1",5.64287155569983,2.26661826571765,0.137598481008184,16.4726983111306,5.7640952562996e-61,1.75338288082104e-59,"HAVANA","gene",NA,NA,"lncRNA","AC000085.1","2",NA,"OTTHUMG00000194280.1"
"ENSG00000188958.9",13.1998294516589,2.21104042299843,0.134232764477002,16.4716895432579,5.86103155543603e-61,1.78173871713794e-59,"HAVANA","gene",NA,NA,"protein_coding","UTS2B","2","HGNC:30894","OTTHUMG00000156192.2"
"ENSG00000286684.1",2.53477171074211,3.52588130973831,0.214074038362328,16.4703825681591,5.98904298661909e-61,1.81949936264376e-59,"HAVANA","gene",NA,NA,"lncRNA","AL358976.1","2",NA,"OTTHUMG00000193863.1"
"ENSG00000261054.1",12.0980455269219,3.34297837300418,0.203044808102775,16.4642396141056,6.62903937895601e-61,2.01138237267753e-59,"HAVANA","gene",NA,NA,"lncRNA","AC036108.2","2",NA,"OTTHUMG00000177237.1"
"ENSG00000101210.13",5939.63461117115,-3.49243250572528,0.21223680736282,-16.4553573393843,7.67674844535557e-61,2.32339240692979e-59,"HAVANA","gene",NA,NA,"protein_coding","EEF1A2","2","HGNC:3192","OTTHUMG00000033076.3"
"ENSG00000168427.9",62.0852236244038,2.78294219900375,0.169149353793458,16.4525736373897,8.03789287357972e-61,2.43115812861872e-59,"HAVANA","gene",NA,NA,"protein_coding","KLHL30","2","HGNC:24770","OTTHUMG00000152905.2"
"ENSG00000225914.3",24.2769510189152,2.31524858349766,0.140845991663478,16.4381574239575,1.01972401947937e-60,3.07457380574303e-59,"HAVANA","gene",NA,NA,"lncRNA","TSBP1-AS1","1","HGNC:39756","OTTHUMG00000031217.4"
"ENSG00000171428.15",7837.15996492692,-3.26317442987251,0.198552051620063,-16.4348562668933,1.07679700138035e-60,3.2446128513291e-59,"HAVANA","gene",NA,NA,"protein_coding","NAT1","2","HGNC:7645","OTTHUMG00000097001.6"
"ENSG00000226025.9",68.0175178776068,-3.66281649456876,0.222952057301276,-16.4287180791482,1.19151204707681e-60,3.5835117498713e-59,"HAVANA","gene",NA,NA,"transcribed_unprocessed_pseudogene","LGALS17A","2",NA,"OTTHUMG00000141285.2"
"ENSG00000120129.6",11588.4293931647,2.01139756534273,0.122524606357265,16.4162744541107,1.46276826850996e-60,4.39380738208854e-59,"HAVANA","gene",NA,NA,"protein_coding","DUSP1","2","HGNC:3064","OTTHUMG00000130523.4"
"ENSG00000158406.5",1401.24205678741,-2.57328469793651,0.156826170703676,-16.4085157878321,1.66219380132902e-60,4.98658140398705e-59,"HAVANA","gene",NA,NA,"protein_coding","H4C8","2","HGNC:4788","OTTHUMG00000014454.2"
"ENSG00000154529.15",57.6469451428963,2.73742975874513,0.16691682873714,16.3999626607813,1.91355626851034e-60,5.72990505152065e-59,"HAVANA","gene",NA,NA,"protein_coding","CNTNAP3B","2","HGNC:32035","OTTHUMG00000013174.11"
"ENSG00000188452.14",42.8986393717704,-3.12791064678489,0.190936310545494,-16.3819581401181,2.57323851960152e-60,7.69082080312595e-59,"HAVANA","gene",NA,NA,"protein_coding","CERKL","2","HGNC:21699","OTTHUMG00000154315.3"
"ENSG00000205221.12",341.870586838217,2.81488209157682,0.171889070090361,16.3761552150876,2.83081134225348e-60,8.45010413753049e-59,"HAVANA","gene",NA,NA,"protein_coding","VIT","1","HGNC:12697","OTTHUMG00000152149.3"
"ENSG00000285719.2",2.35780013030823,2.74579557395181,0.167811836823192,16.3623474120291,3.55169197062479e-60,1.05821867109847e-58,"HAVANA","gene",NA,NA,"lncRNA","AL356275.1","2",NA,"OTTHUMG00000192749.2"
"ENSG00000152766.6",557.330560881905,-2.07639968994114,0.126907655592562,-16.3615006537307,3.60142668557129e-60,1.07170405283056e-58,"HAVANA","gene",NA,NA,"protein_coding","ANKRD22","2","HGNC:28321","OTTHUMG00000018699.2"
"ENSG00000179796.12",24.4387309492873,3.48418744015093,0.212957475492971,16.3609539044612,3.6339082783902e-60,1.08069860718606e-58,"HAVANA","gene",NA,NA,"protein_coding","LRRC3B","2","HGNC:28105","OTTHUMG00000130572.8"
"ENSG00000149488.13",19.1239991985662,2.34404373393314,0.143312975503523,16.3561165742143,3.93430365395997e-60,1.16785928166804e-58,"HAVANA","gene",NA,NA,"protein_coding","TMC2","2","HGNC:16527","OTTHUMG00000031698.4"
"ENSG00000184678.10",4600.7367344097,-2.01570560703607,0.123327024966613,-16.3443949741085,4.7688095538312e-60,1.41294783997559e-58,"HAVANA","gene",NA,NA,"protein_coding","H2BC21","2","HGNC:4760","OTTHUMG00000012095.1"
"ENSG00000280304.1",13.1497844191365,2.21997150477709,0.135860396339202,16.3400929527285,5.11748290094462e-60,1.51531894798675e-58,"HAVANA","gene",NA,NA,"TEC","AC104260.2","2",NA,"OTTHUMG00000177231.1"
"ENSG00000211891.6",99.3393733389413,-4.03750372711877,0.247250766317884,-16.329590347671,6.07911613985676e-60,1.79784231025023e-58,"HAVANA","gene",NA,NA,"IG_C_gene","IGHE","2","HGNC:5522","OTTHUMG00000152483.2"
"ENSG00000141294.10",334.798039014593,-2.11353606510431,0.129601958796618,-16.3079021700671,8.67202577152509e-60,2.55993071296221e-58,"HAVANA","gene",NA,NA,"protein_coding","LRRC46","2","HGNC:25047","OTTHUMG00000178289.2"
"ENSG00000188517.16",96.125773135102,2.56975194118879,0.157612140257811,16.3042766692044,9.20218408327332e-60,2.71308701187461e-58,"HAVANA","gene",NA,NA,"protein_coding","COL25A1","2","HGNC:18603","OTTHUMG00000150039.7"
"ENSG00000179750.16",392.230789168211,-2.53914756555634,0.155902216135954,-16.2867958422225,1.22480300504169e-59,3.60222909585925e-58,"HAVANA","gene",NA,NA,"protein_coding","APOBEC3B","1","HGNC:17352","OTTHUMG00000151085.2"
"ENSG00000258819.2",38.7800649317805,2.08230733479524,0.127891167831728,16.2818697342339,1.32750158354497e-59,3.89709564139949e-58,"HAVANA","gene",NA,NA,"lncRNA","LINC02289","2","HGNC:53205","OTTHUMG00000171581.6"
"ENSG00000236403.2",0.899929263414312,3.43505348564161,0.211111326780124,16.2712893620306,1.5779967396051e-59,4.62679460186539e-58,"HAVANA","gene",NA,NA,"lncRNA","AL353611.1","2",NA,"OTTHUMG00000020894.5"
"ENSG00000286492.1",3.29677596418513,2.82618605352455,0.173761053102734,16.264784329165,1.75483909715688e-59,5.14216153790741e-58,"HAVANA","gene",NA,NA,"lncRNA","AC117509.1","2",NA,"OTTHUMG00000195796.1"
"ENSG00000203814.6",213.271717954813,-2.81381326596299,0.173063984900771,-16.2588031679516,1.93480520895775e-59,5.66258506787819e-58,"HAVANA","gene",NA,NA,"protein_coding","H2BC18","2","HGNC:24700","OTTHUMG00000183159.2"
"ENSG00000169783.13",1362.90136604611,-2.50068335453994,0.153811864432198,-16.2580654214895,1.95824036259783e-59,5.72767373455813e-58,"HAVANA","gene",NA,NA,"protein_coding","LINGO1","1","HGNC:21205","OTTHUMG00000172629.8"
"ENSG00000272264.1",56.0239387314482,-2.03339946818742,0.12511450417746,-16.2523080881437,2.15111083776863e-59,6.28796340680264e-58,"HAVANA","gene",NA,NA,"lncRNA","AC009686.2","2",NA,"OTTHUMG00000185496.1"
"ENSG00000230587.2",39.8303788967424,2.21335846645076,0.136322343789599,16.2362119438533,2.79669354003843e-59,8.12058106080251e-58,"HAVANA","gene",NA,NA,"lncRNA","LINC02580","1","HGNC:53751","OTTHUMG00000152374.5"
"ENSG00000105464.3",248.166861839328,-2.13653976057826,0.131596410204174,-16.2355474382879,2.82714479686939e-59,8.20402829909221e-58,"HAVANA","gene",NA,NA,"protein_coding","GRIN2D","2","HGNC:4588","OTTHUMG00000183304.1"
"ENSG00000275088.1",4.36118533205116,2.1130588610759,0.130262829801099,16.221502820892,3.55391460009695e-59,1.02943197394586e-57,"HAVANA","gene",NA,NA,"lncRNA","AC026469.1","2",NA,"OTTHUMG00000187070.1"
"ENSG00000170367.5",199.297355894303,-6.59569057392961,0.406717540580918,-16.2168825187843,3.83155226002103e-59,1.10918228868645e-57,"HAVANA","gene",NA,NA,"protein_coding","CST5","2","HGNC:2477","OTTHUMG00000032089.3"
"ENSG00000256612.7",7980.32450427071,-4.33925414709948,0.267596155279737,-16.2156819576251,3.90716532854319e-59,1.13038823001512e-57,"HAVANA","gene",NA,NA,"transcribed_unprocessed_pseudogene","CYP2B7P","2","HGNC:2616","OTTHUMG00000182706.6"
"ENSG00000152154.11",147.491997872095,2.13711334303213,0.132026586123098,16.1869923762138,6.23001839919348e-59,1.79482971440385e-57,"HAVANA","gene",NA,NA,"protein_coding","TMEM178A","2","HGNC:28517","OTTHUMG00000128591.3"
"ENSG00000269736.1",3.40181516303987,3.27311898895697,0.20220908608069,16.1868047197981,6.24904322316842e-59,1.79922873090144e-57,"HAVANA","gene",NA,NA,"lncRNA","AC010319.5","2",NA,"OTTHUMG00000182860.1"
"ENSG00000152785.8",57.3554694483377,4.162048791981,0.257387803639242,16.1703419242606,8.16439681782193e-59,2.34787665991506e-57,"HAVANA","gene",NA,NA,"protein_coding","BMP3","2","HGNC:1070","OTTHUMG00000130292.2"
"ENSG00000197587.11",54.83760682821,-3.14851309063399,0.194878902338749,-16.1562542319798,1.02610118556994e-58,2.94374298207519e-57,"HAVANA","gene",NA,NA,"protein_coding","DMBX1","2","HGNC:19026","OTTHUMG00000007982.3"
"ENSG00000198774.5",245.959257190184,2.02373268658602,0.12530841785252,16.1500138719158,1.13536155965278e-58,3.24553534146569e-57,"HAVANA","gene",NA,NA,"protein_coding","RASSF9","2","HGNC:15739","OTTHUMG00000169831.3"
"ENSG00000130477.15",164.254084995949,-3.30759295160037,0.204805586269101,-16.1499156925066,1.13717007117649e-58,3.24876673286021e-57,"HAVANA","gene",NA,NA,"protein_coding","UNC13A","2","HGNC:23150","OTTHUMG00000163877.4"
"ENSG00000129990.15",72.4772934647589,-3.97756920070858,0.246464858437832,-16.1384841064954,1.36861509973313e-58,3.8983560896679e-57,"HAVANA","gene",NA,NA,"protein_coding","SYT5","2","HGNC:11513","OTTHUMG00000180669.4"
"ENSG00000200087.1",292.094522548951,-4.38781980345878,0.272014580069373,-16.1308257900725,1.54934880544076e-58,4.41053483473955e-57,"ENSEMBL","gene",NA,NA,"snoRNA","SNORA73B","3","HGNC:10116",NA
"ENSG00000154065.17",399.587711299007,2.21286468359917,0.137182847071434,16.1307680285049,1.55079857985346e-58,4.41204037771849e-57,"HAVANA","gene",NA,NA,"protein_coding","ANKRD29","2","HGNC:27110","OTTHUMG00000131875.6"
"ENSG00000139352.4",224.226777536955,-6.26411505848492,0.38834376546508,-16.1303350679082,1.56170870079311e-58,4.44044295875358e-57,"HAVANA","gene",NA,NA,"protein_coding","ASCL1","2","HGNC:738","OTTHUMG00000169967.2"
"ENSG00000005102.14",466.714634866098,2.66671427934459,0.165498204855285,16.1132519937387,2.05904434005735e-58,5.84066396282699e-57,"HAVANA","gene",NA,NA,"protein_coding","MEOX1","2","HGNC:7013","OTTHUMG00000170513.3"
"ENSG00000164756.12",2044.92892535131,-5.28302232930355,0.328034369176923,-16.1050878374705,2.34964137986448e-58,6.65315121213401e-57,"HAVANA","gene",NA,NA,"protein_coding","SLC30A8","2","HGNC:20303","OTTHUMG00000164962.3"
"ENSG00000147889.18",1025.99692399689,-2.72210145663918,0.169132227915243,-16.0945166405737,2.78739794526502e-58,7.88336691603584e-57,"HAVANA","gene",NA,NA,"protein_coding","CDKN2A","1","HGNC:1787","OTTHUMG00000019686.7"
"ENSG00000276386.1",15.1452453843786,2.80806365643563,0.174584452775232,16.0842710321455,3.28900839269554e-58,9.29106085460161e-57,"HAVANA","gene",NA,NA,"unprocessed_pseudogene","CNTNAP3P2","1","HGNC:49589","OTTHUMG00000188266.1"
"ENSG00000164530.15",1116.65670925864,3.67957754602524,0.228896595621022,16.0752829723926,3.80253077989446e-58,1.07290488612923e-56,"HAVANA","gene",NA,NA,"protein_coding","PI16","2","HGNC:21245","OTTHUMG00000014611.4"
"ENSG00000240204.3",197.16563459413,-2.00050342076586,0.124531839466145,-16.0641923329955,4.54748993282254e-58,1.28083622975619e-56,"HAVANA","gene",NA,NA,"protein_coding","SMKR1","1","HGNC:43561","OTTHUMG00000157696.4"
"ENSG00000240498.9",114.110288749837,-2.10687114550337,0.131185411364895,-16.0602548986416,4.84555912179792e-58,1.36318694964967e-56,"HAVANA","gene",NA,NA,"lncRNA","CDKN2B-AS1","1","HGNC:34341","OTTHUMG00000019689.7"
"ENSG00000149926.13",111.970225169312,-2.7934875568144,0.173962997786099,-16.0579410125434,5.02972119102738e-58,1.41333690476318e-56,"HAVANA","gene",NA,NA,"protein_coding","TLCD3B","1","HGNC:25295","OTTHUMG00000132105.6"
"ENSG00000181195.11",88.649982737605,3.82895914025899,0.238526862829403,16.0525279829697,5.48823437540642e-58,1.53946902181336e-56,"HAVANA","gene",NA,NA,"protein_coding","PENK","1","HGNC:8831","OTTHUMG00000164409.3"
"ENSG00000277639.2",200.763358666344,2.73638707427624,0.170666037744738,16.0335770985028,7.44698220983547e-58,2.08159228514129e-56,"HAVANA","gene",NA,NA,"protein_coding","AC007906.2","2",NA,"OTTHUMG00000173186.2"
"ENSG00000198099.9",16.1076918913189,3.71502862252116,0.231914164686828,16.0189811068153,9.41808813895658e-58,2.62949069194295e-56,"HAVANA","gene",NA,NA,"protein_coding","ADH4","1","HGNC:252","OTTHUMG00000161227.3"
"ENSG00000264269.1",13.1453963086926,-2.51640316192964,0.157352840563937,-15.9921050863213,1.45045692990099e-57,4.04254749921794e-56,"HAVANA","gene",NA,NA,"lncRNA","AC016866.1","2",NA,"OTTHUMG00000179698.1"
"ENSG00000197588.9",16.3696300076249,-3.22670048060313,0.201888534825717,-15.9825840699108,1.689927053121e-57,4.70176568612237e-56,"HAVANA","gene",NA,NA,"transcribed_unprocessed_pseudogene","KLKP1","2","HGNC:21260","OTTHUMG00000183118.1"
"ENSG00000124212.6",1909.37687182749,2.02033578468187,0.126488596397368,15.9724737424939,1.98744786103555e-57,5.51992040708483e-56,"HAVANA","gene",NA,NA,"protein_coding","PTGIS","2","HGNC:9603","OTTHUMG00000033077.5"
"ENSG00000176177.10",21.4171537924942,-2.897810651567,0.181466201756309,-15.9688725697718,2.10557426200499e-57,5.84123120397564e-56,"HAVANA","gene",NA,NA,"protein_coding","ENTHD1","2","HGNC:26352","OTTHUMG00000151098.2"
"ENSG00000243836.5",57.741210604781,2.33757794050962,0.146385684647402,15.968623886551,2.1139851261215e-57,5.86117056669451e-56,"HAVANA","gene",NA,NA,"lncRNA","WDR86-AS1","2","HGNC:41186","OTTHUMG00000157360.1"
"ENSG00000135114.12",1176.68348419629,-2.37209351201285,0.148587929545262,-15.9642409667623,2.26783773978509e-57,6.28046856145107e-56,"HAVANA","gene",NA,NA,"protein_coding","OASL","1","HGNC:8090","OTTHUMG00000154981.4"
"ENSG00000168334.9",114.747913929056,-3.14540726721469,0.197066867075678,-15.9611167208884,2.38426854716988e-57,6.59528326183076e-56,"HAVANA","gene",NA,NA,"protein_coding","XIRP1","2","HGNC:14301","OTTHUMG00000131297.4"
"ENSG00000153253.19",84.6956709436588,2.76617272071323,0.173330831736499,15.958919097085,2.46971593709244e-57,6.82770285897858e-56,"HAVANA","gene",NA,NA,"protein_coding","SCN3A","2","HGNC:10590","OTTHUMG00000044171.9"
"ENSG00000230787.1",5.29981047177112,2.40066497125972,0.150779376077776,15.9217064940061,4.47989740537575e-57,1.22927769010053e-55,"HAVANA","gene",NA,NA,"processed_pseudogene","PSAT1P3","1","HGNC:43989","OTTHUMG00000009740.1"
"ENSG00000284640.1",5.34124660820164,2.84143252612486,0.178627995632871,15.9069832030404,5.66796228737143e-57,1.55083993825223e-55,"HAVANA","gene",NA,NA,"lncRNA","AL590434.1","2",NA,"OTTHUMG00000192315.1"
"ENSG00000287652.1",2.23698005576871,3.06058802420524,0.192495888499884,15.8994981558117,6.38743760462339e-57,1.74471000933584e-55,"HAVANA","gene",NA,NA,"lncRNA","AC000082.1","2",NA,"OTTHUMG00000194353.1"
"ENSG00000287657.1",2.78791408355258,2.47271916284962,0.155592206285989,15.8923073454244,7.1641288286878e-57,1.95574593836144e-55,"HAVANA","gene",NA,NA,"lncRNA","AC068228.3","2",NA,"OTTHUMG00000194183.1"
"ENSG00000218416.4",451.516086388969,-3.13557465303725,0.197350740255171,-15.8883348954405,7.63282497484327e-57,2.08132410099454e-55,"HAVANA","gene",NA,NA,"lncRNA","AC110619.1","1",NA,"OTTHUMG00000152371.2"
"ENSG00000156564.9",58.3193649299946,-2.78395208112396,0.17531916639651,-15.8793367453484,8.81050935922042e-57,2.39836081477415e-55,"HAVANA","gene",NA,NA,"protein_coding","LRFN2","2","HGNC:21226","OTTHUMG00000014662.2"
"ENSG00000226252.1",9.16276249739841,2.16896488310101,0.136686947773662,15.8681199516765,1.05349543677395e-56,2.8629022334566e-55,"HAVANA","gene",NA,NA,"lncRNA","AL135960.1","2",NA,"OTTHUMG00000007844.1"
"ENSG00000279930.1",69.4828350686396,-3.01757569861991,0.190208693223068,-15.8645519691418,1.11510387030001e-56,3.02517703431899e-55,"HAVANA","gene",NA,NA,"TEC","AL032819.2","2",NA,"OTTHUMG00000176552.1"
"ENSG00000261472.1",1.82906183144036,4.00262191568809,0.252426359565081,15.8565924833857,1.26577867318498e-56,3.42812075931558e-55,"HAVANA","gene",NA,NA,"lncRNA","AC084064.1","2",NA,"OTTHUMG00000176973.1"
"ENSG00000174945.13",250.163279815507,-2.67147622083764,0.168490785713776,-15.8553253195449,1.29157044381141e-56,3.49402258402059e-55,"HAVANA","gene",NA,NA,"protein_coding","AMZ1","1","HGNC:22231","OTTHUMG00000152111.2"
"ENSG00000267122.1",3.58705181659353,3.22775851509726,0.20363523558985,15.8506876560323,1.39050924661942e-56,3.7574336156535e-55,"HAVANA","gene",NA,NA,"lncRNA","AC004490.1","2",NA,"OTTHUMG00000180412.1"
"ENSG00000149575.9",91.9322432008055,2.84186264377427,0.179293745686522,15.8503166571298,1.39874273517585e-56,3.77542334886057e-55,"HAVANA","gene",NA,NA,"protein_coding","SCN2B","2","HGNC:10589",NA
"ENSG00000166856.3",15.4865277690812,2.29986517011851,0.145238363634389,15.8351079740061,1.78153091032675e-56,4.7924281815696e-55,"HAVANA","gene",NA,NA,"protein_coding","GPR182","2","HGNC:13708","OTTHUMG00000171005.3"
"ENSG00000188828.12",10.3789570140742,2.68544698814175,0.169665747393212,15.827867612654,1.99881101165702e-56,5.36788315966861e-55,"HAVANA","gene",NA,NA,"protein_coding","GLRA4","2","HGNC:31715","OTTHUMG00000022110.7"
"ENSG00000229314.5",172.439880157418,-4.88921544220091,0.308954080584768,-15.8250554028836,2.09015063670633e-56,5.60689344930573e-55,"HAVANA","gene",NA,NA,"protein_coding","ORM1","2","HGNC:8498","OTTHUMG00000021012.1"
"ENSG00000169900.8",313.016159460238,-4.74371937613947,0.299792551476005,-15.8233396820039,2.14790644059331e-56,5.75860087122693e-55,"HAVANA","gene",NA,NA,"protein_coding","PYDC1","2","HGNC:30261","OTTHUMG00000132407.2"
"ENSG00000231165.3",1.7181501317172,3.45334686012495,0.218324767164719,15.8174764364664,2.35754368335597e-56,6.31005127763043e-55,"HAVANA","gene",NA,NA,"TR_V_pseudogene","TRBV26OR9-2","1","HGNC:15485","OTTHUMG00000000411.2"
"ENSG00000197576.14",9.15748739333472,2.22113930864447,0.140433036011374,15.8163589688723,2.39975165318252e-56,6.41943616437602e-55,"HAVANA","gene",NA,NA,"protein_coding","HOXA4","1","HGNC:5105","OTTHUMG00000023213.8"
"ENSG00000232528.3",12.0551968705452,2.80308280742398,0.177265940811112,15.8128673483354,2.53654504204725e-56,6.77779548045086e-55,"HAVANA","gene",NA,NA,"transcribed_unitary_pseudogene","AL109809.1","2",NA,"OTTHUMG00000154775.2"
"ENSG00000172478.18",994.034941178034,-3.84451265400471,0.243221954650097,-15.8066020788933,2.80176160983574e-56,7.47812806279833e-55,"HAVANA","gene",NA,NA,"protein_coding","MAB21L4","2","HGNC:26216","OTTHUMG00000151906.4"
"ENSG00000101222.12",159.532450502265,-2.45107166248063,0.155115991707607,-15.8015407405633,3.03604553847566e-56,8.0989388501319e-55,"HAVANA","gene",NA,NA,"protein_coding","SPEF1","2","HGNC:15874","OTTHUMG00000031756.2"
"ENSG00000178773.15",555.969428299186,-2.60563955687787,0.164913636758231,-15.8000248378357,3.10994018696118e-56,8.29144320296663e-55,"HAVANA","gene",NA,NA,"protein_coding","CPNE7","1","HGNC:2320","OTTHUMG00000138051.6"
"ENSG00000204052.4",165.802824213184,-2.06521257386945,0.130737595915508,-15.796623453319,3.2823291507248e-56,8.74618407181451e-55,"HAVANA","gene",NA,NA,"protein_coding","LRRC73","2","HGNC:21375","OTTHUMG00000014737.1"
"ENSG00000168350.8",4217.60003988631,-2.53661654073399,0.160654549406553,-15.7892605600282,3.68878661224225e-56,9.81286877248896e-55,"HAVANA","gene",NA,NA,"protein_coding","DEGS2","1","HGNC:20113","OTTHUMG00000171537.3"
"ENSG00000253802.2",172.437317918321,-6.89183115825882,0.436587838403766,-15.7856691186279,3.90486426924054e-56,1.03819116059553e-54,"HAVANA","gene",NA,NA,"lncRNA","SIRLNT","2","HGNC:53902","OTTHUMG00000164047.3"
"ENSG00000287417.1",3.93870345020294,3.20607599369146,0.203199915454545,15.7779396045499,4.41361738122286e-56,1.1721530417649e-54,"HAVANA","gene",NA,NA,"lncRNA","AC006059.4","2",NA,"OTTHUMG00000194889.1"
"ENSG00000173404.5",233.956274002491,-4.55044991518397,0.288617366339247,-15.7663759908171,5.30052116316514e-56,1.40691395527558e-54,"HAVANA","gene",NA,NA,"protein_coding","INSM1","2","HGNC:6090","OTTHUMG00000032004.2"
"ENSG00000165309.14",153.284654041999,-2.88485424134459,0.183148000104868,-15.751491906506,6.70799083690756e-56,1.77361943154659e-54,"HAVANA","gene",NA,NA,"protein_coding","ARMC3","2","HGNC:30964","OTTHUMG00000017811.5"
"ENSG00000171819.5",79.5460635012193,4.09555548923063,0.260373434384536,15.7295443711898,9.48914349304171e-56,2.50620101847645e-54,"HAVANA","gene",NA,NA,"protein_coding","ANGPTL7","2","HGNC:24078","OTTHUMG00000002002.4"
"ENSG00000248144.6",160.778083112059,3.37234222852597,0.214470941484473,15.724005336966,1.03564437551955e-55,2.73225341581176e-54,"HAVANA","gene",NA,NA,"protein_coding","ADH1C","2","HGNC:251","OTTHUMG00000161422.7"
"ENSG00000065325.13",36.1679847110141,3.37258793092815,0.214498052215771,15.7231634324378,1.04950087535108e-55,2.76728601750523e-54,"HAVANA","gene",NA,NA,"protein_coding","GLP2R","2","HGNC:4325","OTTHUMG00000130269.12"
"ENSG00000226871.1",1.37069180829954,2.99368138644175,0.190455156481885,15.7185630556897,1.12854240759047e-55,2.97079487624502e-54,"HAVANA","gene",NA,NA,"lncRNA","AC135178.2","2",NA,"OTTHUMG00000132865.1"
"ENSG00000146197.9",1294.33919766898,-2.89365491810639,0.184365933419392,-15.6951713607739,1.63201356965183e-55,4.27968090432508e-54,"HAVANA","gene",NA,NA,"protein_coding","SCUBE3","2","HGNC:13655","OTTHUMG00000014562.2"
"ENSG00000162975.5",488.792151077706,-3.47903057784114,0.221718172391416,-15.6912288258418,1.73660973867314e-55,4.55147552406072e-54,"HAVANA","gene",NA,NA,"protein_coding","KCNF1","2","HGNC:6246","OTTHUMG00000119054.2"
"ENSG00000245080.7",33.5507976271919,-2.75797283091565,0.175905106023743,-15.6787536942981,2.1136073500873e-55,5.53047122570631e-54,"HAVANA","gene",NA,NA,"lncRNA","MIR3150BHG","1","HGNC:52000","OTTHUMG00000164658.3"
"ENSG00000167641.11",299.467863484125,2.32666688892834,0.148472043118546,15.6707407001239,2.3976879414852e-55,6.26695195180337e-54,"HAVANA","gene",NA,NA,"protein_coding","PPP1R14A","2","HGNC:14871","OTTHUMG00000181892.2"
"ENSG00000139547.7",189.493558389219,-2.67942184653377,0.171105237585423,-15.6594963681114,2.86154236820238e-55,7.45494806202154e-54,"HAVANA","gene",NA,NA,"protein_coding","RDH16","2","HGNC:29674","OTTHUMG00000170895.2"
"ENSG00000276168.1",4257.95859829206,-3.31791009815768,0.211887513004699,-15.6588278898913,2.89177623020691e-55,7.52961952115288e-54,"ENSEMBL","gene",NA,NA,"misc_RNA","RN7SL1","3","HGNC:10038",NA
"ENSG00000167646.14",115.053933503929,-2.39071539765052,0.152738227986893,-15.652370916963,3.20069459473795e-55,8.32041660520322e-54,"HAVANA","gene",NA,NA,"protein_coding","DNAAF3","2","HGNC:30492","OTTHUMG00000128547.9"
"ENSG00000151303.11",3.34193642503548,2.31312850437408,0.147823443374192,15.6479138327117,3.43289650145256e-55,8.90471420598766e-54,"HAVANA","gene",NA,NA,"lncRNA","AL136982.1","2",NA,"OTTHUMG00000018667.2"
"ENSG00000263655.1",7.58413296300764,-4.49441133380616,0.287229658463416,-15.6474486578084,3.45807738143965e-55,8.96517788662194e-54,"HAVANA","gene",NA,NA,"lncRNA","AC090125.1","2",NA,"OTTHUMG00000178986.1"
"ENSG00000180509.12",21.1309231737455,2.46638210603789,0.157747193376731,15.6350300328177,4.20276673698007e-55,1.08781498848576e-53,"HAVANA","gene",NA,NA,"protein_coding","KCNE1","2","HGNC:6240","OTTHUMG00000086236.5"
"ENSG00000184260.6",55.7576801049145,-2.32941949286734,0.148993459492548,-15.6343741584432,4.24626201171341e-55,1.09847955173428e-53,"HAVANA","gene",NA,NA,"protein_coding","H2AC20","2","HGNC:4738","OTTHUMG00000035825.2"
"ENSG00000184613.11",2702.49285947028,-3.17135109494106,0.202885602041046,-15.631227958204,4.46122161707982e-55,1.15346534092981e-53,"HAVANA","gene",NA,NA,"protein_coding","NELL2","2","HGNC:7751","OTTHUMG00000169464.2"
"ENSG00000224367.6",15.1046198304226,-2.10817940683189,0.134917389561253,-15.6257055794485,4.86506202372574e-55,1.25720130289482e-53,"HAVANA","gene",NA,NA,"transcribed_unitary_pseudogene","OACYLP","2","HGNC:44362","OTTHUMG00000154709.2"
"ENSG00000260428.3",75.321571982098,-2.45988715680838,0.15748166098163,-15.6201499366667,5.30806638344112e-55,1.369463976471e-53,"HAVANA","gene",NA,NA,"protein_coding","SCX","2","HGNC:32322","OTTHUMG00000175582.3"
"ENSG00000260284.1",148.958362834349,-3.74341463471465,0.239666890207936,-15.6192398185117,5.38437472561216e-55,1.38765676763894e-53,"HAVANA","gene",NA,NA,"unprocessed_pseudogene","TPSP2","2","HGNC:14136","OTTHUMG00000172998.1"
"ENSG00000143320.9",30685.8315339692,-2.14372558057078,0.137315733510825,-15.6116529822257,6.06451743733994e-55,1.56126292543233e-53,"HAVANA","gene",NA,NA,"protein_coding","CRABP2","2","HGNC:2339","OTTHUMG00000041300.4"
"ENSG00000130595.19",122.949891239264,2.98525377711325,0.191305946749037,15.6046052297027,6.77273582875153e-55,1.73984865177204e-53,"HAVANA","gene",NA,NA,"protein_coding","TNNT3","2","HGNC:11950","OTTHUMG00000012475.29"
"ENSG00000236036.2",5.02231335510395,3.56902077288512,0.228849289651073,15.5955073241731,7.81005068736719e-55,2.00203064971515e-53,"HAVANA","gene",NA,NA,"lncRNA","LINC00445","1","HGNC:42782","OTTHUMG00000016726.5"
"ENSG00000260001.6",18.631567812216,-3.1784425258737,0.203887796809831,-15.5891749070116,8.62402153883369e-55,2.20832106854902e-53,"HAVANA","gene",NA,NA,"protein_coding","TGFBR3L","2","HGNC:44152","OTTHUMG00000175717.3"
"ENSG00000229436.1",11.5824694568741,3.78701198506088,0.243117076675112,15.5769065540453,1.04490460779486e-54,2.67279123115066e-53,"HAVANA","gene",NA,NA,"processed_pseudogene","AC073850.1","1",NA,"OTTHUMG00000156433.1"
"ENSG00000277531.2",27.86465087041,3.07877348747358,0.197655175970612,15.5764880547896,1.05176644903438e-54,2.68890771468716e-53,"HAVANA","gene",NA,NA,"protein_coding","PNMA8C","2","HGNC:53427","OTTHUMG00000186767.3"
"ENSG00000213561.4",2.76266029570531,2.50421183803692,0.160939534489107,15.5599545256944,1.36195632415335e-54,3.47266245291044e-53,"HAVANA","gene",NA,NA,"processed_pseudogene","AC103591.2","1",NA,"OTTHUMG00000041146.3"
"ENSG00000256037.1",10.0550764925036,-3.15475800468364,0.20281760599727,-15.5546555693301,1.47949005518037e-54,3.76633201613664e-53,"HAVANA","gene",NA,NA,"processed_pseudogene","MRPL40P1","1","HGNC:44532","OTTHUMG00000169066.1"
"ENSG00000272620.2",262.76824481859,-4.05504370752598,0.260848832487673,-15.545569703547,1.70499685724384e-54,4.33349599101074e-53,"HAVANA","gene",NA,NA,"lncRNA","AFAP1-AS1","2","HGNC:28141","OTTHUMG00000186238.2"
"ENSG00000149596.7",632.323159810863,2.45702012355866,0.15812567603929,15.5384007525012,1.90682683935705e-54,4.83365470230668e-53,"HAVANA","gene",NA,NA,"protein_coding","JPH2","2","HGNC:14202","OTTHUMG00000033037.3"
"ENSG00000235304.2",10.77834992746,-4.12955690542752,0.265798523252146,-15.536417790817,1.9667396977929e-54,4.97762804655351e-53,"HAVANA","gene",NA,NA,"lncRNA","LINC01281","2","HGNC:50337","OTTHUMG00000024095.3"
"ENSG00000135773.13",414.373436736395,-2.66255957454284,0.171471026168323,-15.5277520292505,2.25134526846168e-54,5.68892150907169e-53,"HAVANA","gene",NA,NA,"protein_coding","CAPN9","2","HGNC:1486","OTTHUMG00000037779.2"
"ENSG00000236849.6",2.67699521330456,2.96268484813447,0.190850417175313,15.5235963954587,2.40202573349801e-54,6.06008704012058e-53,"HAVANA","gene",NA,NA,"lncRNA","LINC01474","2","HGNC:51111","OTTHUMG00000020015.7"
"ENSG00000165731.20",3854.78497619867,-2.90265205362701,0.187272735090873,-15.4995976975426,3.49070985931549e-54,8.76979073727348e-53,"HAVANA","gene",NA,NA,"protein_coding","RET","2","HGNC:9967","OTTHUMG00000018024.7"
"ENSG00000249487.7",2.27804877361527,3.31004603853279,0.213565191012229,15.4989959873342,3.52355246551714e-54,8.84302769109094e-53,"HAVANA","gene",NA,NA,"lncRNA","LINC01586","2","HGNC:51434","OTTHUMG00000171852.4"
"ENSG00000162878.13",708.771893119146,2.04374945121433,0.131947654225878,15.4890927254809,4.11050228165595e-54,1.02999039913251e-52,"HAVANA","gene",NA,NA,"protein_coding","PKDCC","2","HGNC:25123","OTTHUMG00000152303.5"
"ENSG00000278931.1",4.00494919837052,2.88417322457134,0.186267145696682,15.4840683996304,4.44454116184047e-54,1.11311012579078e-52,"HAVANA","gene",NA,NA,"unprocessed_pseudogene","CR381670.1","2",NA,"OTTHUMG00000189440.1"
"ENSG00000121904.17",219.187202558338,-2.10925320787897,0.136238960047436,-15.4820119527085,4.58893706920072e-54,1.14867280556639e-52,"HAVANA","gene",NA,NA,"protein_coding","CSMD2","2","HGNC:19290","OTTHUMG00000011135.10"
"ENSG00000272666.1",27.230543382907,-2.99270327969274,0.193399700236664,-15.4741877884535,5.18232077561631e-54,1.29517469149597e-52,"HAVANA","gene",NA,NA,"lncRNA","KLHDC7B-DT","2","HGNC:53791","OTTHUMG00000186141.1"
"ENSG00000255624.3",56.4611746067329,-2.01006880031168,0.129942251743106,-15.4689392660792,5.62258931044895e-54,1.40447473338691e-52,"HAVANA","gene",NA,NA,"transcribed_processed_pseudogene","C10orf88B","1","HGNC:44080","OTTHUMG00000019189.3"
"ENSG00000152580.8",544.618204956553,2.76510273528127,0.17881489786636,15.4634919588625,6.11895199294477e-54,1.52528090521324e-52,"HAVANA","gene",NA,NA,"protein_coding","IGSF10","1","HGNC:26384","OTTHUMG00000159856.1"
"ENSG00000170419.11",1175.70427463372,-6.2908018667242,0.406980504127255,-15.4572560673746,6.74094480490332e-54,1.67945223922474e-52,"HAVANA","gene",NA,NA,"protein_coding","VSTM2A","1","HGNC:28499","OTTHUMG00000129271.3"
"ENSG00000107165.13",74.3442019952382,-3.88760539970461,0.251754149607697,-15.4420707891512,8.53164635619134e-54,2.1189796626497e-52,"HAVANA","gene",NA,NA,"protein_coding","TYRP1","2","HGNC:12450","OTTHUMG00000021034.7"
"ENSG00000177133.11",27.7255198927705,2.26888618964227,0.147018554634457,15.4326519892919,9.87285312312049e-54,2.44828360832662e-52,"HAVANA","gene",NA,NA,"lncRNA","PRDM16-DT","2","HGNC:48664","OTTHUMG00000000563.4"
"ENSG00000178947.9",261.542918057534,2.15254488310193,0.139488168036452,15.4317381424022,1.001366114386e-53,2.48041615591918e-52,"HAVANA","gene",NA,NA,"protein_coding","SMIM10L2A","2","HGNC:34499","OTTHUMG00000022479.4"
"ENSG00000141052.18",60.2027607673944,2.4328765717184,0.157808562506201,15.4166322351666,1.2653297908879e-53,3.12323288415452e-52,"HAVANA","gene",NA,NA,"protein_coding","MYOCD","2","HGNC:16067","OTTHUMG00000058767.6"
"ENSG00000249203.2",336.843471183831,-5.25937713518129,0.341196902802708,-15.4144926052346,1.30794086752139e-53,3.22674804134653e-52,"HAVANA","gene",NA,NA,"lncRNA","LINC02224","1","HGNC:53093","OTTHUMG00000162229.2"
"ENSG00000250244.5",8.62589398148411,-4.40154914823005,0.28560226885567,-15.4114642221361,1.37070514154993e-53,3.37984988840233e-52,"HAVANA","gene",NA,NA,"lncRNA","AC010307.4","2",NA,"OTTHUMG00000162723.1"
"ENSG00000115507.10",230.926254159516,-2.53128727790491,0.164470538677108,-15.3905209909624,1.895003126549e-53,4.65587691245963e-52,"HAVANA","gene",NA,NA,"protein_coding","OTX1","1","HGNC:8521","OTTHUMG00000129454.4"
"ENSG00000287059.1",63.4770741799702,2.69168239253729,0.175260724069902,15.3581608590395,3.1230920724156e-53,7.64575069951107e-52,"HAVANA","gene",NA,NA,"lncRNA","AC090004.2","2",NA,"OTTHUMG00000195806.1"
"ENSG00000225166.2",3.04418262572206,-3.78363269463701,0.246392288204086,-15.3561327840871,3.22231475238675e-53,7.87257010641761e-52,"HAVANA","gene",NA,NA,"lncRNA","AC012462.1","2",NA,"OTTHUMG00000154835.9"
"ENSG00000172987.13",108.601845547036,3.17975927542418,0.207139677263118,15.3507976715881,3.49857950742084e-53,8.53881529294613e-52,"HAVANA","gene",NA,NA,"protein_coding","HPSE2","2","HGNC:18374","OTTHUMG00000018880.3"
"ENSG00000263513.5",18.1372300297839,-2.73763636546981,0.178440570683366,-15.3420063328962,4.00618951571788e-53,9.77273623717127e-52,"HAVANA","gene",NA,NA,"protein_coding","FAM72C","2","HGNC:30602","OTTHUMG00000041029.3"
"ENSG00000280429.1",5.46103027042063,3.45382317074868,0.225168101858915,15.3388652399475,4.20481094766668e-53,1.02416112101022e-51,"HAVANA","gene",NA,NA,"TEC","AF001548.3","2",NA,"OTTHUMG00000177388.1"
"ENSG00000236311.6",11.4723567877496,-5.63761308008119,0.367570399228513,-15.3375056639868,4.29379373910683e-53,1.04530314045025e-51,"HAVANA","gene",NA,NA,"lncRNA","TLX1NB","1","HGNC:37183","OTTHUMG00000018925.4"
"ENSG00000224958.6",10.1092031973141,3.5092173445503,0.229087529874273,15.3182381706949,5.77620490788195e-53,1.40404859024162e-51,"HAVANA","gene",NA,NA,"lncRNA","PGM5-AS1","1","HGNC:44181","OTTHUMG00000019962.6"
"ENSG00000175426.11",571.401015452885,-4.09894369285705,0.267666767564248,-15.3136070277128,6.20265207001441e-53,1.50541570757037e-51,"HAVANA","gene",NA,NA,"protein_coding","PCSK1","2","HGNC:8743","OTTHUMG00000122089.4"
"ENSG00000271239.1",9.44470693661184,4.79087976972559,0.31288817652277,15.3117954886254,6.37786770204118e-53,1.54715767901161e-51,"HAVANA","gene",NA,NA,"lncRNA","AC007423.1","2",NA,"OTTHUMG00000185122.1"
"ENSG00000187837.4",5197.84007620321,-2.29003818630814,0.149620447641022,-15.3056498788356,7.00982931129303e-53,1.69788130588498e-51,"HAVANA","gene",NA,NA,"protein_coding","H1-2","2","HGNC:4716","OTTHUMG00000016140.2"
"ENSG00000266088.6",50.8591795706425,-2.2889750965845,0.149573772638125,-15.3033185979897,7.2655460453769e-53,1.7589303235675e-51,"HAVANA","gene",NA,NA,"lncRNA","AC004585.1","2",NA,"OTTHUMG00000179655.3"
"ENSG00000234884.2",4.93950042315377,2.62344474896281,0.171496698929877,15.2973483765743,7.9635650595875e-53,1.92694142426685e-51,"HAVANA","gene",NA,NA,"lncRNA","AL022329.1","1",NA,"OTTHUMG00000150903.4"
"ENSG00000176532.4",2133.99321691896,-2.37769485207652,0.15544223419949,-15.2963244791313,8.08981237093543e-53,1.95551418108737e-51,"HAVANA","gene",NA,NA,"protein_coding","PRR15","2","HGNC:22310","OTTHUMG00000128555.4"
"ENSG00000211896.7",162939.533796792,-3.63631495274281,0.237858058701901,-15.2877517481973,9.22812579417655e-53,2.2273023012544e-51,"HAVANA","gene",NA,NA,"IG_C_gene","IGHG1","2","HGNC:5525","OTTHUMG00000152495.2"
"ENSG00000120645.12",110.59724752059,2.11704865250648,0.13851209441222,15.28421515457,9.74296714532069e-53,2.3503804427609e-51,"HAVANA","gene",NA,NA,"protein_coding","IQSEC3","1","HGNC:29193","OTTHUMG00000167975.5"
"ENSG00000003137.8",457.168147547843,2.11674379330551,0.138503028223216,15.2830145337623,9.92417232091829e-53,2.39288925966379e-51,"HAVANA","gene",NA,NA,"protein_coding","CYP26B1","1","HGNC:20581","OTTHUMG00000129756.5"
"ENSG00000229484.1",2.38404729295027,2.41039448626966,0.157868638388449,15.2683554560006,1.24267631412116e-52,2.99028740379432e-51,"HAVANA","gene",NA,NA,"lncRNA","LINC02766","2","HGNC:54286","OTTHUMG00000013154.1"
"ENSG00000133687.16",2180.56268178443,2.20742220951673,0.144681485985625,15.2571159639323,1.47630593642066e-52,3.54003090159729e-51,"HAVANA","gene",NA,NA,"protein_coding","TMTC1","2","HGNC:24099","OTTHUMG00000169324.2"
"ENSG00000137142.5",188.167429951296,-2.7757144119413,0.181959767628605,-15.2545502124775,1.53549441121717e-52,3.67522740760308e-51,"HAVANA","gene",NA,NA,"protein_coding","IGFBPL1","2","HGNC:20081","OTTHUMG00000019937.2"
"ENSG00000267714.2",2.68197724777822,3.34596884097241,0.219556549192424,15.2396676540946,1.9284880040883e-52,4.60358048210615e-51,"HAVANA","gene",NA,NA,"lncRNA","AC008738.4","2",NA,"OTTHUMG00000180345.2"
"ENSG00000135747.11",9.64711969121891,-3.21056398728219,0.210828717598772,-15.2283048715982,2.29464085439785e-52,5.46946484249756e-51,"HAVANA","gene",NA,NA,"protein_coding","ZNF670-ZNF695","2","HGNC:49200","OTTHUMG00000187277.1"
"ENSG00000253161.5",70.0210255317327,-2.09808851444859,0.13783211981868,-15.2220579441762,2.52462813939738e-52,6.0116766480382e-51,"HAVANA","gene",NA,NA,"lncRNA","LINC01605","2","HGNC:51654","OTTHUMG00000163996.2"
"ENSG00000109610.6",1504.30890662639,2.31072287069265,0.151835541026354,15.2185901605974,2.66206059668344e-52,6.33578356617505e-51,"HAVANA","gene",NA,NA,"protein_coding","SOD3","2","HGNC:11181","OTTHUMG00000128565.4"
"ENSG00000188133.6",33.3398314449931,-3.65773670172713,0.240354557234168,-15.2180875778592,2.68258720356542e-52,6.38146737451934e-51,"HAVANA","gene",NA,NA,"protein_coding","TMEM215","2","HGNC:33816","OTTHUMG00000129521.2"
"ENSG00000092009.10",51.4292464502516,2.87952388889743,0.189340146613238,15.2082056574055,3.1197749783202e-52,7.4030915904567e-51,"HAVANA","gene",NA,NA,"protein_coding","CMA1","1","HGNC:2097","OTTHUMG00000140181.2"
"ENSG00000253125.1",363.465302351728,-3.29443246052511,0.216905944249458,-15.1882995734606,4.2274426178474e-52,9.99194749980607e-51,"HAVANA","gene",NA,NA,"lncRNA","AC055854.1","2",NA,"OTTHUMG00000163751.1"
"ENSG00000010030.14",395.939972383302,-2.00405157890013,0.131995538315721,-15.1827221167629,4.60276829995065e-52,1.08576380724094e-50,"HAVANA","gene",NA,NA,"protein_coding","ETV7","2","HGNC:18160","OTTHUMG00000014594.3"
"ENSG00000197891.12",5.37913303420288,4.94078420688559,0.325443708737157,15.1816860312269,4.6760589600068e-52,1.10250976758822e-50,"HAVANA","gene",NA,NA,"protein_coding","SLC22A12","1","HGNC:17989","OTTHUMG00000045213.6"
"ENSG00000204385.13",7206.76785769506,-2.55690707653091,0.168592728954436,-15.1661764560555,5.92280591158615e-52,1.39372117497098e-50,"HAVANA","gene",NA,NA,"protein_coding","SLC44A4","1","HGNC:13941","OTTHUMG00000031133.14"
"ENSG00000184906.11",0.730283144453967,4.15845786262682,0.274447693649261,15.152096223994,7.33880028598306e-52,1.72185074290621e-50,"HAVANA","gene",NA,NA,"transcribed_unprocessed_pseudogene","AMYH02020865.1","2",NA,"OTTHUMG00000066754.7"
"ENSG00000187260.16",215.401034135098,2.02919463759612,0.133996141509789,15.1436796219082,8.34130779184872e-52,1.95514704651405e-50,"HAVANA","gene",NA,NA,"protein_coding","WDR86","1","HGNC:28020","OTTHUMG00000150764.5"
"ENSG00000185697.16",1082.42130958947,-2.14439345263853,0.141647087362781,-15.1389872715589,8.95825731467982e-52,2.09770336239643e-50,"HAVANA","gene",NA,NA,"protein_coding","MYBL1","1","HGNC:7547","OTTHUMG00000164559.5"
"ENSG00000204839.9",750.451454002783,-2.00913833264058,0.132744615960789,-15.1353658911036,9.46528013196528e-52,2.21534719649466e-50,"HAVANA","gene",NA,NA,"protein_coding","MROH6","1","HGNC:27814","OTTHUMG00000165164.6"
"ENSG00000163145.13",212.514431632251,2.50059364938873,0.165292839885532,15.1282635782677,1.05441015923127e-51,2.46664017230322e-50,"HAVANA","gene",NA,NA,"protein_coding","C1QTNF7","1","HGNC:14342","OTTHUMG00000097095.5"
"ENSG00000228139.1",4.66759951281425,2.10226632199544,0.138994184022114,15.1248509913262,1.11051723451603e-51,2.59662668158433e-50,"HAVANA","gene",NA,NA,"lncRNA","LINC01402","2","HGNC:50685","OTTHUMG00000022291.1"
"ENSG00000105707.14",2274.5264837181,-2.22389238564334,0.147082696162833,-15.1200137314678,1.19517683533084e-51,2.79321571613173e-50,"HAVANA","gene",NA,NA,"protein_coding","HPN","1","HGNC:5155","OTTHUMG00000182474.3"
"ENSG00000148204.12",52.6909104925619,2.10254345134682,0.139128629416302,15.1122271538776,1.34515292140481e-51,3.13302267693263e-50,"HAVANA","gene",NA,NA,"protein_coding","CRB2","2","HGNC:18688","OTTHUMG00000020638.7"
"ENSG00000108576.10",779.101672030676,-3.9326253455107,0.260323066562438,-15.1067110473188,1.46259914626257e-51,3.40160801443882e-50,"HAVANA","gene",NA,NA,"protein_coding","SLC6A4","2","HGNC:11050","OTTHUMG00000132751.7"
"ENSG00000171126.8",31.1354217101852,-2.83517124728911,0.187754204307138,-15.1004408010549,1.60854463690783e-51,3.73922239467511e-50,"HAVANA","gene",NA,NA,"protein_coding","KCNG3","2","HGNC:18306","OTTHUMG00000128604.4"
"ENSG00000227964.1",7.57804916356203,-3.74012216861648,0.247724233827163,-15.0979260722064,1.67107191782311e-51,3.87800668289996e-50,"HAVANA","gene",NA,NA,"lncRNA","LINC01429","2","HGNC:50741","OTTHUMG00000134283.1"
"ENSG00000138039.15",10.572802251479,4.40763777739818,0.29194229627095,15.0976334491371,1.67850322962542e-51,3.89052199958171e-50,"HAVANA","gene",NA,NA,"protein_coding","LHCGR","1","HGNC:6585","OTTHUMG00000129257.11"
"ENSG00000213373.7",4.74079054497462,2.57024676339779,0.17027398785388,15.0947704684255,1.75296846510291e-51,4.05919377298601e-50,"HAVANA","gene",NA,NA,"lncRNA","LINC00671","2","HGNC:44339","OTTHUMG00000132654.3"
"ENSG00000260721.1",0.932586049447135,3.4286842646048,0.22720448389723,15.0907420742439,1.86334787711365e-51,4.31062273261782e-50,"HAVANA","gene",NA,NA,"lncRNA","AF067845.1","2",NA,"OTTHUMG00000173256.1"
"ENSG00000107105.15",200.74977613576,-2.67279472119979,0.177118508944153,-15.0904314694889,1.87214047908298e-51,4.32678486989222e-50,"HAVANA","gene",NA,NA,"protein_coding","ELAVL2","1","HGNC:3313","OTTHUMG00000019700.6"
"ENSG00000272468.1",55.4891301596096,-2.30770180281384,0.152948484657933,-15.0880985056829,1.93951590450912e-51,4.47817864988105e-50,"HAVANA","gene",NA,NA,"lncRNA","AL021807.1","2",NA,"OTTHUMG00000185709.1"
"ENSG00000227260.2",2.35500293085923,3.10259262622628,0.205811788185015,15.0749024319112,2.3686554066774e-51,5.46375929388128e-50,"HAVANA","gene",NA,NA,"lncRNA","LINC01985","1","HGNC:52816","OTTHUMG00000155731.3"
"ENSG00000235434.1",1.09959769365633,4.1592040019142,0.27593879954894,15.0729219983307,2.44075053153589e-51,5.62735120143814e-50,"HAVANA","gene",NA,NA,"lncRNA","AL391883.1","1",NA,"OTTHUMG00000002710.1"
"ENSG00000273542.2",24.2647270577065,-2.46645749742788,0.163730278555265,-15.0641501327157,2.78726791291805e-51,6.41701132666524e-50,"HAVANA","gene",NA,NA,"protein_coding","H4C12","2","HGNC:4784","OTTHUMG00000014488.2"
"ENSG00000177807.10",72.2983743668197,-2.31569926762211,0.153915804174635,-15.0452338539237,3.71020183204938e-51,8.52136959604439e-50,"HAVANA","gene",NA,NA,"protein_coding","KCNJ10","2","HGNC:6256","OTTHUMG00000024073.5"
"ENSG00000284649.1",6.242327997884,-2.62221608712575,0.174421870737627,-15.033757383959,4.41250732755002e-51,1.01198289163677e-49,"HAVANA","gene",NA,NA,"transcribed_unprocessed_pseudogene","AC009093.8","2",NA,"OTTHUMG00000192308.1"
"ENSG00000235033.7",24.3810770777053,2.06013856719885,0.137036367318424,15.033517069318,4.42854785668893e-51,1.0151757311673e-49,"HAVANA","gene",NA,NA,"lncRNA","DAAM2-AS1","2","HGNC:40830","OTTHUMG00000014652.2"
"ENSG00000132677.13",71.3536913136163,-2.67895239478193,0.178289402954412,-15.0258644113971,4.97086352524464e-51,1.13785987336106e-49,"HAVANA","gene",NA,NA,"protein_coding","RHBG","2","HGNC:14572","OTTHUMG00000024057.10"
"ENSG00000118785.14",13614.4380141068,-2.33741146987018,0.15556058046959,-15.0257312155447,4.98086581388211e-51,1.13960497203005e-49,"HAVANA","gene",NA,NA,"protein_coding","SPP1","2","HGNC:11255","OTTHUMG00000130599.6"
"ENSG00000267409.1",7.05669151402584,-2.87629948567874,0.191499580862058,-15.0198735304314,5.4411428322857e-51,1.24372687545233e-49,"HAVANA","gene",NA,NA,"lncRNA","AC068473.4","2",NA,"OTTHUMG00000180270.1"
"ENSG00000117598.13",16.1350837264514,-3.19448495904432,0.212690222102999,-15.0194255638951,5.47803787738709e-51,1.25096660965498e-49,"HAVANA","gene",NA,NA,"protein_coding","PLPPR5","2","HGNC:31703","OTTHUMG00000010738.5"
"ENSG00000227857.2",17.3395931882837,-2.16617558090426,0.144409799410786,-15.000197976471,7.32006587558848e-51,1.66605394821589e-49,"HAVANA","gene",NA,NA,"lncRNA","AL358075.2","2",NA,"OTTHUMG00000008098.1"
"ENSG00000205704.7",15.636941579619,-2.6950594942931,0.179672313515684,-14.9998596976815,7.35746816808119e-51,1.67377160461904e-49,"HAVANA","gene",NA,NA,"protein_coding","LINC00634","1","HGNC:27930","OTTHUMG00000151274.3"
"ENSG00000287226.1",56.635000194801,-4.18693198955463,0.27916097564079,-14.9982710869379,7.53567600782284e-51,1.71349899162218e-49,"HAVANA","gene",NA,NA,"lncRNA","AC084740.1","2",NA,"OTTHUMG00000194905.1"
"ENSG00000184357.5",18.3854985666899,-3.7754581125689,0.2517934200936,-14.9942683616015,8.00398133390115e-51,1.81739689908628e-49,"HAVANA","gene",NA,NA,"protein_coding","H1-5","2","HGNC:4719","OTTHUMG00000016139.2"
"ENSG00000229498.1",1.66923515525553,2.63287802434552,0.175597968830906,14.9937840504344,8.06257414270954e-51,1.8298338568319e-49,"HAVANA","gene",NA,NA,"lncRNA","AC105053.1","2",NA,"OTTHUMG00000153166.1"
"ENSG00000187699.10",290.517926532923,2.20454196130554,0.14703678277488,14.9931324645534,8.14207843560242e-51,1.84700273603083e-49,"HAVANA","gene",NA,NA,"protein_coding","C2orf88","2","HGNC:28191","OTTHUMG00000154361.3"
"ENSG00000127129.10",422.662167523521,-2.53171296999338,0.168880927808418,-14.9911123940852,8.39355539288922e-51,1.90314831459216e-49,"HAVANA","gene",NA,NA,"protein_coding","EDN2","2","HGNC:3177","OTTHUMG00000006362.2"
"ENSG00000124249.7",818.166363403457,-2.51529918120092,0.167835974025309,-14.9866510788779,8.9766734282523e-51,2.03343935672609e-49,"HAVANA","gene",NA,NA,"protein_coding","KCNK15","2","HGNC:13814","OTTHUMG00000032544.4"
"ENSG00000224318.6",5.57437458760594,3.08435443716637,0.20583292943291,14.984747317468,9.23762205132392e-51,2.09057379536575e-49,"HAVANA","gene",NA,NA,"lncRNA","CHL1-AS2","2","HGNC:40147","OTTHUMG00000154872.4"
"ENSG00000258479.6",14.9970433530942,2.35330240779132,0.157191126084788,14.970962206365,1.13664749493689e-50,2.5662950745724e-49,"HAVANA","gene",NA,NA,"lncRNA","LINC00640","2","HGNC:44291","OTTHUMG00000171072.4"
"ENSG00000262172.1",5.39574180098704,-3.75265706008422,0.250759966497493,-14.9651362316709,1.240695909736e-50,2.79594266394411e-49,"HAVANA","gene",NA,NA,"lncRNA","AC116025.2","2",NA,"OTTHUMG00000177535.1"
"ENSG00000282933.2",234.866303309999,-4.38150178853248,0.292801322500489,-14.9640778638395,1.26059093264046e-50,2.83810674731223e-49,"HAVANA","gene",NA,NA,"transcribed_unprocessed_pseudogene","RHOXF1P3","2","HGNC:51612","OTTHUMG00000191483.3"
"ENSG00000168309.18",889.861652647171,2.65214473579597,0.17731394923533,14.9573383664026,1.39494473885975e-50,3.13176206367247e-49,"HAVANA","gene",NA,NA,"protein_coding","FAM107A","1","HGNC:30827","OTTHUMG00000159159.5"
"ENSG00000269416.6",76.0756779899898,-3.71518803932768,0.248389721592383,-14.9570924896177,1.40010709161078e-50,3.14187966084648e-49,"HAVANA","gene",NA,NA,"lncRNA","LINC01224","2","HGNC:49676","OTTHUMG00000183272.2"
"ENSG00000183734.4",267.639896864884,-2.53633176824143,0.169681795695664,-14.9475773629277,1.61519046284885e-50,3.61775479546931e-49,"HAVANA","gene",NA,NA,"protein_coding","ASCL2","2","HGNC:739","OTTHUMG00000009648.1"
"ENSG00000109846.9",7323.3643730932,2.82595202764694,0.189166252665568,14.9389861448649,1.83749597133952e-50,4.11375850405965e-49,"HAVANA","gene",NA,NA,"protein_coding","CRYAB","1","HGNC:2389","OTTHUMG00000166885.12"
"ENSG00000154175.18",1987.43523362596,2.14671062173039,0.143736656074252,14.9350254859236,1.94999532952324e-50,4.36154417541823e-49,"HAVANA","gene",NA,NA,"protein_coding","ABI3BP","2","HGNC:17265","OTTHUMG00000159094.7"
"ENSG00000254726.3",2940.95279637126,-2.07380306756436,0.138863255497739,-14.9341383372517,1.97611946042715e-50,4.41379409552748e-49,"HAVANA","gene",NA,NA,"protein_coding","MEX3A","2","HGNC:33482","OTTHUMG00000017465.4"
"ENSG00000272789.1",12.6643607152159,2.41694818029454,0.161940899101452,14.9248781111211,2.27050095896601e-50,5.06895158173634e-49,"HAVANA","gene",NA,NA,"lncRNA","AC010976.2","2",NA,"OTTHUMG00000186042.2"
"ENSG00000268089.3",76.7558748032576,-4.15336151745441,0.278388133251681,-14.919319544772,2.46777072568763e-50,5.50423163257423e-49,"HAVANA","gene",NA,NA,"protein_coding","GABRQ","2","HGNC:14454","OTTHUMG00000022649.5"
"ENSG00000170231.16",56.7172434483522,-4.36043802421726,0.292541619153392,-14.9053595752846,3.04170711130938e-50,6.76546832417978e-49,"HAVANA","gene",NA,NA,"protein_coding","FABP6","2","HGNC:3561","OTTHUMG00000130329.6"
"ENSG00000245293.3",22.6400445077447,2.04931514806475,0.137503664213341,14.9037130013145,3.11761981480417e-50,6.93109815903795e-49,"HAVANA","gene",NA,NA,"lncRNA","CYP2U1-AS1","2","HGNC:54817","OTTHUMG00000161085.5"
"ENSG00000153132.13",1136.26128838069,-2.64515959748785,0.177687361344666,-14.8865939449511,4.02771803926028e-50,8.92956831378807e-49,"HAVANA","gene",NA,NA,"protein_coding","CLGN","2","HGNC:2060","OTTHUMG00000133414.4"
"ENSG00000253931.1",12.7323834999899,-3.77838799438562,0.253887402127375,-14.8821405186934,4.30502507989444e-50,9.53995150683362e-49,"HAVANA","gene",NA,NA,"lncRNA","AC105118.1","1",NA,"OTTHUMG00000165016.1"
"ENSG00000183873.18",43.2923662231683,2.20329186011561,0.148060314307462,14.8810427049362,4.37625483401848e-50,9.69331341182734e-49,"HAVANA","gene",NA,NA,"protein_coding","SCN5A","1","HGNC:10593","OTTHUMG00000156166.6"
"ENSG00000177398.18",87.6347391579484,-2.76861520225273,0.186050945571859,-14.8809520625812,4.38218817895258e-50,9.7019702242892e-49,"HAVANA","gene",NA,NA,"protein_coding","UMODL1","2","HGNC:12560","OTTHUMG00000086788.3"
"ENSG00000229754.1",164.51679581419,-3.21924212213863,0.216511664094728,-14.8686775633952,5.264293650296e-50,1.16334090768303e-48,"HAVANA","gene",NA,NA,"transcribed_unprocessed_pseudogene","CXCR2P1","2","HGNC:6028","OTTHUMG00000155244.1"
"ENSG00000115353.11",281.687568432393,2.5593994553024,0.172137690609903,14.8683268971146,5.29193643834518e-50,1.16891044149893e-48,"HAVANA","gene",NA,NA,"protein_coding","TACR1","2","HGNC:11526","OTTHUMG00000129973.4"
"ENSG00000160801.14",169.867538735293,2.11613446422181,0.142437435163291,14.8565892231622,6.30547107709558e-50,1.38894307725816e-48,"HAVANA","gene",NA,NA,"protein_coding","PTH1R","2","HGNC:9608","OTTHUMG00000133515.6"
"ENSG00000276778.1",2.99909385268041,2.76932071566596,0.186417648228285,14.8554642867004,6.41221534621541e-50,1.41180715642087e-48,"HAVANA","gene",NA,NA,"lncRNA","LINC02227","2","HGNC:53096","OTTHUMG00000186522.1"
"ENSG00000211452.11",693.220194073135,-3.52225172375658,0.237146036072999,-14.8526696127122,6.68524973650287e-50,1.47124627871315e-48,"HAVANA","gene",NA,NA,"protein_coding","DIO1","2","HGNC:2883","OTTHUMG00000008435.5"
"ENSG00000242078.1",9.3422524483726,-2.15531595062181,0.145139844231607,-14.8499260284617,6.96454621555461e-50,1.53130522802763e-48,"HAVANA","gene",NA,NA,"lncRNA","AC084864.1","2",NA,"OTTHUMG00000157659.1"
"ENSG00000100985.7",4008.04166983371,-2.48107014905555,0.167163892549162,-14.8421415128622,7.82185180898193e-50,1.71822521856178e-48,"HAVANA","gene",NA,NA,"protein_coding","MMP9","2","HGNC:7176","OTTHUMG00000033044.1"
"ENSG00000224613.7",4.94645137466881,2.48796835603988,0.167645258363524,14.840672383617,7.99505627641835e-50,1.75546813108709e-48,"HAVANA","gene",NA,NA,"lncRNA","AC095032.1","2",NA,"OTTHUMG00000041348.4"
"ENSG00000266970.1",46.9274653119922,-2.018664455977,0.136030251717135,-14.839820043667,8.09728843210188e-50,1.77710072735685e-48,"HAVANA","gene",NA,NA,"lncRNA","AC061992.2","2",NA,"OTTHUMG00000177663.1"
"ENSG00000152578.13",144.683619057753,3.36724986586659,0.226911439858204,14.8394892208642,8.13731794915179e-50,1.78506823692245e-48,"HAVANA","gene",NA,NA,"protein_coding","GRIA4","2","HGNC:4574","OTTHUMG00000166236.5"
"ENSG00000165164.14",58.1233432441451,-3.12348547295727,0.210525392693521,-14.836621050765,8.49272812340058e-50,1.86210309929203e-48,"HAVANA","gene",NA,NA,"protein_coding","CFAP47","2","HGNC:26708","OTTHUMG00000021351.7"
"ENSG00000134765.10",35.0914599252532,2.63873770834128,0.178098797480436,14.816145564549,1.15208267398571e-49,2.52268194290015e-48,"HAVANA","gene",NA,NA,"protein_coding","DSC1","2","HGNC:3035","OTTHUMG00000131982.1"
"ENSG00000130675.15",101.525745510049,-3.20432191297052,0.216351281646776,-14.8107369116584,1.24863874089235e-49,2.73036431201061e-48,"HAVANA","gene",NA,NA,"protein_coding","MNX1","1","HGNC:4979","OTTHUMG00000157181.5"
"ENSG00000229246.2",4.39497322432536,3.66506233535497,0.247544048898268,14.8056976189364,1.34583435717623e-49,2.93887529864692e-48,"HAVANA","gene",NA,NA,"lncRNA","LINC00377","2","HGNC:42703","OTTHUMG00000017144.2"
"ENSG00000124171.9",3137.01392937762,-2.22482936934466,0.150359489436805,-14.7967339984866,1.53769852613527e-49,3.35478763147271e-48,"HAVANA","gene",NA,NA,"protein_coding","PARD6B","1","HGNC:16245","OTTHUMG00000032732.3"
"ENSG00000285051.2",9.80613461127588,2.97983799642832,0.201394196676289,14.7960469845016,1.5534809368062e-49,3.38767736378629e-48,"HAVANA","gene",NA,NA,"lncRNA","SLC7A14-AS1","2","HGNC:54092","OTTHUMG00000192432.3"
"ENSG00000135638.14",118.022100127133,-3.50980520536284,0.23722244205029,-14.7954180684927,1.56807002310046e-49,3.41793606946057e-48,"HAVANA","gene",NA,NA,"protein_coding","EMX1","2","HGNC:3340","OTTHUMG00000129778.8"
"ENSG00000159217.10",26.7530228001871,-3.12023802231031,0.210931696419134,-14.7926465072855,1.63400460321296e-49,3.56003458571774e-48,"HAVANA","gene",NA,NA,"protein_coding","IGF2BP1","2","HGNC:28866","OTTHUMG00000161173.3"
"ENSG00000116183.11",75.0961380388642,2.5304087267664,0.171085851899396,14.7902862724988,1.69232494062085e-49,3.68374774671262e-48,"HAVANA","gene",NA,NA,"protein_coding","PAPPA2","2","HGNC:14615","OTTHUMG00000035025.5"
"ENSG00000287893.1",1.69484939641594,3.18017162613726,0.215032819860886,14.7892383506604,1.71887846680154e-49,3.73984865324532e-48,"HAVANA","gene",NA,NA,"lncRNA","AC083864.5","2",NA,"OTTHUMG00000194927.1"
"ENSG00000223458.2",1.39667257522305,2.92573059932575,0.197897610869799,14.7840622555603,1.85624578505143e-49,4.033230637724e-48,"HAVANA","gene",NA,NA,"lncRNA","LMO7DN-IT1","2","HGNC:49790","OTTHUMG00000017094.2"
"ENSG00000164007.11",83.7199594202036,3.47631233538731,0.235238111421575,14.7778449434894,2.03576306430718e-49,4.4192754150864e-48,"HAVANA","gene",NA,NA,"protein_coding","CLDN19","2","HGNC:2040","OTTHUMG00000007524.2"
"ENSG00000154451.14",1499.75743708584,-2.54176737035548,0.172031017361881,-14.7750528325288,2.12190754191324e-49,4.60210911421744e-48,"HAVANA","gene",NA,NA,"protein_coding","GBP5","2","HGNC:19895","OTTHUMG00000010006.3"
"ENSG00000279036.1",4.75050046866146,3.0116452523139,0.204134383383881,14.7532483376424,2.93205610306557e-49,6.33339981505282e-48,"HAVANA","gene",NA,NA,"TEC","AC015656.1","2",NA,"OTTHUMG00000177920.1"
"ENSG00000135063.19",1061.93402816985,2.18053182472754,0.147935237264985,14.7397730590834,3.57985692711758e-49,7.71182308355231e-48,"HAVANA","gene",NA,NA,"protein_coding","FAM189A2","2","HGNC:24820","OTTHUMG00000019979.4"
"ENSG00000187634.12",377.920687369426,-2.70752711005083,0.183695572251023,-14.739207248561,3.60997423648598e-49,7.77320744584465e-48,"HAVANA","gene",NA,NA,"protein_coding","SAMD11","2","HGNC:28706","OTTHUMG00000040719.11"
"ENSG00000273983.1",86.6506368507697,-3.10248038240422,0.210689380370382,-14.7253761767689,4.42997698390087e-49,9.50896941302377e-48,"HAVANA","gene",NA,NA,"protein_coding","H3C8","2","HGNC:4772","OTTHUMG00000014436.2"
"ENSG00000180440.4",8.17110580224475,3.8295343001521,0.260065425578564,14.7252726564194,4.43676597022713e-49,9.51927709957823e-48,"HAVANA","gene",NA,NA,"protein_coding","SERTM1","2","HGNC:33792","OTTHUMG00000016735.3"
"ENSG00000180818.5",1749.82939968462,-2.42374966177826,0.164642985409677,-14.7212446114682,4.70912817262008e-49,1.00946009284218e-47,"HAVANA","gene",NA,NA,"protein_coding","HOXC10","1","HGNC:5122","OTTHUMG00000160031.3"
"ENSG00000123407.4",325.145410814775,-4.10539156804922,0.278919767574252,-14.7188978527896,4.87541501223413e-49,1.04417136001849e-47,"HAVANA","gene",NA,NA,"protein_coding","HOXC12","2","HGNC:5124","OTTHUMG00000160010.3"
"ENSG00000211892.4",8660.94287699615,-3.02973844490396,0.205957875365088,-14.7104763026582,5.52173907652891e-49,1.18101124623438e-47,"HAVANA","gene",NA,NA,"IG_C_gene","IGHG4","2","HGNC:5528","OTTHUMG00000152481.3"
"ENSG00000172379.21",3718.3352807404,-2.05914407467202,0.139985578696676,-14.7096871966634,5.58650480779451e-49,1.1937977044667e-47,"HAVANA","gene",NA,NA,"protein_coding","ARNT2","1","HGNC:16876","OTTHUMG00000165478.9"
"ENSG00000075886.11",340.625487689914,-3.16580252768528,0.215271528724446,-14.706090240747,5.89143623017817e-49,1.25727710373201e-47,"HAVANA","gene",NA,NA,"protein_coding","TUBA3D","2","HGNC:24071","OTTHUMG00000153600.3"
"ENSG00000099769.6",248.091991200681,-2.87338866820815,0.195423462691838,-14.7033965555056,6.13059181092559e-49,1.30715021656184e-47,"HAVANA","gene",NA,NA,"protein_coding","IGFALS","1","HGNC:5468","OTTHUMG00000128638.3"
"ENSG00000134339.9",431.632322091326,3.16438297569554,0.215289634419342,14.6982597849182,6.61376001573015e-49,1.40766433742173e-47,"HAVANA","gene",NA,NA,"protein_coding","SAA2","1","HGNC:10514","OTTHUMG00000166484.1"
"ENSG00000223573.7",1055.4156195701,-2.59225073031597,0.176392757018475,-14.6959023382375,6.84801524492695e-49,1.45622907405437e-47,"HAVANA","gene",NA,NA,"protein_coding","TINCR","2","HGNC:14607","OTTHUMG00000150390.4"
"ENSG00000099957.16",28.2839924365005,2.43867952055181,0.165993719072849,14.6913963623019,7.31898736113404e-49,1.55362288202008e-47,"HAVANA","gene",NA,NA,"protein_coding","P2RX6","2","HGNC:8538","OTTHUMG00000150689.3"
"ENSG00000276368.2",6.07489685591672,-4.23945031132604,0.289180995661689,-14.6601968141978,1.1593641748443e-48,2.4480007764121e-47,"HAVANA","gene",NA,NA,"protein_coding","H2AC14","2","HGNC:4727","OTTHUMG00000014486.2"
"ENSG00000079393.20",38.1095850246724,-3.62838490423767,0.247536840322993,-14.6579591930771,1.19820481309864e-48,2.52778479064535e-47,"HAVANA","gene",NA,NA,"protein_coding","DUSP13","1","HGNC:19681","OTTHUMG00000018516.10"
"ENSG00000159409.15",39.7789956837709,-3.05685289907459,0.20868918633471,-14.6478739639715,1.38997321339247e-48,2.92719194081905e-47,"HAVANA","gene",NA,NA,"protein_coding","CELF3","2","HGNC:11967","OTTHUMG00000013064.4"
"ENSG00000151012.13",518.929056918949,-2.1465042225587,0.146577687819769,-14.6441402814187,1.46846938306455e-48,3.08978340547311e-47,"HAVANA","gene",NA,NA,"protein_coding","SLC7A11","2","HGNC:11059","OTTHUMG00000133396.2"
"ENSG00000202538.1",418.523313027446,-4.78219100082755,0.326604742403765,-14.6421358294779,1.51241502507543e-48,3.18085179329955e-47,"ENSEMBL","gene",NA,NA,"snRNA","RNU4-2","3","HGNC:10193",NA
"ENSG00000179292.5",26.910990952458,-3.78635920180863,0.258853229134965,-14.6274366151888,1.87727793620136e-48,3.92924359647912e-47,"HAVANA","gene",NA,NA,"protein_coding","TMEM151A","2","HGNC:28497","OTTHUMG00000166920.2"
"ENSG00000111713.3",1.16451155170078,4.95760590662695,0.339108203319092,14.6195398934716,2.10820211280579e-48,4.40680467820792e-47,"HAVANA","gene",NA,NA,"protein_coding","GYS2","2","HGNC:4707","OTTHUMG00000169135.4"
"ENSG00000184343.11",282.047129240098,-2.50276428639313,0.171252535606031,-14.6144655758603,2.27129645735343e-48,4.74565256309649e-47,"HAVANA","gene",NA,NA,"protein_coding","SRPK3","1","HGNC:11402","OTTHUMG00000024207.3"
"ENSG00000104899.8",112.263382148887,-2.70052654021651,0.184815605055474,-14.6120049733134,2.35484521563041e-48,4.91807472889507e-47,"HAVANA","gene",NA,NA,"protein_coding","AMH","1","HGNC:464","OTTHUMG00000180415.5"
"ENSG00000143512.13",169.741743108659,-3.08562129189497,0.211203388852671,-14.6097148755857,2.43535028599366e-48,5.08177840600855e-47,"HAVANA","gene",NA,NA,"protein_coding","HHIPL2","2","HGNC:25842","OTTHUMG00000037545.4"
"ENSG00000171773.3",1.50794244008932,3.10923757332322,0.212869402707906,14.6063151104418,2.55994307527911e-48,5.33943721099792e-47,"HAVANA","gene",NA,NA,"protein_coding","NXNL1","2","HGNC:25179","OTTHUMG00000182798.1"
"ENSG00000261616.1",80.9160646530174,2.43689220624532,0.167084976363965,14.5847475893763,3.51218578228467e-48,7.30650546371076e-47,"HAVANA","gene",NA,NA,"lncRNA","AC036108.3","2",NA,"OTTHUMG00000177238.1"
"ENSG00000214725.9",31.1454695805495,-2.64720882154198,0.181541700398213,-14.5818223346774,3.66598531094793e-48,7.6231491426873e-47,"HAVANA","gene",NA,NA,"transcribed_unitary_pseudogene","CDIPTOSP","2","HGNC:48609","OTTHUMG00000177145.5"
"ENSG00000254548.1",7.01739462608268,-3.7002610545858,0.253769515101359,-14.5811881821497,3.70020095893549e-48,7.69095999750974e-47,"HAVANA","gene",NA,NA,"lncRNA","AC105219.1","2",NA,"OTTHUMG00000165150.1"
"ENSG00000183378.12",31.0344992297825,3.19804002357371,0.219370759620478,14.5782420095845,3.86337712335573e-48,8.01968795407161e-47,"HAVANA","gene",NA,NA,"protein_coding","OVCH2","2","HGNC:29970","OTTHUMG00000165418.12"
"ENSG00000286509.1",1.85299963505373,3.21488655748163,0.220719211358687,14.565504007067,4.65538382829855e-48,9.64439942518065e-47,"HAVANA","gene",NA,NA,"lncRNA","AC026408.1","2",NA,"OTTHUMG00000194436.1"
"ENSG00000162772.17",3307.43123334398,2.05877081822828,0.141362140695036,14.5638061796879,4.7724897567276e-48,9.86836358415276e-47,"HAVANA","gene",NA,NA,"protein_coding","ATF3","2","HGNC:785","OTTHUMG00000036747.9"
"ENSG00000253364.2",26.2770513296947,-3.98704422207932,0.273826205726139,-14.5604917962705,5.00961056410987e-48,1.03363670166453e-46,"HAVANA","gene",NA,NA,"lncRNA","COPDA1","2","HGNC:53171","OTTHUMG00000164792.1"
"ENSG00000231131.8",38.1313109585834,-2.67761221242564,0.183937432820656,-14.5571902976181,5.25746437658649e-48,1.08291108461848e-46,"HAVANA","gene",NA,NA,"lncRNA","LNCAROD","2","HGNC:50913","OTTHUMG00000193343.5"
"ENSG00000266524.3",179.375200846528,3.07925217011969,0.211598338554329,14.5523456902242,5.64342286466036e-48,1.16091193407419e-46,"HAVANA","gene",NA,NA,"protein_coding","GDF10","2","HGNC:4215","OTTHUMG00000188319.2"
"ENSG00000127084.19",3424.88582378348,-2.04906800470509,0.140822249464556,-14.550740472448,5.7774271992435e-48,1.18745833168492e-46,"HAVANA","gene",NA,NA,"protein_coding","FGD3","2","HGNC:16027","OTTHUMG00000021032.8"
"ENSG00000250961.2",24.7839882005063,3.45038879471767,0.237278262223101,14.5415292677483,6.60993142988691e-48,1.3556584537923e-46,"HAVANA","gene",NA,NA,"lncRNA","AC025470.2","2",NA,"OTTHUMG00000162323.3"
"ENSG00000150551.11",38.540967515307,-2.14931776118422,0.147851190860806,-14.5370338153562,7.05855434275431e-48,1.44457641418778e-46,"HAVANA","gene",NA,NA,"protein_coding","LYPD1","2","HGNC:28431","OTTHUMG00000153609.3"
"ENSG00000249307.7",44.4878644690136,2.12734838524376,0.146341103598701,14.5369163750289,7.07067178406809e-48,1.44643845078865e-46,"HAVANA","gene",NA,NA,"lncRNA","LINC01088","2","HGNC:49148","OTTHUMG00000160858.10"
"ENSG00000186564.6",123.918461545082,-2.01199016272309,0.138432729407799,-14.5340640997991,7.37141090213554e-48,1.50667361911823e-46,"HAVANA","gene",NA,NA,"protein_coding","FOXD2","2","HGNC:3803","OTTHUMG00000007950.1"
"ENSG00000235310.1",3.82247352847958,5.1091847028861,0.351552191425079,14.5332181892399,7.46302592591141e-48,1.52409877284917e-46,"HAVANA","gene",NA,NA,"processed_pseudogene","GXYLT1P6","1","HGNC:50425","OTTHUMG00000013327.2"
"ENSG00000204936.10",174.298909267647,-3.74933363393913,0.258003526485301,-14.532102274008,7.58561920687033e-48,1.54781523083968e-46,"HAVANA","gene",NA,NA,"protein_coding","CD177","2","HGNC:30072","OTTHUMG00000185320.4"
"ENSG00000162746.14",295.5966533575,-2.87910960827297,0.198194499973083,-14.5266877166823,8.20951378784334e-48,1.67440530257801e-46,"HAVANA","gene",NA,NA,"protein_coding","FCRLB","2","HGNC:26431","OTTHUMG00000133629.1"
"ENSG00000273802.2",789.532026552002,-2.4648558022888,0.169695946531405,-14.525130697996,8.39819673311649e-48,1.71216002333451e-46,"HAVANA","gene",NA,NA,"protein_coding","H2BC8","2","HGNC:4746","OTTHUMG00000014446.3"
"ENSG00000275152.5",7.49309885189001,2.36315051798602,0.16276296011116,14.518969895682,9.1880598239818e-48,1.87000826748924e-46,"HAVANA","gene",NA,NA,"protein_coding","CCL16","2","HGNC:10614","OTTHUMG00000188402.2"
"ENSG00000129991.13",37.8048529551485,-4.04165585152529,0.27838281051353,-14.5183384134591,9.27308538070121e-48,1.88651176471081e-46,"HAVANA","gene",NA,NA,"protein_coding","TNNI3","2","HGNC:11947","OTTHUMG00000180589.7"
"ENSG00000204140.10",134.745383084908,-2.93264371846625,0.202218733726855,-14.5023344989762,1.17098578559306e-47,2.37619351917677e-46,"HAVANA","gene",NA,NA,"protein_coding","CLPSL1","2","HGNC:21251","OTTHUMG00000014582.3"
"ENSG00000115361.8",136.560369291133,3.33046645951495,0.229708459647741,14.4986669825841,1.23525489680864e-47,2.50237049074427e-46,"HAVANA","gene",NA,NA,"protein_coding","ACADL","2","HGNC:88","OTTHUMG00000132989.4"
"ENSG00000136244.12",203.971261732324,2.80549519667417,0.193647230906984,14.4876597694379,1.44999352756825e-47,2.9299531803372e-46,"HAVANA","gene",NA,NA,"protein_coding","IL6","2","HGNC:6018","OTTHUMG00000023178.7"
"ENSG00000168490.14",135.560739478407,2.09524621170238,0.144675577930034,14.4823766504369,1.56587770537e-47,3.16144967822489e-46,"HAVANA","gene",NA,NA,"protein_coding","PHYHIP","1","HGNC:16865","OTTHUMG00000163776.4"
"ENSG00000232328.3",1.93252934412598,2.98651169814858,0.206247677644414,14.4802197642077,1.61579738019251e-47,3.25948852568519e-46,"HAVANA","gene",NA,NA,"lncRNA","AC084030.1","2",NA,"OTTHUMG00000153025.4"
"ENSG00000211897.9",14749.7632061444,-3.1331103241995,0.216404126871223,-14.4780525653466,1.6675508922862e-47,3.36105861377501e-46,"HAVANA","gene",NA,NA,"IG_C_gene","IGHG3","2","HGNC:5527","OTTHUMG00000152539.2"
"ENSG00000102854.16",1017.61458722338,-4.29354777648069,0.296965730653237,-14.4580580629157,2.23001132115202e-47,4.48718363697577e-46,"HAVANA","gene",NA,NA,"protein_coding","MSLN","2","HGNC:7371","OTTHUMG00000047992.6"
"ENSG00000166257.9",107.121389209861,2.19104598685235,0.151594694655793,14.453315743188,2.38902454689989e-47,4.80512871712735e-46,"HAVANA","gene",NA,NA,"protein_coding","SCN3B","1","HGNC:20665","OTTHUMG00000166006.3"
"ENSG00000254965.1",2.6679215207528,2.31251776879541,0.160066464154513,14.4472346597419,2.60954366047427e-47,5.2398674255374e-46,"HAVANA","gene",NA,NA,"processed_pseudogene","C1DP5","1","HGNC:51613","OTTHUMG00000167014.1"
"ENSG00000249917.3",57.424201769338,-2.65444594894595,0.183826520682852,-14.4399509879511,2.90048311435449e-47,5.8167495189922e-46,"HAVANA","gene",NA,NA,"lncRNA","LINC00536","2","HGNC:43645","OTTHUMG00000164936.3"
"ENSG00000258884.2",20.5092812326856,-2.22864039801893,0.154346263944239,-14.4392247733582,2.93120433895971e-47,5.87589957655061e-46,"HAVANA","gene",NA,NA,"lncRNA","LINC02321","2","HGNC:53240","OTTHUMG00000171053.3"
"ENSG00000244564.2",2.87066869338175,-3.58003192798029,0.247957379871242,-14.4380938766142,2.97969098493561e-47,5.97044770798541e-46,"HAVANA","gene",NA,NA,"lncRNA","PRICKLE2-DT","2","HGNC:52829","OTTHUMG00000158709.2"
"ENSG00000277270.2",5.42605812309304,3.71527113450367,0.257732244536198,14.4152360182541,4.15018042176936e-47,8.27101264588062e-46,"HAVANA","gene",NA,NA,"lncRNA","AL160412.1","2",NA,"OTTHUMG00000186969.2"
"ENSG00000260442.5",16.6831452172173,-2.14980692691349,0.149168493290457,-14.4119369948146,4.35327875884016e-47,8.66856131903707e-46,"HAVANA","gene",NA,NA,"lncRNA","ATP2A1-AS1","2","HGNC:51370","OTTHUMG00000176592.1"
"ENSG00000267750.6",69.8001615438661,-2.30025961143634,0.159693569459887,-14.4042093818571,4.86857167734467e-47,9.67053354318339e-46,"HAVANA","gene",NA,NA,"lncRNA","RUNDC3A-AS1","2","HGNC:51344","OTTHUMG00000132629.4"
"ENSG00000198681.7",71.3336468030813,-7.25612019975782,0.503819353989739,-14.4022260008408,5.01034151732304e-47,9.94388823922729e-46,"HAVANA","gene",NA,NA,"protein_coding","MAGEA1","2","HGNC:6796","OTTHUMG00000024192.3"
"ENSG00000185130.5",13.0526652609266,-2.98595625341558,0.207514129606101,-14.3891707956633,6.05171201919012e-47,1.19808893735289e-45,"HAVANA","gene",NA,NA,"protein_coding","H2BC13","2","HGNC:4748","OTTHUMG00000014485.1"
"ENSG00000105409.19",25.3377977169617,-3.03666626237724,0.211072633100058,-14.3868308163746,6.25993582700367e-47,1.23880018782216e-45,"HAVANA","gene",NA,NA,"protein_coding","ATP1A3","1","HGNC:801","OTTHUMG00000137384.11"
"ENSG00000241158.7",72.235657045831,2.54714399363714,0.177049331283833,14.3866343643723,6.27773823796124e-47,1.2418102352631e-45,"HAVANA","gene",NA,NA,"lncRNA","ADAMTS9-AS1","2","HGNC:40625","OTTHUMG00000158723.8"
"ENSG00000138356.14",954.050426333962,2.2958535215509,0.159658779199017,14.3797511985801,6.9343387575861e-47,1.36886761382757e-45,"HAVANA","gene",NA,NA,"protein_coding","AOX1","1","HGNC:553","OTTHUMG00000154536.6"
"ENSG00000197238.5",14.2515097934627,-2.54132758081241,0.176731048355029,-14.3796328062697,6.94621079207199e-47,1.37064645406989e-45,"HAVANA","gene",NA,NA,"protein_coding","H4C11","2","HGNC:4785","OTTHUMG00000014487.1"
"ENSG00000183196.10",198.764735780302,-2.27286508791648,0.158115347284644,-14.3747278613302,7.45625678617949e-47,1.46887032329712e-45,"HAVANA","gene",NA,NA,"protein_coding","CHST6","2","HGNC:6938","OTTHUMG00000137612.6"
"ENSG00000200795.1",115.754755257594,-5.01979687702366,0.349357698186733,-14.3686453828779,8.14079804679376e-47,1.59977700747288e-45,"ENSEMBL","gene",NA,NA,"snRNA","RNU4-1","3","HGNC:10192",NA
"ENSG00000174672.16",153.325494257504,-2.84229906627465,0.197845742336734,-14.3662382253192,8.42866898019958e-47,1.65566843313392e-45,"HAVANA","gene",NA,NA,"protein_coding","BRSK2","2","HGNC:11405","OTTHUMG00000167089.4"
"ENSG00000230107.1",29.2535369062997,-2.49202798106397,0.173568439264916,-14.3576101255391,9.54626574784981e-47,1.87289759205358e-45,"HAVANA","gene",NA,NA,"lncRNA","AL022316.1","1",NA,"OTTHUMG00000150919.1"
"ENSG00000105290.13",800.992593194367,-2.51966927604853,0.175711314165841,-14.3398237501679,1.23368354984918e-46,2.41051300461966e-45,"HAVANA","gene",NA,NA,"protein_coding","APLP1","2","HGNC:597","OTTHUMG00000180692.5"
"ENSG00000109061.10",43.5298623263972,2.65997387160295,0.185503054638714,14.3392456624691,1.24400235820208e-46,2.42968418187777e-45,"HAVANA","gene",NA,NA,"protein_coding","MYH1","2","HGNC:7567","OTTHUMG00000130362.3"
"ENSG00000234115.2",27.589793574351,-3.45368113395951,0.240923755242316,-14.3351623026375,1.31937739575948e-46,2.5748012639852e-45,"HAVANA","gene",NA,NA,"processed_pseudogene","AL138878.2","1",NA,"OTTHUMG00000014210.2"
"ENSG00000185269.12",52.8471146496049,-2.73167722968318,0.19067637248788,-14.3262492045616,1.50006281638783e-46,2.92384090858994e-45,"HAVANA","gene",NA,NA,"protein_coding","NOTUM","2","HGNC:27106","OTTHUMG00000154416.8"
"ENSG00000251632.1",2.35332815421612,2.16430780542896,0.151152170541597,14.3187345419783,1.67138957150845e-46,3.25248880466978e-45,"HAVANA","gene",NA,NA,"lncRNA","LINC02172","2","HGNC:53034","OTTHUMG00000161349.1"
"ENSG00000279587.1",4.71140188727193,2.94712090905731,0.205837020607863,14.3177398329712,1.69548129162264e-46,3.29803120916121e-45,"HAVANA","gene",NA,NA,"TEC","AC006963.1","2",NA,"OTTHUMG00000175556.1"
"ENSG00000260220.7",35.3869513476375,-3.37490189042333,0.235785254433547,-14.3134561087428,1.80324371228817e-46,3.50480349921809e-45,"HAVANA","gene",NA,NA,"protein_coding","CCDC187","2","HGNC:30942","OTTHUMG00000188591.3"
"ENSG00000143473.13",105.662789885359,-2.68593721913217,0.187678822671468,-14.3113494687353,1.85871236747108e-46,3.60968421262827e-45,"HAVANA","gene",NA,NA,"protein_coding","KCNH1","2","HGNC:6250","OTTHUMG00000036309.9"
"ENSG00000101098.13",1616.24236387706,-3.31487239479214,0.231709368954462,-14.3061646999851,2.00256821085888e-46,3.88748148226292e-45,"HAVANA","gene",NA,NA,"protein_coding","RIMS4","2","HGNC:16183","OTTHUMG00000032546.4"
"ENSG00000174145.8",33.0829884467794,3.60898754927066,0.252443134680557,14.2962396416028,2.30956248023861e-46,4.47799022372449e-45,"HAVANA","gene",NA,NA,"protein_coding","NWD2","2","HGNC:29229","OTTHUMG00000157134.3"
"ENSG00000070886.12",69.189362425788,-3.61454527630127,0.252854949440628,-14.2949358290097,2.35322612013068e-46,4.55895929702632e-45,"HAVANA","gene",NA,NA,"protein_coding","EPHA8","2","HGNC:3391","OTTHUMG00000002892.2"
"ENSG00000188833.10",223.719915708665,-2.66341860190383,0.186393782209158,-14.2892030535393,2.55516732337212e-46,4.9461845035458e-45,"HAVANA","gene",NA,NA,"protein_coding","ENTPD8","2","HGNC:24860","OTTHUMG00000131831.5"
"ENSG00000068078.20",1811.35699690505,-2.40720743287335,0.168471262590628,-14.28853441149,2.57981630205633e-46,4.99188202873663e-45,"HAVANA","gene",NA,NA,"protein_coding","FGFR3","1","HGNC:3690","OTTHUMG00000121148.7"
"ENSG00000234233.1",14.8077810023819,-4.03009927221146,0.282224364608044,-14.2797709113758,2.92561586232506e-46,5.65186515983846e-45,"HAVANA","gene",NA,NA,"lncRNA","KCNH1-IT1","2","HGNC:41351","OTTHUMG00000046162.1"
"ENSG00000276903.2",8.59474065568007,-3.55205840804562,0.248904853710862,-14.270747858424,3.32988394116499e-46,6.42249354352716e-45,"HAVANA","gene",NA,NA,"protein_coding","H2AC16","2","HGNC:4730","OTTHUMG00000014492.2"
"ENSG00000175315.3",233.641852072792,-2.65925177567306,0.186708073919291,-14.2428322452867,4.96723692643592e-46,9.54211391922794e-45,"HAVANA","gene",NA,NA,"protein_coding","CST6","2","HGNC:2478","OTTHUMG00000166750.2"
"ENSG00000127585.12",1849.33278367091,-2.02620769578,0.14229982980076,-14.2390029462226,5.2470329946508e-46,1.00715284765112e-44,"HAVANA","gene",NA,NA,"protein_coding","FBXL16","2","HGNC:14150","OTTHUMG00000090420.4"
"ENSG00000148053.17",5920.9434115188,2.58336787223233,0.181464349994203,14.2362280652638,5.45953423876142e-46,1.04752216811798e-44,"HAVANA","gene",NA,NA,"protein_coding","NTRK2","2","HGNC:8032","OTTHUMG00000020120.3"
"ENSG00000233682.3",43.6774512022511,-2.38313091199495,0.167486414064845,-14.2288013347297,6.0713520203504e-46,1.16304868170727e-44,"HAVANA","gene",NA,NA,"lncRNA","AL356417.2","1",NA,"OTTHUMG00000015926.3"
"ENSG00000231013.2",5.5938829828656,2.95004725632504,0.207438051398057,14.2213409566991,6.75460922152081e-46,1.29290182901743e-44,"HAVANA","gene",NA,NA,"lncRNA","SCTR-AS1","2","HGNC:40516","OTTHUMG00000153309.2"
"ENSG00000162006.9",17.9228135636408,-4.03307644836648,0.283879300527176,-14.2070113631987,8.28881374986432e-46,1.58403297469485e-44,"HAVANA","gene",NA,NA,"protein_coding","MSLNL","2","HGNC:14170","OTTHUMG00000168780.3"
"ENSG00000267147.2",24.2384487145186,-3.27939943951885,0.230973160900238,-14.1981840086402,9.40173029365345e-46,1.7945693162109e-44,"HAVANA","gene",NA,NA,"lncRNA","LINC01842","2","HGNC:52656","OTTHUMG00000182165.2"
"ENSG00000125845.7",193.942967092239,2.15478016692443,0.151837684666579,14.191339730029,1.03659267057118e-45,1.97624969546618e-44,"HAVANA","gene",NA,NA,"protein_coding","BMP2","2","HGNC:1069","OTTHUMG00000031833.4"
"ENSG00000228278.5",118.769269350012,-3.96355973762774,0.279399135307257,-14.1860128996784,1.11839152614504e-45,2.1296557240703e-44,"HAVANA","gene",NA,NA,"protein_coding","ORM2","2","HGNC:8499","OTTHUMG00000021014.2"
"ENSG00000286527.1",2.0596917896658,2.21739503186585,0.156463342860803,14.1719778660139,1.36598315487645e-45,2.59699416468773e-44,"HAVANA","gene",NA,NA,"lncRNA","AL161665.2","2",NA,"OTTHUMG00000193873.1"
"ENSG00000287666.1",4.94801763509364,3.66484510388997,0.258757431276118,14.1632458083078,1.54681376427975e-45,2.9361270779177e-44,"HAVANA","gene",NA,NA,"lncRNA","AP000821.2","2",NA,"OTTHUMG00000195301.1"
"ENSG00000226363.3",55.304574744966,-2.32598814420689,0.164285334607048,-14.1582214247571,1.66146126224615e-45,3.15249936927576e-44,"HAVANA","gene",NA,NA,"lncRNA","HAGLROS","1","HGNC:50646","OTTHUMG00000154176.3"
"ENSG00000144230.16",32.1440629014617,2.33125921826421,0.164674559617945,14.1567660704415,1.69622205869074e-45,3.21590814530563e-44,"HAVANA","gene",NA,NA,"protein_coding","GPR17","2","HGNC:4471","OTTHUMG00000131533.5"
"ENSG00000124575.7",57.9586310758848,-3.11903315896706,0.220495488014116,-14.1455645512682,1.98913894816491e-45,3.76827390298856e-44,"HAVANA","gene",NA,NA,"protein_coding","H1-3","2","HGNC:4717","OTTHUMG00000014432.2"
"ENSG00000168126.3",3.70789516493376,-4.03817152093325,0.285531762925321,-14.1426350594466,2.07371560677855e-45,3.92539370686528e-44,"HAVANA","gene",NA,NA,"unprocessed_pseudogene","OR2W6P","2","HGNC:15072","OTTHUMG00000014496.1"
"ENSG00000106006.6",27.1008673328015,2.35516146069917,0.166572489878231,14.1389581342084,2.18495255369545e-45,4.13003206052617e-44,"HAVANA","gene",NA,NA,"protein_coding","HOXA6","1","HGNC:5107","OTTHUMG00000023216.9"
"ENSG00000284395.2",50.5986374893129,-3.01149199939513,0.213101594127706,-14.131719716702,2.42157626190439e-45,4.57122611141999e-44,"HAVANA","gene",NA,NA,"protein_coding","PERCC1","2","HGNC:52293","OTTHUMG00000176551.2"
"ENSG00000206113.11",89.5409422186141,-2.15993316106561,0.1529770748953,-14.1193258044965,2.88740448201206e-45,5.43131326003918e-44,"HAVANA","gene",NA,NA,"protein_coding","CFAP99","2","HGNC:51180","OTTHUMG00000160515.7"
"ENSG00000108878.5",96.4995211965053,-2.98485380048036,0.211472664936985,-14.1146081521685,3.08727198480539e-45,5.80043924674613e-44,"HAVANA","gene",NA,NA,"protein_coding","CACNG1","2","HGNC:1405","OTTHUMG00000179553.3"
"ENSG00000175946.8",116.124292147482,-2.1148081653246,0.149845257691558,-14.1132805796079,3.14595742964855e-45,5.90606663222813e-44,"HAVANA","gene",NA,NA,"protein_coding","KLHL38","2","HGNC:34435","OTTHUMG00000164983.1"
"ENSG00000160973.8",12.1405151033079,-2.36567460673807,0.16762601689784,-14.1128128587571,3.16689640257534e-45,5.94304765559673e-44,"HAVANA","gene",NA,NA,"protein_coding","FOXH1","2","HGNC:3814","OTTHUMG00000165172.2"
"ENSG00000147257.15",2328.43434439324,2.52037851429955,0.178618114802164,14.1104306082902,3.27571653132232e-45,6.14244927654216e-44,"HAVANA","gene",NA,NA,"protein_coding","GPC3","2","HGNC:4451","OTTHUMG00000022448.6"
"ENSG00000276289.4",8.54745060009144,3.01647831995241,0.213848947182606,14.1056496171414,3.50546300316414e-45,6.56298290275865e-44,"HAVANA","gene",NA,NA,"protein_coding","KCNE1B","2","HGNC:52280","OTTHUMG00000189416.3"
"ENSG00000183463.6",2.88451512140478,4.11744082464211,0.292494448434964,14.0769879451494,5.26045419972168e-45,9.78750915373459e-44,"HAVANA","gene",NA,NA,"protein_coding","URAD","2","HGNC:17785","OTTHUMG00000186217.2"
"ENSG00000153294.12",49.2342272311652,-3.40586705727596,0.24203883073506,-14.0715729246109,5.67920266007472e-45,1.05420611950477e-43,"HAVANA","gene",NA,NA,"protein_coding","ADGRF4","2","HGNC:19011","OTTHUMG00000014800.4"
"ENSG00000277619.1",8.82517649696379,-3.30682848240939,0.235010148641559,-14.0710028972111,5.72516847258999e-45,1.06232696174201e-43,"HAVANA","gene",NA,NA,"lncRNA","AC008406.3","2",NA,"OTTHUMG00000187902.1"
"ENSG00000228035.1",10.1518971406107,4.05630911200678,0.288275983771678,14.070922797438,5.73165714468064e-45,1.0631192171957e-43,"HAVANA","gene",NA,NA,"lncRNA","NGF-AS1","2","HGNC:53922","OTTHUMG00000011974.1"
"ENSG00000073282.14",1287.2136573534,2.54190928791093,0.1807077123841,14.0664128518655,6.10904846128073e-45,1.13049251363445e-43,"HAVANA","gene",NA,NA,"protein_coding","TP63","2","HGNC:15979","OTTHUMG00000156313.3"
"ENSG00000108932.12",2196.08862743668,-2.47209961217431,0.175806767981005,-14.0614587286049,6.55215681420478e-45,1.21155473936145e-43,"HAVANA","gene",NA,NA,"protein_coding","SLC16A6","2","HGNC:10927","OTTHUMG00000179812.4"
"ENSG00000150667.8",1024.54694289741,-2.71621631242002,0.193216788489446,-14.0578690581455,6.89307053672698e-45,1.27410111656863e-43,"HAVANA","gene",NA,NA,"protein_coding","FSIP1","2","HGNC:21674","OTTHUMG00000172456.3"
"ENSG00000101349.17",46.5059041472081,3.14535507822291,0.223773172574703,14.0559971601283,7.07778943789025e-45,1.30773965279337e-43,"HAVANA","gene",NA,NA,"protein_coding","PAK5","2","HGNC:15916","OTTHUMG00000031857.1"
"ENSG00000241361.8",246.24697391626,-4.33064375993643,0.308106104626822,-14.0556895657154,7.10861052433241e-45,1.3129280270654e-43,"HAVANA","gene",NA,NA,"transcribed_unprocessed_pseudogene","SLC25A24P1","2","HGNC:48933","OTTHUMG00000011320.5"
"ENSG00000057593.14",465.950095282041,-2.80504702915093,0.199571710475135,-14.0553339071592,7.14441416780641e-45,1.31903230358229e-43,"HAVANA","gene",NA,NA,"protein_coding","F7","2","HGNC:3544","OTTHUMG00000017373.7"
"ENSG00000188783.6",4586.91952495097,2.07075460281047,0.14736696288168,14.0516881281802,7.52193688638418e-45,1.38766267318701e-43,"HAVANA","gene",NA,NA,"protein_coding","PRELP","2","HGNC:9357","OTTHUMG00000035911.2"
"ENSG00000140465.14",38.2959926030446,3.99364252683678,0.284334137273412,14.0455963716961,8.19753835933038e-45,1.51055408767507e-43,"HAVANA","gene",NA,NA,"protein_coding","CYP1A1","1","HGNC:2595","OTTHUMG00000142812.5"
"ENSG00000169962.5",141.312930747519,-2.15608731975262,0.153545799575375,-14.0419817781743,8.62660758463906e-45,1.58900718715901e-43,"HAVANA","gene",NA,NA,"protein_coding","TAS1R3","2","HGNC:15661","OTTHUMG00000003071.2"
"ENSG00000163518.11",9.45998456412656,-3.47308883211473,0.247406096367788,-14.0380082912416,9.1241001394225e-45,1.67935319892329e-43,"HAVANA","gene",NA,NA,"protein_coding","FCRL4","2","HGNC:18507","OTTHUMG00000035488.3"
"ENSG00000039537.14",209.287314870101,3.20620270027606,0.228628319859236,14.0236463367709,1.11723596367904e-44,2.05083429194877e-43,"HAVANA","gene",NA,NA,"protein_coding","C6","1","HGNC:1339","OTTHUMG00000094781.6"
"ENSG00000105996.7",44.4421544357908,2.11927237623176,0.151222063387284,14.0143067007639,1.27436687134194e-44,2.33390354762968e-43,"HAVANA","gene",NA,NA,"protein_coding","HOXA2","2","HGNC:5103","OTTHUMG00000023208.7"
"ENSG00000285600.1",6.90540416602748,-2.57717204599188,0.184016242231344,-14.0051335400702,1.45006902781147e-44,2.64961125562348e-43,"HAVANA","gene",NA,NA,"lncRNA","AC023593.1","2",NA,"OTTHUMG00000192815.1"
"ENSG00000283162.1",51.6258079352162,-2.67659608122569,0.191161923269752,-14.0017218672188,1.5213947036487e-44,2.77887991810177e-43,"HAVANA","gene",NA,NA,"transcribed_unprocessed_pseudogene","AL390726.5","2",NA,"OTTHUMG00000191640.1"
"ENSG00000154928.18",344.597885604854,2.18582542664634,0.156193341934246,13.9943572471003,1.6874839052646e-44,3.07872634810461e-43,"HAVANA","gene",NA,NA,"protein_coding","EPHB1","1","HGNC:3392","OTTHUMG00000159804.8"
"ENSG00000204071.10",3.72789481527715,2.1702872565889,0.155131604080918,13.9899749599499,1.7947511386284e-44,3.27069330740534e-43,"HAVANA","gene",NA,NA,"protein_coding","TCEAL6","2","HGNC:24553","OTTHUMG00000022050.1"
"ENSG00000286456.1",28.9340164000237,-3.36179466467557,0.240303140996738,-13.9898074187936,1.79898408788026e-44,3.27716074716133e-43,"HAVANA","gene",NA,NA,"lncRNA","AC016769.5","2",NA,"OTTHUMG00000194465.1"
"ENSG00000130822.16",143.571257352572,-2.58197187197808,0.184724482063087,-13.9774210929782,2.14106774340284e-44,3.89144748051707e-43,"HAVANA","gene",NA,NA,"protein_coding","PNCK","1","HGNC:13415","OTTHUMG00000024216.7"
"ENSG00000163618.18",52.3858861537973,-2.13180707316826,0.152643722893369,-13.9659006787816,2.51703164090342e-44,4.56784037559406e-43,"HAVANA","gene",NA,NA,"protein_coding","CADPS","1","HGNC:1426","OTTHUMG00000158651.9"
"ENSG00000287080.2",12.2234810664782,-3.46886224741005,0.248384265314198,-13.9657085082344,2.52383034507595e-44,4.57844421933316e-43,"HAVANA","gene",NA,NA,"protein_coding","H3C3","2","HGNC:4768","OTTHUMG00000014416.3"
"ENSG00000198010.13",17.1290768614479,2.0055820961984,0.14364428575164,13.9621432603733,2.65332971374654e-44,4.80972480460072e-43,"HAVANA","gene",NA,NA,"protein_coding","DLGAP2","2","HGNC:2906","OTTHUMG00000163599.5"
"ENSG00000276668.1",3.42124140363185,3.07304274333268,0.220150046869781,13.9588557305663,2.77859119928695e-44,5.03297937080673e-43,"HAVANA","gene",NA,NA,"lncRNA","AC104237.3","2",NA,"OTTHUMG00000188331.1"
"ENSG00000163623.9",116.784361117843,-2.65610071038097,0.190371522927278,-13.952195525565,3.05067587167132e-44,5.51955744002163e-43,"HAVANA","gene",NA,NA,"protein_coding","NKX6-1","2","HGNC:7839","OTTHUMG00000130426.4"
"ENSG00000225670.4",49.7104031840114,2.68667426693505,0.192608123035402,13.9489146386688,3.19429427544913e-44,5.77068773517224e-43,"HAVANA","gene",NA,NA,"lncRNA","CADM3-AS1","2","HGNC:40812","OTTHUMG00000037178.4"
"ENSG00000221340.1",2.95498869036675,2.09846581300113,0.150484556730301,13.944725349871,3.38749530453778e-44,6.11050075453331e-43,"ENSEMBL","gene",NA,NA,"snRNA","RNU6ATAC18P","3","HGNC:46917",NA
"ENSG00000277288.5",1.74566292270207,2.40743198147781,0.172643385224829,13.9445364694551,3.39647482283597e-44,6.12439250139522e-43,"HAVANA","gene",NA,NA,"lncRNA","LINC02881","2","HGNC:51236","OTTHUMG00000189253.2"
"ENSG00000286892.1",8.35976086872035,3.5903355837538,0.257681195490978,13.9332463780016,3.978525509282e-44,7.16044917917734e-43,"HAVANA","gene",NA,NA,"lncRNA","AC084212.1","2",NA,"OTTHUMG00000195825.1"
"ENSG00000148357.16",304.869793436057,2.14925913198241,0.154284276346246,13.930513094925,4.13375115386132e-44,7.43702657835133e-43,"HAVANA","gene",NA,NA,"protein_coding","HMCN2","1","HGNC:21293","OTTHUMG00000140096.5"
"ENSG00000152049.6",4361.80140543047,-2.58635869268849,0.185672035314554,-13.9297158471217,4.18015227100436e-44,7.51768375765085e-43,"HAVANA","gene",NA,NA,"protein_coding","KCNE4","2","HGNC:6244","OTTHUMG00000133161.4"
"ENSG00000164488.12",55.9876853317214,2.97214178344752,0.213466332101493,13.9232344238454,4.57712822972785e-44,8.21927336905027e-43,"HAVANA","gene",NA,NA,"protein_coding","DACT2","2","HGNC:21231","OTTHUMG00000016046.3"
"ENSG00000272797.1",0.917649428839804,3.47526713010412,0.249641157445127,13.9210503815582,4.71917323454244e-44,8.47117233671519e-43,"HAVANA","gene",NA,NA,"lncRNA","AC092954.1","2",NA,"OTTHUMG00000186053.1"
"ENSG00000287901.1",6.41548858232197,2.1223144402462,0.152454093031111,13.9210066325546,4.72206292377917e-44,8.47318481941049e-43,"HAVANA","gene",NA,NA,"lncRNA","AL137026.3","2",NA,"OTTHUMG00000194918.1"
"ENSG00000261040.7",72.4131418377533,-2.67180608310765,0.191928343492875,-13.9208520976311,4.73228429320972e-44,8.48834670489247e-43,"HAVANA","gene",NA,NA,"transcribed_unitary_pseudogene","WFDC21P","2","HGNC:50357","OTTHUMG00000176074.3"
"ENSG00000173838.12",36.7063938882723,-2.56444596641099,0.184218744922867,-13.9206570291462,4.74521810123667e-44,8.50836074963505e-43,"HAVANA","gene",NA,NA,"protein_coding","MARCHF10","2","HGNC:26655","OTTHUMG00000179192.4"
"ENSG00000280362.1",13.1710241254918,3.34180541983047,0.240146668558423,13.9156851098165,5.08701415210825e-44,9.11098497299089e-43,"HAVANA","gene",NA,NA,"TEC","AC084759.3","2",NA,"OTTHUMG00000176909.1"
"ENSG00000273551.1",4.6855115324508,-3.99856753237936,0.287376177590427,-13.9140535792016,5.20442722652833e-44,9.31779179458043e-43,"HAVANA","gene",NA,NA,"lncRNA","AC120498.8","2",NA,"OTTHUMG00000186691.1"
"ENSG00000236915.2",3.64631682425023,2.34647191801302,0.168655393537465,13.9128187293445,5.29508226841887e-44,9.47301685884795e-43,"HAVANA","gene",NA,NA,"lncRNA","CLCA4-AS1","2","HGNC:54055","OTTHUMG00000010247.2"
"ENSG00000262979.1",23.9867511768127,-2.15432496156553,0.154897857355793,-13.9080359040548,5.66128005288502e-44,1.0116819370896e-42,"HAVANA","gene",NA,NA,"lncRNA","AC124319.1","2",NA,"OTTHUMG00000177579.1"
"ENSG00000173157.17",14.8023065648382,-4.66152948263746,0.335296257968246,-13.90271848211,6.09805169479822e-44,1.08851585952974e-42,"HAVANA","gene",NA,NA,"protein_coding","ADAMTS20","1","HGNC:17178","OTTHUMG00000169353.2"
"ENSG00000184530.9",7.80303553362934,2.02090425054644,0.145362439686332,13.9025201758255,6.11497342148384e-44,1.09112989431393e-42,"HAVANA","gene",NA,NA,"protein_coding","C6orf58","2","HGNC:20960","OTTHUMG00000015530.2"
"ENSG00000176887.7",964.195887217744,-3.089252405128,0.222222382071322,-13.9016258233453,6.19187196956184e-44,1.10402897678343e-42,"HAVANA","gene",NA,NA,"protein_coding","SOX11","2","HGNC:11191","OTTHUMG00000090333.2"
"ENSG00000281128.2",4.80495183284691,2.77501687622534,0.199626124443771,13.9010707338908,6.24008297032495e-44,1.11179760174142e-42,"HAVANA","gene",NA,NA,"lncRNA","PTENP1-AS","2","HGNC:48773","OTTHUMG00000189560.2"
"ENSG00000233198.4",28.4361656214956,-2.04674864077523,0.147240033619037,-13.9007618408381,6.26707270292148e-44,1.11619127582516e-42,"HAVANA","gene",NA,NA,"protein_coding","RNF224","2","HGNC:41912","OTTHUMG00000187399.1"
"ENSG00000119547.6",225.838506254373,-3.36095520327647,0.241798930812651,-13.899793485359,6.35243842718159e-44,1.13097482365764e-42,"HAVANA","gene",NA,NA,"protein_coding","ONECUT2","2","HGNC:8139","OTTHUMG00000159776.5"
"ENSG00000205364.4",147.140439470229,2.17537716345689,0.156636011559815,13.8881036473925,7.47892910117061e-44,1.32857060896212e-42,"HAVANA","gene",NA,NA,"protein_coding","MT1M","2","HGNC:14296","OTTHUMG00000176938.3"
"ENSG00000108417.4",20.2078336941327,-3.34488107353968,0.240873554328899,-13.8864603997682,7.65245864497465e-44,1.35889286019546e-42,"HAVANA","gene",NA,NA,"protein_coding","KRT37","2","HGNC:6455","OTTHUMG00000133606.3"
"ENSG00000287092.1",2.23180479858009,2.53543385556241,0.182723984330902,13.8757583731914,8.884837433112e-44,1.57481524757823e-42,"HAVANA","gene",NA,NA,"lncRNA","AL589693.1","2",NA,"OTTHUMG00000195482.1"
"ENSG00000233532.6",24.4418060624681,-2.6018226535022,0.187823332698755,-13.8524996661368,1.22860992347394e-43,2.16885414272795e-42,"HAVANA","gene",NA,NA,"lncRNA","LINC00460","2","HGNC:42809","OTTHUMG00000017319.2"
"ENSG00000176956.13",41.960681170731,-2.13088262049854,0.153896348575922,-13.8462194861452,1.3408566645435e-43,2.36351886675052e-42,"HAVANA","gene",NA,NA,"protein_coding","LY6H","2","HGNC:6728","OTTHUMG00000154890.2"
"ENSG00000000005.6",154.206084546975,3.49014372642968,0.252126307748741,13.8428383677748,1.40545407963395e-43,2.47647315024872e-42,"HAVANA","gene",NA,NA,"protein_coding","TNMD","2","HGNC:17757","OTTHUMG00000022001.2"
"ENSG00000243649.9",432.824066129934,-2.14817457515688,0.155190194060771,-13.8422056120097,1.4178825835471e-43,2.49745421241697e-42,"HAVANA","gene",NA,NA,"protein_coding","CFB","1","HGNC:1037","OTTHUMG00000031198.5"
"ENSG00000233030.2",44.5916373819536,-2.08875919441278,0.150941430054567,-13.838209917964,1.49893014877675e-43,2.63730236606294e-42,"HAVANA","gene",NA,NA,"lncRNA","AC243772.2","2",NA,"OTTHUMG00000012090.1"
"ENSG00000221571.3",1.24243694079811,2.64751971936734,0.191480614952582,13.8265678748889,1.76230385504513e-43,3.09501384513241e-42,"HAVANA","gene",NA,NA,"lncRNA","RNU6ATAC35P","2","HGNC:46934","OTTHUMG00000185888.2"
"ENSG00000235978.6",192.747012742401,-3.01566331912892,0.21821033396765,-13.8199839773674,1.93112826399689e-43,3.3853038832086e-42,"HAVANA","gene",NA,NA,"lncRNA","AC018816.1","1",NA,"OTTHUMG00000155240.1"
"ENSG00000255007.1",16.3673698268398,-3.62064471577204,0.261999054375646,-13.8193045177212,1.94944161398991e-43,3.41611420730036e-42,"HAVANA","gene",NA,NA,"lncRNA","LINC02489","2","HGNC:53470","OTTHUMG00000166910.1"
"ENSG00000170689.10",125.102891390188,-2.36115931030953,0.170987283153278,-13.8089761224694,2.25006906478615e-43,3.93864847986498e-42,"HAVANA","gene",NA,NA,"protein_coding","HOXB9","1","HGNC:5120","OTTHUMG00000159907.4"
"ENSG00000184697.7",41.5252414950031,-3.81349168604996,0.276309220941696,-13.8015360944275,2.49479314605406e-43,4.36065449206312e-42,"HAVANA","gene",NA,NA,"protein_coding","CLDN6","2","HGNC:2048","OTTHUMG00000128999.4"
"ENSG00000162891.10",290.19615657267,-3.4400227452772,0.249251576021034,-13.8014082004717,2.4992235786368e-43,4.36680531190698e-42,"HAVANA","gene",NA,NA,"protein_coding","IL20","2","HGNC:6002","OTTHUMG00000036456.1"
"ENSG00000284610.1",20.6446287273257,-2.08150420325549,0.150907110769827,-13.7932811292791,2.79741315558412e-43,4.88603952912998e-42,"HAVANA","gene",NA,NA,"transcribed_unprocessed_pseudogene","AC107918.4","1",NA,"OTTHUMG00000192239.2"
"ENSG00000116329.11",161.106885662023,-2.79172719454248,0.202400744385439,-13.7930678220536,2.80569872326558e-43,4.89872543118272e-42,"HAVANA","gene",NA,NA,"protein_coding","OPRD1","2","HGNC:8153","OTTHUMG00000003646.3"
"ENSG00000164362.21",28.4983681326994,-2.74134496631499,0.198788325247305,-13.7902714503208,2.91660399001366e-43,5.08865612387308e-42,"HAVANA","gene",NA,NA,"protein_coding","TERT","2","HGNC:11730","OTTHUMG00000090357.9"
"ENSG00000124334.17",16.2049621726748,-2.02132829618491,0.14659354243656,-13.7886585083354,2.98254600355704e-43,5.19991917869061e-42,"HAVANA","gene",NA,NA,"protein_coding","IL9R","2","HGNC:6030","OTTHUMG00000022720.1"
"ENSG00000278677.2",4.69266595075514,-3.48975178708356,0.253117525489333,-13.7870808445092,3.04848020605036e-43,5.31293876580111e-42,"HAVANA","gene",NA,NA,"protein_coding","H2AC17","2","HGNC:4735","OTTHUMG00000014494.2"
"ENSG00000236466.2",2.67017984236812,2.4800440123298,0.180163821851077,13.7654940201025,4.1106465705743e-43,7.13813255513645e-42,"HAVANA","gene",NA,NA,"lncRNA","AL035670.1","2",NA,"OTTHUMG00000014783.3"
"ENSG00000182459.5",8.62474088804613,-3.9998155751364,0.290619128831411,-13.7630843200852,4.25001030754888e-43,7.3747915188217e-42,"HAVANA","gene",NA,NA,"protein_coding","TEX19","2","HGNC:33802","OTTHUMG00000132857.2"
"ENSG00000231806.3",136.551135758965,-2.2047128299128,0.160223696123832,-13.760217016894,4.42197506378712e-43,7.66763754274488e-42,"HAVANA","gene",NA,NA,"lncRNA","PCAT7","2","HGNC:48824","OTTHUMG00000020270.4"
"ENSG00000167771.6",337.475160865685,-2.23037268955464,0.162175054111449,-13.7528715607636,4.89474899652798e-43,8.47515086460627e-42,"HAVANA","gene",NA,NA,"protein_coding","RCOR2","2","HGNC:27455","OTTHUMG00000150472.3"
"ENSG00000237560.7",5.0735155401367,3.9328635367351,0.286158539153172,13.743652551392,5.55985482585342e-43,9.60593742180445e-42,"HAVANA","gene",NA,NA,"lncRNA","LINC01497","2","HGNC:51163","OTTHUMG00000132247.6"
"ENSG00000234703.1",9.53030452912682,-4.00914270268728,0.291787298918438,-13.7399493314064,5.85167306119928e-43,1.00882927802108e-41,"HAVANA","gene",NA,NA,"lncRNA","AF015262.1","2",NA,"OTTHUMG00000086303.1"
"ENSG00000255191.1",11.3756447127819,2.31348199872632,0.168537745420224,13.7267885775854,7.01757350615827e-43,1.20765785445418e-41,"HAVANA","gene",NA,NA,"lncRNA","AP003555.2","1",NA,"OTTHUMG00000167159.1"
"ENSG00000185742.7",4.47297775505306,2.74747910876681,0.200173943090898,13.72545830063,7.14757374521265e-43,1.22914665517997e-41,"HAVANA","gene",NA,NA,"protein_coding","C11orf87","2","HGNC:33788","OTTHUMG00000166559.2"
"ENSG00000189056.14",337.911433938738,2.70647444189777,0.197261317888251,13.7202492149575,7.68009676974733e-43,1.32024914330317e-41,"HAVANA","gene",NA,NA,"protein_coding","RELN","2","HGNC:9957","OTTHUMG00000157247.2"
"ENSG00000216331.2",5.98407704403983,-3.63823160559169,0.265216025323698,-13.7179931007231,7.92281680179331e-43,1.36099732152713e-41,"HAVANA","gene",NA,NA,"unprocessed_pseudogene","H1-12P","2","HGNC:19163","OTTHUMG00000014431.3"
"ENSG00000269353.1",46.5831885836818,-4.41572836509004,0.322138771058239,-13.707534645967,9.15148257283736e-43,1.56868525962303e-41,"HAVANA","gene",NA,NA,"lncRNA","AC092071.1","2",NA,"OTTHUMG00000182775.1"
"ENSG00000117707.16",224.607577319201,2.20274698520342,0.160793496144536,13.6992293719603,1.02607508930877e-42,1.75631502425092e-41,"HAVANA","gene",NA,NA,"protein_coding","PROX1","2","HGNC:9459","OTTHUMG00000036946.9"
"ENSG00000284646.1",1.58669789622812,4.04541522753418,0.295339724935377,13.6974977830001,1.05083591962557e-42,1.79741338483616e-41,"HAVANA","gene",NA,NA,"lncRNA","AL031291.1","2",NA,"OTTHUMG00000192296.1"
"ENSG00000255774.2",574.529609477818,-3.36908804532597,0.246107164352067,-13.6895163299933,1.17287365307701e-42,2.00186593227358e-41,"HAVANA","gene",NA,NA,"lncRNA","LINC02747","2","HGNC:54266","OTTHUMG00000168002.2"
"ENSG00000283175.1",5.51739345623357,2.70031205800864,0.197294487805885,13.6867080679184,1.21908391157737e-42,2.07777695495097e-41,"HAVANA","gene",NA,NA,"lncRNA","AC007920.2","2",NA,"OTTHUMG00000191675.1"
"ENSG00000182732.18",99.1540252311874,2.32776160254687,0.170077723472587,13.6864579030073,1.22328721689455e-42,2.08419952209879e-41,"HAVANA","gene",NA,NA,"protein_coding","RGS6","1","HGNC:10002","OTTHUMG00000171340.6"
"ENSG00000223486.1",18.4673783563466,-3.13074659640207,0.228822218816476,-13.6820043638902,1.30057568073259e-42,2.21430635621529e-41,"HAVANA","gene",NA,NA,"lncRNA","AC092198.1","2",NA,"OTTHUMG00000024099.2"
"ENSG00000287534.1",2.26507089974908,2.0134193969995,0.14717271590523,13.6806566666611,1.32490766448086e-42,2.2549316591573e-41,"HAVANA","gene",NA,NA,"lncRNA","AC110792.4","2",NA,"OTTHUMG00000195552.1"
"ENSG00000204065.3",35.5371305783599,2.77519794350184,0.202871764305472,13.6795672527553,1.34490701889146e-42,2.28815679243927e-41,"HAVANA","gene",NA,NA,"protein_coding","TCEAL5","2","HGNC:22282","OTTHUMG00000022092.2"
"ENSG00000244227.7",8.5959049569606,2.16489404413974,0.158297690169977,13.676093705569,1.41070104912488e-42,2.39839202496711e-41,"HAVANA","gene",NA,NA,"transcribed_unitary_pseudogene","LRRC77P","1","HGNC:50536","OTTHUMG00000158503.4"
"ENSG00000213937.4",68.8256472126758,-2.41784173084225,0.176826216907797,-13.6735478093895,1.4609482143487e-42,2.4829382387175e-41,"HAVANA","gene",NA,NA,"protein_coding","CLDN9","2","HGNC:2051","OTTHUMG00000129000.2"
"ENSG00000224271.7",193.158573078566,-3.01542140513582,0.22059574155452,-13.6694452208659,1.54569116533005e-42,2.62603062875753e-41,"HAVANA","gene",NA,NA,"lncRNA","AL117329.1","2",NA,"OTTHUMG00000150321.16"
"ENSG00000251141.6",3846.57912283983,-3.23662954554494,0.236807349223504,-13.6677749071467,1.58157780524903e-42,2.68509541635298e-41,"HAVANA","gene",NA,NA,"lncRNA","MRPS30-DT","2","HGNC:53420","OTTHUMG00000162143.4"
"ENSG00000149968.12",850.461322538683,-2.3108572699597,0.169174293983671,-13.659624139958,1.76894424151943e-42,2.99682173306916e-41,"HAVANA","gene",NA,NA,"protein_coding","MMP3","2","HGNC:7173","OTTHUMG00000048254.4"
"ENSG00000117472.10",5619.06879277326,-2.45465670352911,0.179771297496328,-13.6543304616202,1.90229700825746e-42,3.22046111892632e-41,"HAVANA","gene",NA,NA,"protein_coding","TSPAN1","2","HGNC:20657","OTTHUMG00000007602.2"
"ENSG00000198003.12",107.765319632703,-2.17486614129924,0.15930419846012,-13.652283884054,1.95649183472819e-42,3.3110393430529e-41,"HAVANA","gene",NA,NA,"protein_coding","CCDC151","1","HGNC:28303","OTTHUMG00000182028.3"
"ENSG00000272855.1",0.77491616253589,2.38650043203544,0.17481782888426,13.6513560845985,1.98156391998635e-42,3.35228557226504e-41,"HAVANA","gene",NA,NA,"lncRNA","AC104458.1","2",NA,"OTTHUMG00000186140.1"
"ENSG00000225768.1",62.139747277761,-3.58481808014493,0.262675611461712,-13.6473198261402,2.09440869079e-42,3.53943987216046e-41,"HAVANA","gene",NA,NA,"lncRNA","LINC02620","2","HGNC:54097","OTTHUMG00000019008.1"
"ENSG00000123201.14",66.3468326834296,-2.84093964969217,0.208218094358735,-13.6440574890555,2.19026967365004e-42,3.70013469903291e-41,"HAVANA","gene",NA,NA,"transcribed_unitary_pseudogene","GUCY1B2","2","HGNC:4686","OTTHUMG00000016940.5"
"ENSG00000125999.11",1672.05602651723,-3.36487057489589,0.24662769854589,-13.6435225837774,2.20639862509642e-42,3.7260683161216e-41,"HAVANA","gene",NA,NA,"protein_coding","BPIFB1","2","HGNC:16108","OTTHUMG00000032252.5"
"ENSG00000257512.1",34.5923486552267,-2.00425037901979,0.146914638699229,-13.642278242422,2.24437768733162e-42,3.78753557590904e-41,"HAVANA","gene",NA,NA,"transcribed_processed_pseudogene","AC124947.2","2",NA,"OTTHUMG00000170153.1"
"ENSG00000272763.1",19.2235078101267,-4.03467583742129,0.295846822198738,-13.6377190312051,2.38917154258587e-42,4.02904641342094e-41,"HAVANA","gene",NA,NA,"lncRNA","AC103702.2","2",NA,"OTTHUMG00000185832.1"
"ENSG00000249599.2",68.6067901905685,-4.3728223270095,0.320808963940997,-13.6306114183697,2.63364517339331e-42,4.4350769861959e-41,"HAVANA","gene",NA,NA,"lncRNA","BMPR1B-DT","1","HGNC:50864","OTTHUMG00000161193.3"
"ENSG00000234688.1",1.69212684129617,4.61156730719493,0.338400111024396,13.6275584935091,2.74614773978479e-42,4.62290717544234e-41,"HAVANA","gene",NA,NA,"lncRNA","AL049749.1","1",NA,"OTTHUMG00000150584.1"
"ENSG00000286519.1",35.2954338238427,-2.37726127534966,0.17446217878748,-13.6262271391526,2.79669400282597e-42,4.70469135096181e-41,"HAVANA","gene",NA,NA,"lncRNA","AC009236.1","2",NA,"OTTHUMG00000194839.1"
"ENSG00000263745.7",10.2998642697023,-3.45215875416034,0.253442377907,-13.621079405383,3.00099179667845e-42,5.04128741160115e-41,"HAVANA","gene",NA,NA,"lncRNA","AP005230.1","2",NA,"OTTHUMG00000178384.7"
"ENSG00000102468.11",47.0865492354163,2.45909091787398,0.180567160709353,13.6187051300664,3.10015682923814e-42,5.20604674689097e-41,"HAVANA","gene",NA,NA,"protein_coding","HTR2A","2","HGNC:5293","OTTHUMG00000016881.4"
"ENSG00000137675.5",18.6965931108166,2.55116723393217,0.18733234971365,13.6184019355536,3.11305263822145e-42,5.22587077425332e-41,"HAVANA","gene",NA,NA,"protein_coding","MMP27","2","HGNC:14250","OTTHUMG00000168099.2"
"ENSG00000226835.3",37.4442840835609,-2.69283805661096,0.197877789160097,-13.6085917880974,3.56037991353091e-42,5.95951280142859e-41,"HAVANA","gene",NA,NA,"lncRNA","ARHGAP29-AS1","1","HGNC:54311","OTTHUMG00000010648.14"
"ENSG00000262362.1",7.64896207094526,-2.15435304460007,0.158329338793898,-13.6067835627385,3.64955231644152e-42,6.10509956287406e-41,"HAVANA","gene",NA,NA,"lncRNA","AC004233.1","2",NA,"OTTHUMG00000177449.1"
"ENSG00000254338.1",7.31245751586305,-4.04753358519123,0.29767451866801,-13.5971785670555,4.16181046818421e-42,6.9474682763312e-41,"HAVANA","gene",NA,NA,"lncRNA","MAFA-AS1","1","HGNC:51203","OTTHUMG00000165017.1"
"ENSG00000229558.2",4.03688435011262,2.99373348835792,0.220288704164781,13.5900453893384,4.58795803044854e-42,7.64819308416108e-41,"HAVANA","gene",NA,NA,"lncRNA","SACS-AS1","2","HGNC:39835","OTTHUMG00000016565.2"
"ENSG00000114771.14",47.6431030506679,4.01336192986296,0.295545667763451,13.579498424843,5.29880511580794e-42,8.82397473404096e-41,"HAVANA","gene",NA,NA,"protein_coding","AADAC","2","HGNC:17","OTTHUMG00000159876.3"
"ENSG00000139874.6",45.5436743341117,2.33921375054662,0.172315324546242,13.575192785125,5.6195650767975e-42,9.34189322794476e-41,"HAVANA","gene",NA,NA,"protein_coding","SSTR1","2","HGNC:11330","OTTHUMG00000140249.4"
"ENSG00000065618.21",3615.43909686277,2.80960620706902,0.206968971830655,13.5750116658447,5.63347333988237e-42,9.361765789586e-41,"HAVANA","gene",NA,NA,"protein_coding","COL17A1","2","HGNC:2194","OTTHUMG00000018998.8"
"ENSG00000130513.6",1237.66122274686,-2.37287758867228,0.174851286538695,-13.570832881159,5.96404610443348e-42,9.90424432802108e-41,"HAVANA","gene",NA,NA,"protein_coding","GDF15","2","HGNC:30142","OTTHUMG00000183360.6"
"ENSG00000231324.1",23.1907176470012,-4.17390793974486,0.307655213018967,-13.5668363906044,6.29822763103737e-42,1.04483409211565e-40,"HAVANA","gene",NA,NA,"lncRNA","AP000696.1","1",NA,"OTTHUMG00000086644.1"
"ENSG00000120471.15",62.1170562892417,2.24955853836955,0.165818312907949,13.5664058988367,6.33531781110585e-42,1.05062331716885e-40,"HAVANA","gene",NA,NA,"protein_coding","TP53AIP1","2","HGNC:29984","OTTHUMG00000165797.3"
"ENSG00000267201.1",6.07886658625658,-2.24038401337624,0.165254084990169,-13.5572080624181,7.18180178189274e-42,1.18812197296437e-40,"HAVANA","gene",NA,NA,"lncRNA","LINC01775","2","HGNC:52565","OTTHUMG00000180433.1"
"ENSG00000249790.3",7.64933949304375,2.04077767406701,0.150636556359575,13.547692030317,8.17606156403419e-42,1.34934588195962e-40,"HAVANA","gene",NA,NA,"lncRNA","AC092490.1","2",NA,"OTTHUMG00000168221.5"
"ENSG00000158477.7",96.8638574677891,-3.15791832818245,0.233144020025912,-13.5449252690739,8.49002582355635e-42,1.40067884713011e-40,"HAVANA","gene",NA,NA,"protein_coding","CD1A","2","HGNC:1634","OTTHUMG00000017512.3"
"ENSG00000264345.2",12.2510424344336,2.03764794282367,0.150496479296476,13.539505723649,9.14018513199247e-42,1.50534984418618e-40,"HAVANA","gene",NA,NA,"lncRNA","LINC01894","2","HGNC:52713","OTTHUMG00000179507.4"
"ENSG00000284708.1",7.6181931158027,2.27716521062789,0.168231151316065,13.5359307287249,9.59593129060441e-42,1.57823916283164e-40,"HAVANA","gene",NA,NA,"lncRNA","AL031731.1","2",NA,"OTTHUMG00000192297.1"
"ENSG00000170558.10",502.122619962337,-2.34314244646347,0.173116506746831,-13.5350608124858,9.71020620458684e-42,1.59593817928561e-40,"HAVANA","gene",NA,NA,"protein_coding","CDH2","1","HGNC:1759","OTTHUMG00000059940.12"
"ENSG00000187550.9",31.6271726408854,-3.79094981401767,0.280270569517315,-13.5260360035179,1.09786012021149e-41,1.79823857638743e-40,"HAVANA","gene",NA,NA,"protein_coding","SBK2","2","HGNC:34416","OTTHUMG00000155830.2"
"ENSG00000075461.6",4445.9951329591,-2.38255187819208,0.176253222147734,-13.5177777129943,1.22830479650274e-41,2.00915270742391e-40,"HAVANA","gene",NA,NA,"protein_coding","CACNG4","2","HGNC:1408","OTTHUMG00000179550.2"
"ENSG00000285732.1",1.17967062726241,3.29019455973602,0.243609144203869,13.5060388249735,1.44067146072543e-41,2.35090496196714e-40,"HAVANA","gene",NA,NA,"lncRNA","AC121334.3","2",NA,"OTTHUMG00000192667.1"
"ENSG00000279511.1",6.14161715243266,-4.08040313057834,0.302177603218839,-13.5033274707103,1.49469758936881e-41,2.438234984905e-40,"HAVANA","gene",NA,NA,"TEC","AL356274.2","2",NA,"OTTHUMG00000175981.1"
"ENSG00000272411.1",2.16542487218379,2.50150380984271,0.185288446604775,13.5005924852858,1.55123589869122e-41,2.52960217516326e-40,"HAVANA","gene",NA,NA,"lncRNA","AC116312.1","2",NA,"OTTHUMG00000185601.1"
"ENSG00000181218.5",1013.90283892287,-2.04942785351583,0.151828242280043,-13.4983308950895,1.59959098016903e-41,2.60579407888127e-40,"HAVANA","gene",NA,NA,"protein_coding","H2AW","2","HGNC:20507","OTTHUMG00000040046.1"
"ENSG00000151882.11",2403.90234052217,2.40857333408438,0.178490345932393,13.4941378566025,1.69324287320474e-41,2.75461005280948e-40,"HAVANA","gene",NA,NA,"protein_coding","CCL28","1","HGNC:17700","OTTHUMG00000094811.3"
"ENSG00000237940.3",947.776640366245,-3.02837242418841,0.224794970981264,-13.4717089575852,2.29492087238337e-41,3.71828403773713e-40,"HAVANA","gene",NA,NA,"lncRNA","LINC01238","2","HGNC:49795","OTTHUMG00000151373.3"
"ENSG00000002726.21",139.149717917855,-2.81049373299624,0.208822130994881,-13.4587925121075,2.73346622666084e-41,4.41985713531289e-40,"HAVANA","gene",NA,NA,"protein_coding","AOC1","2","HGNC:80","OTTHUMG00000158306.2"
"ENSG00000224763.1",2.9730701466639,-3.16946913962264,0.235727353611315,-13.4454873016082,3.27242883962439e-41,5.28597659158477e-40,"HAVANA","gene",NA,NA,"processed_pseudogene","FDPSP8","1","HGNC:39085","OTTHUMG00000037004.1"
"ENSG00000286805.1",9.04162320218138,2.86584008975725,0.213172104819646,13.4437856781585,3.34857668165063e-41,5.40533385504993e-40,"HAVANA","gene",NA,NA,"lncRNA","AL138716.1","2",NA,"OTTHUMG00000195398.1"
"ENSG00000215023.2",7.75536388258289,-3.49933964124654,0.260504049412109,-13.4329567971924,3.87619901471588e-41,6.24861018825833e-40,"HAVANA","gene",NA,NA,"lncRNA","AC131097.1","2",NA,"OTTHUMG00000151472.1"
"ENSG00000250081.1",6.7587084120969,-2.46273466137752,0.183606447620724,-13.4131164416665,5.06642261647354e-41,8.13991641701031e-40,"HAVANA","gene",NA,NA,"lncRNA","AC025176.1","2",NA,"OTTHUMG00000162551.1"
"ENSG00000122711.9",30.1915644289266,-3.68126608910452,0.274465777607327,-13.4124775817087,5.11026358160277e-41,8.20760067698923e-40,"HAVANA","gene",NA,NA,"protein_coding","SPINK4","2","HGNC:16646","OTTHUMG00000019762.2"
"ENSG00000145920.15",132.92612230125,-6.21758737565904,0.463796869877416,-13.4058416075606,5.58856947723093e-41,8.96378853880595e-40,"HAVANA","gene",NA,NA,"protein_coding","CPLX2","2","HGNC:2310","OTTHUMG00000130665.4"
"ENSG00000143452.16",186.42206107136,-4.2277728733994,0.315380529534299,-13.4053071685886,5.62897431470121e-41,9.02557427768858e-40,"HAVANA","gene",NA,NA,"protein_coding","HORMAD1","2","HGNC:25245","OTTHUMG00000035005.3"
"ENSG00000196787.3",276.373194140967,-2.38074671204901,0.177618084657958,-13.403740484161,5.74910110667589e-41,9.21202120471043e-40,"HAVANA","gene",NA,NA,"protein_coding","H2AC11","2","HGNC:4737","OTTHUMG00000014469.1"
"ENSG00000169427.8",20.8937409773717,-2.45419779538084,0.183172052093337,-13.3983201440047,6.18472006190797e-41,9.89018485200304e-40,"HAVANA","gene",NA,NA,"protein_coding","KCNK9","1","HGNC:6283","OTTHUMG00000164186.8"
"ENSG00000267339.7",3.6229872510583,3.00827724187863,0.224576852518281,13.395313043822,6.44039158274023e-41,1.02956009585947e-39,"HAVANA","gene",NA,NA,"lncRNA","LINC00906","2","HGNC:27121","OTTHUMG00000181995.19"
"ENSG00000130427.3",34.4128401495974,-3.17626472146981,0.237324566152422,-13.3836322676762,7.5372070042206e-41,1.20168914333514e-39,"HAVANA","gene",NA,NA,"protein_coding","EPO","2","HGNC:3415","OTTHUMG00000152121.2"
"ENSG00000168298.7",49.5577876498588,-2.56339138735119,0.191581667966262,-13.3801496487785,7.89881806228952e-41,1.25808634762065e-39,"HAVANA","gene",NA,NA,"protein_coding","H1-4","2","HGNC:4718","OTTHUMG00000014422.3"
"ENSG00000204049.1",258.616561969125,-3.00672817269714,0.22475241102373,-13.377957366516,8.13524514803255e-41,1.29402255990119e-39,"HAVANA","gene",NA,NA,"lncRNA","AL391421.1","2",NA,"OTTHUMG00000187422.1"
"ENSG00000226080.1",41.4882323584724,-3.94240807462556,0.294720487354553,-13.3767696640743,8.26625877351223e-41,1.31442568151003e-39,"HAVANA","gene",NA,NA,"processed_pseudogene","RPL6P4","1","HGNC:36344","OTTHUMG00000157022.1"
"ENSG00000179428.2",6.56340553693332,2.43108022280945,0.181807716199953,13.3717109131701,8.84819162233001e-41,1.40649257009234e-39,"HAVANA","gene",NA,NA,"lncRNA","IL6-AS1","2","HGNC:40301","OTTHUMG00000152547.1"
"ENSG00000177494.6",69.2266932998295,-2.5610186233342,0.191648396977532,-13.363110068875,9.93258263994688e-41,1.57729544010558e-39,"HAVANA","gene",NA,NA,"protein_coding","ZBED2","2","HGNC:20710","OTTHUMG00000074061.3"
"ENSG00000166959.8",100.220037848534,-3.81970279941635,0.285886870397184,-13.3608892010662,1.0233433556641e-40,1.62399404338745e-39,"HAVANA","gene",NA,NA,"protein_coding","MS4A8","1","HGNC:13380","OTTHUMG00000167686.3"
"ENSG00000179388.9",2159.98450721757,2.12986835611198,0.159434003821589,13.3589341361292,1.05057675525761e-40,1.66610831990705e-39,"HAVANA","gene",NA,NA,"protein_coding","EGR3","1","HGNC:3240","OTTHUMG00000097825.3"
"ENSG00000170577.8",524.58415687318,-2.30897653299129,0.172881180460006,-13.3558582076286,1.09488952403967e-40,1.73580930167904e-39,"HAVANA","gene",NA,NA,"protein_coding","SIX2","2","HGNC:10888","OTTHUMG00000152421.3"
"ENSG00000279499.1",1.95499066900319,2.06048487635778,0.154471003303919,13.3389751622433,1.37334529397928e-40,2.17295155332059e-39,"HAVANA","gene",NA,NA,"TEC","AL157770.1","2",NA,"OTTHUMG00000055979.1"
"ENSG00000277893.2",40.5214376352576,-2.5143732140035,0.188535122388714,-13.3363650345184,1.4222728086647e-40,2.24739743611893e-39,"HAVANA","gene",NA,NA,"protein_coding","SRD5A2","2","HGNC:11285","OTTHUMG00000152057.4"
"ENSG00000157542.11",60.1569066017198,-2.83545566649359,0.212648917313847,-13.3339765013182,1.46856365090062e-40,2.31901399191327e-39,"HAVANA","gene",NA,NA,"protein_coding","KCNJ6","2","HGNC:6267","OTTHUMG00000086667.5"
"ENSG00000119508.18",532.480155147754,2.09793816753546,0.157448390472034,13.3246085351892,1.66503857048394e-40,2.6249423465576e-39,"HAVANA","gene",NA,NA,"protein_coding","NR4A3","2","HGNC:7982","OTTHUMG00000021030.3"
"ENSG00000151632.17",1688.50084017583,3.04681940066281,0.228664300350794,13.3244209786516,1.66922811041732e-40,2.63068153848993e-39,"HAVANA","gene",NA,NA,"protein_coding","AKR1C2","2","HGNC:385","OTTHUMG00000017584.4"
"ENSG00000262703.1",8.47646740994775,-2.06785142866058,0.155206194920037,-13.3232531712149,1.69555085038588e-40,2.67040898231385e-39,"HAVANA","gene",NA,NA,"lncRNA","AC009121.2","2",NA,"OTTHUMG00000177410.1"
"ENSG00000175746.6",7.7934720368272,-2.63786536132779,0.198034682433228,-13.3202191096866,1.76588484983393e-40,2.77935424295478e-39,"HAVANA","gene",NA,NA,"lncRNA","C15orf54","2","HGNC:33797","OTTHUMG00000129843.2"
"ENSG00000265766.3",84.3675146861863,-4.61712910333268,0.346632595868608,-13.3199507442826,1.77224388006337e-40,2.78844677483862e-39,"HAVANA","gene",NA,NA,"transcribed_processed_pseudogene","CXADRP3","2","HGNC:33974","OTTHUMG00000178700.2"
"ENSG00000175985.10",315.995492584973,-2.4547679826514,0.184395686255625,-13.3125022200812,1.95812214885031e-40,3.07384115830336e-39,"HAVANA","gene",NA,NA,"protein_coding","PLEKHD1","2","HGNC:20148","OTTHUMG00000171233.4"
"ENSG00000119147.10",392.469533015208,2.92347649863163,0.21968211767314,13.307758180761,2.08648788823579e-40,3.27427562153215e-39,"HAVANA","gene",NA,NA,"protein_coding","ECRG4","1","HGNC:24642","OTTHUMG00000130921.4"
"ENSG00000182759.4",9.89110596909417,-3.29979719765215,0.248126412318605,-13.2988550747877,2.35039840357977e-40,3.68600941130955e-39,"HAVANA","gene",NA,NA,"protein_coding","MAFA","1","HGNC:23145","OTTHUMG00000165037.3"
"ENSG00000152592.14",8.68539167723784,-3.35754379039666,0.252500923905292,-13.2971544755852,2.40446133237978e-40,3.76955963463074e-39,"HAVANA","gene",NA,NA,"protein_coding","DMP1","2","HGNC:2932","OTTHUMG00000130598.3"
"ENSG00000138675.16",11.9524130373551,-3.53044131943116,0.265591938434946,-13.2927277094139,2.5510595859005e-40,3.99285412481192e-39,"HAVANA","gene",NA,NA,"protein_coding","FGF5","2","HGNC:3683","OTTHUMG00000130288.2"
"ENSG00000162482.5",1496.98203013639,-2.59631306676917,0.195362036475413,-13.2897522651282,2.6545563483655e-40,4.15348774167835e-39,"HAVANA","gene",NA,NA,"protein_coding","AKR7A3","2","HGNC:390","OTTHUMG00000002523.2"
"ENSG00000273706.5",26.8287650312525,-6.06953503883561,0.456803952633959,-13.2869582319468,2.75554044138261e-40,4.31008627315183e-39,"HAVANA","gene",NA,NA,"protein_coding","LHX1","2","HGNC:6593","OTTHUMG00000188456.2"
"ENSG00000228630.5",363.12872386744,-2.75484953934371,0.207419475363094,-13.2815374955571,2.96248236969267e-40,4.62622328331081e-39,"HAVANA","gene",NA,NA,"lncRNA","HOTAIR","2","HGNC:33510","OTTHUMG00000152934.1"
"ENSG00000274736.5",16.2537709247185,2.00366226548219,0.150931411891406,13.2753165187629,3.2190802254354e-40,5.02201672421393e-39,"HAVANA","gene",NA,NA,"protein_coding","CCL23","2","HGNC:10622","OTTHUMG00000188409.2"
"ENSG00000229920.2",3.43374829217765,2.35849552120793,0.177666066678532,13.2748789079424,3.23794089568037e-40,5.04815321549126e-39,"HAVANA","gene",NA,NA,"transcribed_processed_pseudogene","RPS4XP5","1","HGNC:36670","OTTHUMG00000152611.2"
"ENSG00000205592.15",192.757975279025,-3.86332685872009,0.291121732522331,-13.2704859415597,3.43346986498159e-40,5.34777442234291e-39,"HAVANA","gene",NA,NA,"protein_coding","MUC19","1","HGNC:14362","OTTHUMG00000060732.36"
"ENSG00000153993.13",379.754710695428,2.07074176905522,0.156072060921919,13.267856891383,3.55605801680351e-40,5.53511174740273e-39,"HAVANA","gene",NA,NA,"protein_coding","SEMA3D","1","HGNC:10726","OTTHUMG00000154569.4"
"ENSG00000108813.11",109.458993420719,-2.04763191521954,0.154353281991638,-13.2658786959287,3.65115863004586e-40,5.67944837550316e-39,"HAVANA","gene",NA,NA,"protein_coding","DLX4","1","HGNC:2917","OTTHUMG00000161839.7"
"ENSG00000158458.21",115.823306862937,2.31756701845124,0.174757033040368,13.261652353161,3.86289493021289e-40,5.99906956585088e-39,"HAVANA","gene",NA,NA,"protein_coding","NRG2","2","HGNC:7998","OTTHUMG00000129241.9"
"ENSG00000287688.1",13.8815904316913,-2.09907552905522,0.158382832719607,-13.2531758209637,4.32506031198587e-40,6.71028625476823e-39,"HAVANA","gene",NA,NA,"lncRNA","AC011317.1","2",NA,"OTTHUMG00000193546.3"
"ENSG00000016602.9",40.4319003739998,3.26453398920117,0.246355492459398,13.2513140121656,4.43371647304964e-40,6.87663827205595e-39,"HAVANA","gene",NA,NA,"protein_coding","CLCA4","2","HGNC:2018","OTTHUMG00000010260.1"
"ENSG00000183695.3",3.14551979448189,3.47249254914024,0.262138297872023,13.2467959749839,4.70880950756265e-40,7.29621809532104e-39,"HAVANA","gene",NA,NA,"protein_coding","MRGPRX2","2","HGNC:17983","OTTHUMG00000166098.2"
"ENSG00000205847.6",48.3041029048266,-2.24827280316703,0.169755886509405,-13.2441522317546,4.87758457385502e-40,7.55040636295295e-39,"HAVANA","gene",NA,NA,"transcribed_unprocessed_pseudogene","OR7E91P","1","HGNC:14747","OTTHUMG00000154170.3"
"ENSG00000184492.6",8.75082338840428,-2.04195751444209,0.154238035974455,-13.2390010125666,5.22390443968992e-40,8.08389088196202e-39,"HAVANA","gene",NA,NA,"protein_coding","FOXD4L1","2","HGNC:18521","OTTHUMG00000131359.1"
"ENSG00000286506.1",0.95345028135372,4.87321335598388,0.368685244238721,13.2178150119523,6.92463893073901e-40,1.06915710980247e-38,"HAVANA","gene",NA,NA,"transcribed_unprocessed_pseudogene","FP325317.2","2",NA,"OTTHUMG00000193800.1"
"ENSG00000218357.3",59.7511927966126,-3.76759482853874,0.285110351419422,-13.2145143442943,7.23517857379406e-40,1.11674421865488e-38,"HAVANA","gene",NA,NA,"lncRNA","LINC01644","1","HGNC:52431","OTTHUMG00000150324.3"
"ENSG00000184330.12",151.69914187874,-6.18271111355372,0.467903258202941,-13.2136526197732,7.31850760173247e-40,1.1292421874364e-38,"HAVANA","gene",NA,NA,"protein_coding","S100A7A","2","HGNC:21657","OTTHUMG00000013122.3"
"ENSG00000226329.2",41.8141246256892,2.01765496585444,0.152736137863959,13.2100693003745,7.67537339455464e-40,1.18392511053803e-38,"HAVANA","gene",NA,NA,"unprocessed_pseudogene","AC005682.1","2",NA,"OTTHUMG00000152564.2"
"ENSG00000111404.7",143.593060172999,2.8326184768402,0.21456190491682,13.2018704715468,8.55832375816359e-40,1.31672861674251e-38,"HAVANA","gene",NA,NA,"protein_coding","RERGL","2","HGNC:26213","OTTHUMG00000168820.2"
"ENSG00000286563.1",11.9716576672327,-2.38708462992664,0.180845323632274,-13.1995927900268,8.82105984936519e-40,1.35671581824426e-38,"HAVANA","gene",NA,NA,"lncRNA","AC078983.1","2",NA,"OTTHUMG00000194753.1"
"ENSG00000277383.1",10.5392595256796,-2.04725835669338,0.155105326458688,-13.1991492712448,8.87314609195302e-40,1.36428892575568e-38,"HAVANA","gene",NA,NA,"lncRNA","AC010331.1","2",NA,"OTTHUMG00000186770.1"
"ENSG00000274080.1",4.5909572871444,2.44211773275855,0.18506690332482,13.195864246306,9.26857544795548e-40,1.42371737643971e-38,"HAVANA","gene",NA,NA,"lncRNA","AC005089.1","2",NA,"OTTHUMG00000188576.1"
"ENSG00000170498.9",15.8923175676017,-2.57486020033821,0.19515797842947,-13.193722445064,9.53577797859548e-40,1.46382288674947e-38,"HAVANA","gene",NA,NA,"protein_coding","KISS1","2","HGNC:6341","OTTHUMG00000036060.2"
"ENSG00000066813.14",3.03704608786612,2.81125037197977,0.213177286198393,13.1873823056528,1.03724790501251e-39,1.59022550813277e-38,"HAVANA","gene",NA,NA,"protein_coding","ACSM2B","2","HGNC:30931","OTTHUMG00000131555.4"
"ENSG00000231852.9",125.109020060848,-2.2932092164419,0.173945246211954,-13.1835118600919,1.09187321946763e-39,1.67129859248225e-38,"HAVANA","gene",NA,NA,"protein_coding","CYP21A2","2","HGNC:2600","OTTHUMG00000031069.7"
"ENSG00000159648.11",16.9991868827132,2.50774535448707,0.190249546767595,13.1813473256284,1.12365970853288e-39,1.71775802922176e-38,"HAVANA","gene",NA,NA,"protein_coding","TEPP","2","HGNC:33745","OTTHUMG00000133463.5"
"ENSG00000108688.11",33.2505311619139,-3.71671819676369,0.282607982013723,-13.1514975984762,1.6683694166759e-39,2.54235301377043e-38,"HAVANA","gene",NA,NA,"protein_coding","CCL7","2","HGNC:10634","OTTHUMG00000132889.2"
"ENSG00000285336.1",12.9900043844062,2.3436803807805,0.178332405498753,13.1422013527255,1.88657355327284e-39,2.87121152913919e-38,"HAVANA","gene",NA,NA,"lncRNA","AC108734.4","2",NA,"OTTHUMG00000192437.1"
"ENSG00000186417.14",285.503879779051,2.12755436657586,0.162054900079071,13.1286025016076,2.25784820874545e-39,3.43081216875973e-38,"HAVANA","gene",NA,NA,"protein_coding","GLDN","2","HGNC:29514","OTTHUMG00000131746.7"
"ENSG00000273079.6",44.4315761599513,2.77589820568354,0.211534393582096,13.122680235005,2.44144943438653e-39,3.70744349925384e-38,"HAVANA","gene",NA,NA,"protein_coding","GRIN2B","2","HGNC:4586","OTTHUMG00000137373.11"
"ENSG00000160307.10",964.602960005895,2.79315503178984,0.21287938681227,13.1208336965618,2.50167587289925e-39,3.79769616827006e-38,"HAVANA","gene",NA,NA,"protein_coding","S100B","1","HGNC:10500","OTTHUMG00000090715.3"
"ENSG00000188282.12",70.4068427340965,-2.32368299972654,0.17715956156207,-13.1163284625335,2.65488855527112e-39,4.02772991396578e-38,"HAVANA","gene",NA,NA,"protein_coding","RUFY4","1","HGNC:24804","OTTHUMG00000155235.3"
"ENSG00000106714.17",97.5018514397067,2.28665821598766,0.1744689813549,13.1063883002572,3.02672527549475e-39,4.58313552303898e-38,"HAVANA","gene",NA,NA,"protein_coding","CNTNAP3","2","HGNC:13834","OTTHUMG00000019954.4"
"ENSG00000228522.2",3.79376399520756,3.55806192564896,0.271731560616113,13.0940326459744,3.56183342645388e-39,5.38489868922074e-38,"HAVANA","gene",NA,NA,"transcribed_unprocessed_pseudogene","AL845321.1","2",NA,"OTTHUMG00000067275.3"
"ENSG00000125813.13",54.4408091143711,-3.22400012068578,0.246228604964013,-13.0935238867027,3.5857778186594e-39,5.41938849501489e-38,"HAVANA","gene",NA,NA,"protein_coding","PAX1","2","HGNC:8615","OTTHUMG00000032034.3"
"ENSG00000267366.1",20.6479645044697,-2.11085340198695,0.16121427578293,-13.0934645318207,3.5885817180595e-39,5.42191580297164e-38,"HAVANA","gene",NA,NA,"lncRNA","AP005131.2","2",NA,"OTTHUMG00000181956.1"
"ENSG00000185352.8",712.321676954159,-2.84772824675558,0.217513904245919,-13.0921664830032,3.65044906394799e-39,5.51365115554062e-38,"HAVANA","gene",NA,NA,"protein_coding","HS6ST3","2","HGNC:19134","OTTHUMG00000017232.3"
"ENSG00000254248.1",8.51145915155236,-2.88812495902281,0.220703781186573,-13.0859786066887,3.96026578412215e-39,5.97594751865487e-38,"HAVANA","gene",NA,NA,"lncRNA","AC068189.1","2",NA,"OTTHUMG00000164704.1"
"ENSG00000132821.12",335.802550719364,-2.68600879960213,0.205267380674094,-13.0854146956098,3.98976732235015e-39,6.01856903066107e-38,"HAVANA","gene",NA,NA,"protein_coding","VSTM2L","2","HGNC:16096","OTTHUMG00000032430.4"
"ENSG00000243479.3",80.9594846785258,-2.88190131661477,0.220239527655749,-13.0853046557537,3.99554958916891e-39,6.02539442294877e-38,"HAVANA","gene",NA,NA,"lncRNA","MNX1-AS1","2","HGNC:48954","OTTHUMG00000188695.1"
"ENSG00000287774.1",2.34304500989998,2.67965445517749,0.204788056720692,13.0850133454425,4.01089733515736e-39,6.0466359763181e-38,"HAVANA","gene",NA,NA,"lncRNA","AC025614.2","2",NA,"OTTHUMG00000195433.1"
"ENSG00000175084.12",307.200551950698,2.99741550732365,0.229101688202142,13.083340986466,4.1001468730351e-39,6.17341410078918e-38,"HAVANA","gene",NA,NA,"protein_coding","DES","2","HGNC:2770","OTTHUMG00000058924.4"
"ENSG00000159261.12",30.4242863787142,-2.01018853118109,0.153679340502838,-13.0804083659116,4.26144625106818e-39,6.41224528544838e-38,"HAVANA","gene",NA,NA,"protein_coding","CLDN14","2","HGNC:2035","OTTHUMG00000086638.2"
"ENSG00000254135.3",3.71083959647661,4.07394121697178,0.311610651260231,13.0738188842254,4.64726170401421e-39,6.97963348712604e-38,"HAVANA","gene",NA,NA,"lncRNA","AC091939.1","2",NA,"OTTHUMG00000163519.6"
"ENSG00000225376.6",0.76045915114669,3.18231233178432,0.243421057634705,13.0732828240354,4.68013479800322e-39,7.02680219907034e-38,"HAVANA","gene",NA,NA,"lncRNA","TMEM246-AS1","2","HGNC:51191","OTTHUMG00000020380.3"
"ENSG00000287900.1",258.056295021902,-4.67327084905062,0.357607838323976,-13.0681443420065,5.00721161221371e-39,7.51316969436765e-38,"HAVANA","gene",NA,NA,"lncRNA","AC061961.1","2",NA,"OTTHUMG00000153808.2"
"ENSG00000279571.3",0.71006420320974,2.24497198495667,0.171794618601829,13.0677666345293,5.03213141322078e-39,7.54819711983117e-38,"HAVANA","gene",NA,NA,"lncRNA","AL162426.1","2",NA,"OTTHUMG00000189321.1"
"ENSG00000187140.6",27.7810298260593,-3.10746182119403,0.237853891190847,-13.0645826546545,5.24716000224881e-39,7.8658146341596e-38,"HAVANA","gene",NA,NA,"protein_coding","FOXD3","2","HGNC:3804","OTTHUMG00000009141.2"
"ENSG00000279712.1",12.6316285186178,-3.8045869831055,0.291239101080296,-13.0634484483474,5.32594466328447e-39,7.98142035714603e-38,"HAVANA","gene",NA,NA,"lncRNA","FP325330.3","2",NA,"OTTHUMG00000189277.1"
"ENSG00000187475.6",5.76559857904668,-3.83035924230739,0.293287938716262,-13.0600639735582,5.56809755303327e-39,8.34169961744291e-38,"HAVANA","gene",NA,NA,"protein_coding","H1-6","2","HGNC:4720","OTTHUMG00000014430.2"
"ENSG00000252010.1",116.416724355039,-4.4120825161973,0.337950381782354,-13.0554150965237,5.91865504397774e-39,8.85856804614101e-38,"ENSEMBL","gene",NA,NA,"scaRNA","SCARNA5","3","HGNC:32561",NA
"ENSG00000287626.1",14.059224061545,-2.8958573031654,0.221833239797011,-13.054208223327,6.01319444584358e-39,8.99164000937472e-38,"HAVANA","gene",NA,NA,"lncRNA","AL021978.1","2",NA,"OTTHUMG00000194553.1"
"ENSG00000232606.2",1.32591075382401,2.3229439224385,0.177963108438741,13.0529520574097,6.11318996035321e-39,9.13831297973549e-38,"HAVANA","gene",NA,NA,"lncRNA","LINC01412","1","HGNC:50704","OTTHUMG00000153876.2"
"ENSG00000172752.14",15.2062088868406,-3.40065621066151,0.260558030354867,-13.051435052798,6.23615535285844e-39,9.31922030428721e-38,"HAVANA","gene",NA,NA,"protein_coding","COL6A5","1","HGNC:26674","OTTHUMG00000159712.4"
"ENSG00000235049.1",77.9107990261871,-2.42240480270789,0.185654101884337,-13.0479465744154,6.52833346739129e-39,9.74976485108219e-38,"HAVANA","gene",NA,NA,"lncRNA","LINC00940","2","HGNC:48634","OTTHUMG00000168112.1"
"ENSG00000067715.14",2065.96461297536,-2.94270937235388,0.225577678024927,-13.0452152806924,6.76655911149143e-39,1.00866785012929e-37,"HAVANA","gene",NA,NA,"protein_coding","SYT1","2","HGNC:11509","OTTHUMG00000134326.5"
"ENSG00000185933.7",17.3616254737871,-2.80849592074268,0.215317280223198,-13.0435231107851,6.9184671416172e-39,1.03067089786965e-37,"HAVANA","gene",NA,NA,"protein_coding","CALHM1","2","HGNC:23494","OTTHUMG00000018991.1"
"ENSG00000138684.9",11.1794454723138,-4.24095335782956,0.32518012791652,-13.0418589383122,7.07116790238575e-39,1.05309186883215e-37,"HAVANA","gene",NA,NA,"protein_coding","IL21","2","HGNC:6005","OTTHUMG00000133073.6"
"ENSG00000168546.11",96.9882725574089,2.12574483541387,0.163004494670032,13.0410197566453,7.14943552712545e-39,1.06408653651625e-37,"HAVANA","gene",NA,NA,"protein_coding","GFRA2","1","HGNC:4244","OTTHUMG00000163897.7"
"ENSG00000197308.9",487.195107989964,-2.59272354281965,0.199060964110588,-13.0247713528569,8.84656822848667e-39,1.31382233052324e-37,"HAVANA","gene",NA,NA,"lncRNA","GATA3-AS1","2","HGNC:33786","OTTHUMG00000156966.1"
"ENSG00000171695.10",8.21313710996041,-3.03815179635081,0.233355330529233,-13.0194231666382,9.48849685923518e-39,1.4069758109748e-37,"HAVANA","gene",NA,NA,"protein_coding","LKAAEAR1","2","HGNC:33718","OTTHUMG00000033021.2"
"ENSG00000244265.2",76.6157670011349,-2.05777909574421,0.158096009684705,-13.0160090684647,9.92228489181136e-39,1.47038870759877e-37,"HAVANA","gene",NA,NA,"lncRNA","SIAH2-AS1","2","HGNC:40526","OTTHUMG00000159851.2"
"ENSG00000189212.12",43.7422262811335,-3.18468854307397,0.244699288799755,-13.0147028979725,1.00934096940271e-38,1.49528527656413e-37,"HAVANA","gene",NA,NA,"transcribed_unprocessed_pseudogene","DPY19L2P1","2","HGNC:22305","OTTHUMG00000155026.1"
"ENSG00000273703.2",6.3622087189962,-4.56541426961874,0.351187200676772,-12.9999449319928,1.22431415432597e-38,1.80983928212765e-37,"HAVANA","gene",NA,NA,"protein_coding","H2BC14","2","HGNC:4750","OTTHUMG00000014489.2"
"ENSG00000255216.2",7.90768094925448,3.55226143956352,0.273312990512256,12.9970457419741,1.27161328352388e-38,1.87917928481274e-37,"HAVANA","gene",NA,NA,"lncRNA","AP001360.1","1",NA,"OTTHUMG00000166137.4"
"ENSG00000286638.1",2.78147317857566,2.55096409550973,0.196449964626447,12.9853120633564,1.48232754594517e-38,2.1871978049348e-37,"HAVANA","gene",NA,NA,"lncRNA","AC123595.2","2",NA,"OTTHUMG00000194010.1"
"ENSG00000181847.12",408.592979755674,-2.06801997715199,0.159308781344342,-12.981205177146,1.56400049664831e-38,2.30699703800555e-37,"HAVANA","gene",NA,NA,"protein_coding","TIGIT","2","HGNC:26838","OTTHUMG00000159331.4"
"ENSG00000154027.19",1179.18195658619,2.3523203823581,0.181342632236096,12.9716898522545,1.77082738904119e-38,2.60726306726993e-37,"HAVANA","gene",NA,NA,"protein_coding","AK5","1","HGNC:365","OTTHUMG00000009796.8"
"ENSG00000007372.24",55.8721380549058,-3.42434457725872,0.264099917198297,-12.9660948537427,1.90490903191554e-38,2.79694121112698e-37,"HAVANA","gene",NA,NA,"protein_coding","PAX6","1","HGNC:8620","OTTHUMG00000041447.26"
"ENSG00000268964.3",18.5515921085925,-5.22518398791528,0.403080023568636,-12.9631430048419,1.97966750587907e-38,2.9049271119959e-37,"HAVANA","gene",NA,NA,"protein_coding","ERVV-2","2","HGNC:39051","OTTHUMG00000182943.3"
"ENSG00000263740.2",26.7583011987274,-3.30997290832146,0.255351676688511,-12.962409141958,1.99870158652004e-38,2.93106192256428e-37,"ENSEMBL","gene",NA,NA,"misc_RNA","RN7SL4P","3","HGNC:10039",NA
"ENSG00000277075.2",334.145607340636,-2.25518571562766,0.174132213253793,-12.950996679407,2.31923240494536e-38,3.39903409363512e-37,"HAVANA","gene",NA,NA,"protein_coding","H2AC8","2","HGNC:4724","OTTHUMG00000014440.3"
"ENSG00000234602.9",114.296257863779,-2.73173494292169,0.211042490928453,-12.9440044557084,2.54035002523671e-38,3.71627999111727e-37,"HAVANA","gene",NA,NA,"protein_coding","MCIDAS","2","HGNC:40050","OTTHUMG00000162600.3"
"ENSG00000250343.1",2.08844839943186,2.705665922137,0.209260058215885,12.9296815895257,3.06083830465879e-38,4.46543127820349e-37,"HAVANA","gene",NA,NA,"lncRNA","STK32A-AS1","2","HGNC:53468","OTTHUMG00000163410.1"
"ENSG00000064787.13",2442.97433117235,-2.44779968344503,0.189497499863725,-12.9173191477742,3.59448351972106e-38,5.23917570519732e-37,"HAVANA","gene",NA,NA,"protein_coding","BCAS1","2","HGNC:974","OTTHUMG00000032772.2"
"ENSG00000089692.9",339.279048589667,-2.00479183566111,0.155206924111643,-12.9168968919134,3.61425933561485e-38,5.2663979552709e-37,"HAVANA","gene",NA,NA,"protein_coding","LAG3","2","HGNC:6476","OTTHUMG00000169197.2"
"ENSG00000154118.13",77.3889557161525,-2.43387018563005,0.188487911373465,-12.912606266869,3.82144132671111e-38,5.56659330990359e-37,"HAVANA","gene",NA,NA,"protein_coding","JPH3","1","HGNC:14203","OTTHUMG00000137656.4"
"ENSG00000137392.10",16.6012175147438,-3.08570143904966,0.239195434830631,-12.9003358330588,4.48139908699496e-38,6.51407251996142e-37,"HAVANA","gene",NA,NA,"protein_coding","CLPS","2","HGNC:2085","OTTHUMG00000014578.2"
"ENSG00000251493.5",48.1754871946089,-3.03816193477112,0.23564408488506,-12.8930116631319,4.92810238965157e-38,7.15254121442613e-37,"HAVANA","gene",NA,NA,"protein_coding","FOXD1","2","HGNC:3802","OTTHUMG00000162495.5"
"ENSG00000252835.1",29.2775658725138,-4.01630359932625,0.311544683489474,-12.8915812471631,5.02037686946323e-38,7.27544633442176e-37,"ENSEMBL","gene",NA,NA,"scaRNA","SCARNA21","3","HGNC:32579",NA
"ENSG00000262995.1",0.793582435937541,3.74518608781198,0.290693457917618,12.8836270160347,5.56571784266832e-38,8.05356514171668e-37,"HAVANA","gene",NA,NA,"lncRNA","AC137056.1","2",NA,"OTTHUMG00000177693.1"
"ENSG00000214942.6",3.9321316880859,2.87906037116766,0.223852217005213,12.8614333585118,7.41880799889298e-38,1.06976353176462e-36,"HAVANA","gene",NA,NA,"lncRNA","AC113167.1","2",NA,"OTTHUMG00000162602.7"
"ENSG00000240350.3",5.07358156770227,-2.4269775089673,0.188755392547078,-12.8577916435526,7.77667838931692e-38,1.12054334325466e-36,"HAVANA","gene",NA,NA,"lncRNA","SOCAR","1","HGNC:54421","OTTHUMG00000153695.3"
"ENSG00000274642.1",4.25007346213614,2.23967062274623,0.174204135709189,12.8565869784232,7.89879730081472e-38,1.13779729008428e-36,"HAVANA","gene",NA,NA,"unprocessed_pseudogene","AC244669.2","2",NA,"OTTHUMG00000185010.1"
"ENSG00000207087.1",1.22848835830487,2.50911839699623,0.195178516700334,12.8555049982709,8.01010337190029e-38,1.15348377681919e-36,"ENSEMBL","gene",NA,NA,"snRNA","RNU6-242P","3","HGNC:47205",NA
"ENSG00000121743.4",20.1569448197743,-2.29870489375503,0.178864630540164,-12.8516458889219,8.41994862422763e-38,1.21141062638662e-36,"HAVANA","gene",NA,NA,"protein_coding","GJA3","2","HGNC:4277","OTTHUMG00000016510.4"
"ENSG00000188778.6",5.76952053741584,2.98152780258295,0.232056058358783,12.8483083944018,8.79116401538335e-38,1.26443911130897e-36,"HAVANA","gene",NA,NA,"protein_coding","ADRB3","2","HGNC:288","OTTHUMG00000164028.5"
"ENSG00000178343.5",23.1606331491625,2.44637427529017,0.190414342462839,12.8476365994731,8.86782895358636e-38,1.27470052555152e-36,"HAVANA","gene",NA,NA,"protein_coding","SHISA3","2","HGNC:25159","OTTHUMG00000161043.2"
"ENSG00000173114.13",195.673906826131,2.1423157341746,0.166802564127884,12.8434220743282,9.3641825223522e-38,1.3448380834709e-36,"HAVANA","gene",NA,NA,"protein_coding","LRRN3","1","HGNC:17200","OTTHUMG00000155039.4"
"ENSG00000266830.1",7.78525025246727,-4.26027035261043,0.332144768968702,-12.826546586413,1.16439644156431e-37,1.66924696335565e-36,"HAVANA","gene",NA,NA,"lncRNA","AC061975.6","2",NA,"OTTHUMG00000179418.1"
"ENSG00000215182.8",61.1248454279092,-4.35167382295299,0.339295145930055,-12.8256294708386,1.17825737002535e-37,1.68861234214522e-36,"HAVANA","gene",NA,NA,"protein_coding","MUC5AC","1","HGNC:7515","OTTHUMG00000154270.5"
"ENSG00000165349.12",53.5729887784046,3.02647817498197,0.236056569734312,12.8209868439093,1.25098113113239e-37,1.79122851143314e-36,"HAVANA","gene",NA,NA,"protein_coding","SLC7A3","2","HGNC:11061","OTTHUMG00000021780.2"
"ENSG00000152086.9",88.3443593960573,-3.13028960445997,0.244241975582386,-12.8163457448127,1.32813888594235e-37,1.89887000971345e-36,"HAVANA","gene",NA,NA,"protein_coding","TUBA3E","2","HGNC:20765","OTTHUMG00000131626.3"
"ENSG00000253755.1",6549.95596217336,-2.8727528997981,0.224186769778591,-12.8141054114623,1.36705905444126e-37,1.95276682463568e-36,"HAVANA","gene",NA,NA,"IG_C_pseudogene","IGHGP","2","HGNC:5529","OTTHUMG00000152493.1"
"ENSG00000151365.2",1291.89777098867,2.800972102743,0.218697285213417,12.8075302809985,1.48795356797116e-37,2.12482430526075e-36,"HAVANA","gene",NA,NA,"protein_coding","THRSP","2","HGNC:11800","OTTHUMG00000166632.1"
"ENSG00000170893.4",457.366821201375,-4.10546573024942,0.320692322798656,-12.8018834202869,1.60022445565152e-37,2.28174862113883e-36,"HAVANA","gene",NA,NA,"protein_coding","TRH","1","HGNC:12298","OTTHUMG00000159634.4"
"ENSG00000272954.1",7.93279560996899,-2.21121390026849,0.172771936462655,-12.7984552673371,1.67244978672412e-37,2.38402467366714e-36,"HAVANA","gene",NA,NA,"lncRNA","AP000553.2","2",NA,"OTTHUMG00000186183.1"
"ENSG00000197254.4",3.78246162153403,3.79885766608805,0.296873290551898,12.7962258208741,1.7211499132952e-37,2.45271541778623e-36,"HAVANA","gene",NA,NA,"processed_pseudogene","AP000445.1","2",NA,"OTTHUMG00000167219.2"
"ENSG00000122756.15",522.235862556128,2.65379084212701,0.207421258680835,12.7942085541505,1.76642861351302e-37,2.51499538999729e-36,"HAVANA","gene",NA,NA,"protein_coding","CNTFR","2","HGNC:2170","OTTHUMG00000019821.6"
"ENSG00000268916.6",15.6856530242668,-5.67691225182038,0.443848341011598,-12.7902072110528,1.85977380974461e-37,2.64396923515918e-36,"HAVANA","gene",NA,NA,"protein_coding","CSAG3","2","HGNC:26237","OTTHUMG00000188381.2"
"ENSG00000182379.10",408.457454269209,-2.45320753212317,0.191853045734225,-12.7869094948933,1.94037782965354e-37,2.75692472771949e-36,"HAVANA","gene",NA,NA,"protein_coding","NXPH4","1","HGNC:8078","OTTHUMG00000171241.2"
"ENSG00000213401.10",52.2341101196236,-7.62370691055253,0.59668574816112,-12.7767538173108,2.21106869570196e-37,3.1359473419503e-36,"HAVANA","gene",NA,NA,"protein_coding","MAGEA12","2","HGNC:6799","OTTHUMG00000022650.5"
"ENSG00000236385.1",7.4688258434202,-3.5917161122378,0.281213643900011,-12.7721971893899,2.34441747032449e-37,3.32212484481651e-36,"HAVANA","gene",NA,NA,"lncRNA","AC026355.3","2",NA,"OTTHUMG00000157233.1"
"ENSG00000228983.9",1.41331489914006,2.92140864940551,0.228903753641861,12.7626070037117,2.65175295807285e-37,3.74986671255225e-36,"HAVANA","gene",NA,NA,"transcribed_unprocessed_pseudogene","SLC47A1P1","2","HGNC:51849","OTTHUMG00000130722.4"
"ENSG00000249742.2",1.34631999954186,2.73395777866124,0.214320061287337,12.7564249573252,2.8707679212105e-37,4.05120739632385e-36,"HAVANA","gene",NA,NA,"lncRNA","AC110772.1","1",NA,"OTTHUMG00000160309.2"
"ENSG00000236081.1",33.2089073565455,-3.73926313228532,0.293196112053207,-12.7534540144473,2.98232710842878e-37,4.20616107638572e-36,"HAVANA","gene",NA,NA,"lncRNA","ELFN1-AS1","2","HGNC:39071","OTTHUMG00000151496.1"
"ENSG00000166509.12",10214.1089219787,-5.85267244523224,0.459225290553901,-12.7446649076599,3.3382205954306e-37,4.69841800020799e-36,"HAVANA","gene",NA,NA,"protein_coding","CLEC3A","2","HGNC:2052","OTTHUMG00000137620.5"
"ENSG00000286288.1",56.9274794262385,2.21209954546209,0.173623916175467,12.7407536599192,3.50987727652491e-37,4.93711744915762e-36,"HAVANA","gene",NA,NA,"lncRNA","AL109809.4","2",NA,"OTTHUMG00000031681.10"
"ENSG00000230435.1",5.40591884420663,2.30548080803843,0.180960618926699,12.7402349843438,3.53329011263345e-37,4.96859199578129e-36,"HAVANA","gene",NA,NA,"lncRNA","AC004160.2","1",NA,"OTTHUMG00000152344.1"
"ENSG00000233589.1",3.31214712274498,-3.27563521331267,0.257132116067314,-12.7391135086958,3.58444514889066e-37,5.0375701696495e-36,"HAVANA","gene",NA,NA,"lncRNA","AL138789.1","1",NA,"OTTHUMG00000009204.1"
"ENSG00000139144.11",382.737055852423,2.58659411354158,0.203139237375104,12.7331093045571,3.87110383481808e-37,5.43884412686611e-36,"HAVANA","gene",NA,NA,"protein_coding","PIK3C2G","1","HGNC:8973","OTTHUMG00000168841.7"
"ENSG00000125820.6",32.5915855833514,-5.68934523218922,0.447400836661042,-12.7164385177481,4.79208735017655e-37,6.71705397738321e-36,"HAVANA","gene",NA,NA,"protein_coding","NKX2-2","2","HGNC:7835","OTTHUMG00000170524.22"
"ENSG00000256940.2",7.15320016941479,-2.06539593550199,0.162487791077078,-12.7110838408914,5.13181956052842e-37,7.17855401882969e-36,"HAVANA","gene",NA,NA,"lncRNA","PPP1R14B-AS1","2","HGNC:54233","OTTHUMG00000167815.3"
"ENSG00000135824.12",19.7108071889725,-2.1921512320565,0.172507737173179,-12.7075531102458,5.36881887341843e-37,7.50350385721928e-36,"HAVANA","gene",NA,NA,"protein_coding","RGS8","2","HGNC:16810","OTTHUMG00000035219.6"
"ENSG00000287063.1",3.70750129075094,2.24895122255981,0.177296486663432,12.6846914165257,7.18964501381839e-37,1.00147043922864e-35,"HAVANA","gene",NA,NA,"lncRNA","AL356489.3","2",NA,"OTTHUMG00000195012.1"
"ENSG00000275612.1",2.61682139843791,2.93451427695367,0.231398890458944,12.6816263947226,7.47642474469465e-37,1.04005664784646e-35,"HAVANA","gene",NA,NA,"lncRNA","AC104237.2","2",NA,"OTTHUMG00000188330.1"
"ENSG00000131095.13",95.4493896658658,2.3891228798331,0.188447749002988,12.6779061701354,7.83982206263638e-37,1.08997642199916e-35,"HAVANA","gene",NA,NA,"protein_coding","GFAP","1","HGNC:4235","OTTHUMG00000179866.10"
"ENSG00000130700.7",67.0887289324898,-4.26291086347762,0.336646372390104,-12.6628747941409,9.4957235164208e-37,1.31561629170538e-35,"HAVANA","gene",NA,NA,"protein_coding","GATA5","2","HGNC:15802","OTTHUMG00000032919.3"
"ENSG00000116147.17",59.2846643171506,-2.34388029699563,0.185156305780452,-12.6589277481852,9.98538653257925e-37,1.38185981737687e-35,"HAVANA","gene",NA,NA,"protein_coding","TNR","2","HGNC:11953","OTTHUMG00000034876.7"
"ENSG00000260132.1",6.48260377008931,-3.03989958484061,0.240457670286967,-12.6421402204086,1.23641950653825e-36,1.70662225751218e-35,"HAVANA","gene",NA,NA,"lncRNA","AL032819.1","2",NA,"OTTHUMG00000176550.1"
"ENSG00000258387.1",8.19618101170165,-4.4831512433021,0.35471827250933,-12.6386250462589,1.2929514727488e-36,1.78208587627719e-35,"HAVANA","gene",NA,NA,"processed_pseudogene","AL358913.1","1",NA,"OTTHUMG00000170708.1"
"ENSG00000130487.9",1197.15905767428,-2.60113908140192,0.205848992826867,-12.636151606482,1.33426253844718e-36,1.83743944285726e-35,"HAVANA","gene",NA,NA,"protein_coding","KLHDC7B","2","HGNC:25145","OTTHUMG00000150250.6"
"ENSG00000185897.7",3.77244326955502,2.21317435061685,0.175156727144799,12.6353945217716,1.34716754306873e-36,1.85414527401387e-35,"HAVANA","gene",NA,NA,"protein_coding","FFAR3","2","HGNC:4499","OTTHUMG00000172514.3"
"ENSG00000188816.3",10.8013810390717,-5.11064291837907,0.404591160070734,-12.631622790487,1.41333108909042e-36,1.94353307917112e-35,"HAVANA","gene",NA,NA,"protein_coding","HMX2","2","HGNC:5018","OTTHUMG00000019198.1"
"ENSG00000186479.5",37.9980721716113,2.14264675985475,0.16963329878239,12.631050479089,1.42364887852212e-36,1.95715976384489e-35,"HAVANA","gene",NA,NA,"protein_coding","RGS7BP","2","HGNC:23271","OTTHUMG00000162293.2"
"ENSG00000188525.4",13.4546746603784,3.20218162913411,0.253589334647109,12.6274302252901,1.49067260913834e-36,2.04753797889386e-35,"HAVANA","gene",NA,NA,"lncRNA","AC010969.1","2",NA,"OTTHUMG00000119005.3"
"ENSG00000137571.11",95.8180592883483,-2.22247956188587,0.176077773244139,-12.6221471395161,1.59414676707993e-36,2.18903902581827e-35,"HAVANA","gene",NA,NA,"protein_coding","SLCO5A1","1","HGNC:19046","OTTHUMG00000165121.5"
"ENSG00000105255.11",39.2742985851918,-2.69692191024505,0.213771103184318,-12.6159329772448,1.72502554243721e-36,2.36401526711003e-35,"HAVANA","gene",NA,NA,"protein_coding","FSD1","2","HGNC:13745","OTTHUMG00000181881.6"
"ENSG00000167653.5",435.663994389809,-2.91515297028652,0.23123000800757,-12.6071568106813,1.92824501836114e-36,2.63723148243455e-35,"HAVANA","gene",NA,NA,"protein_coding","PSCA","2","HGNC:9500","OTTHUMG00000162077.3"
"ENSG00000234235.1",7.12155278604933,2.79225078010166,0.221507082770203,12.605695245413,1.96432742565555e-36,2.68504784488323e-35,"HAVANA","gene",NA,NA,"lncRNA","BOK-AS1","1","HGNC:35125","OTTHUMG00000151556.1"
"ENSG00000258679.1",3.14786560350971,-3.01892399207891,0.239512357698784,-12.6044602503374,1.99533887582869e-36,2.72588210838189e-35,"HAVANA","gene",NA,NA,"transcribed_processed_pseudogene","AC121758.2","1",NA,"OTTHUMG00000170894.1"
"ENSG00000276272.1",6.11355218714832,-2.15946330742786,0.171391362705879,-12.5996040485055,2.12207111733182e-36,2.89321425824933e-35,"HAVANA","gene",NA,NA,"lncRNA","AC024884.2","2",NA,"OTTHUMG00000187926.1"
"ENSG00000081138.14",100.798626300577,-3.54893190721769,0.281672744423784,-12.5994863808272,2.12523915183238e-36,2.89591034596955e-35,"HAVANA","gene",NA,NA,"protein_coding","CDH7","2","HGNC:1766","OTTHUMG00000132800.4"
"ENSG00000196427.13",123.611538254856,-3.17498346554626,0.252008398528983,-12.5987208524763,2.14596498386256e-36,2.92332051114174e-35,"HAVANA","gene",NA,NA,"protein_coding","NBPF4","2","HGNC:26550","OTTHUMG00000011318.5"
"ENSG00000239265.5",9.90810065812271,-3.06287328015521,0.243146086254747,-12.5968438453342,2.19763686008075e-36,2.99200858103066e-35,"HAVANA","gene",NA,NA,"lncRNA","CLRN1-AS1","2","HGNC:30895","OTTHUMG00000159846.2"
"ENSG00000106809.11",2034.57016351135,2.38231038865189,0.189139344629024,12.5955305244635,2.23452449776184e-36,3.04136558772074e-35,"HAVANA","gene",NA,NA,"protein_coding","OGN","2","HGNC:8126","OTTHUMG00000020224.4"
"ENSG00000152669.9",745.313739921677,-2.46709207436443,0.195908116320702,-12.5931080380855,2.30418725861094e-36,3.13173366127802e-35,"HAVANA","gene",NA,NA,"protein_coding","CCNO","2","HGNC:18576","OTTHUMG00000162598.2"
"ENSG00000128683.14",118.245776381098,-2.84148765149365,0.225653992725866,-12.5922329898483,2.32987786512781e-36,3.16485535917985e-35,"HAVANA","gene",NA,NA,"protein_coding","GAD1","2","HGNC:4092","OTTHUMG00000044175.9"
"ENSG00000159387.8",157.23215788645,2.43533805470844,0.193405393495939,12.5918828357782,2.34023762998393e-36,3.1780267815343e-35,"HAVANA","gene",NA,NA,"protein_coding","IRX6","2","HGNC:14675","OTTHUMG00000172239.4"
"ENSG00000262188.2",12.2560559817107,-2.14845052052589,0.170664799126854,-12.5887150221819,2.43606668505746e-36,3.30628767368564e-35,"HAVANA","gene",NA,NA,"lncRNA","LINC01978","2","HGNC:52806","OTTHUMG00000177488.2"
"ENSG00000105880.7",126.587629817478,-2.30156765954282,0.183030081660668,-12.5748054017145,2.90514768261348e-36,3.9295772296446e-35,"HAVANA","gene",NA,NA,"protein_coding","DLX5","2","HGNC:2918","OTTHUMG00000154200.7"
"ENSG00000263257.3",5.60083389556876,2.65655203587535,0.211357363788758,12.5690062946208,3.12628584641782e-36,4.22392427811274e-35,"HAVANA","gene",NA,NA,"lncRNA","AC040173.1","1",NA,"OTTHUMG00000177424.4"
"ENSG00000224715.1",14.6680875082077,-4.11893136114391,0.327957633854742,-12.5593397925546,3.53268142108107e-36,4.76628462078271e-35,"HAVANA","gene",NA,NA,"lncRNA","Z82186.1","2",NA,"OTTHUMG00000150328.1"
"ENSG00000287692.1",22.8712349329635,2.44848124390013,0.194960743662909,12.5588423489685,3.55495979048242e-36,4.7936426558405e-35,"HAVANA","gene",NA,NA,"lncRNA","AC053545.1","2",NA,"OTTHUMG00000195568.1"
"ENSG00000205231.1",4.85879284330891,2.03780631423484,0.162278998186007,12.5574247870268,3.61921509067211e-36,4.87479884717743e-35,"HAVANA","gene",NA,NA,"lncRNA","TTLL10-AS1","2","HGNC:41159","OTTHUMG00000000850.1"
"ENSG00000180549.8",34.0336155461046,-2.03546484103507,0.162167208902163,-12.551642559644,3.89348734916322e-36,5.23539093175442e-35,"HAVANA","gene",NA,NA,"protein_coding","FUT7","2","HGNC:4018","OTTHUMG00000020964.2"
"ENSG00000228607.2",6.17504431325656,-4.11965378807659,0.328494496696954,-12.5410131052426,4.45266434025036e-36,5.98057607349018e-35,"HAVANA","gene",NA,NA,"protein_coding","CLDN25","2","HGNC:37218","OTTHUMG00000168193.1"
"ENSG00000204338.8",201.421118009442,-2.21760579184863,0.176896552490261,-12.5361730380287,4.73305812012436e-36,6.35362327080858e-35,"HAVANA","gene",NA,NA,"transcribed_unprocessed_pseudogene","CYP21A1P","2","HGNC:2599","OTTHUMG00000031026.3"
"ENSG00000231768.2",47.4799804217027,2.02118392226082,0.161262529006194,12.5335000927784,4.89535634950639e-36,6.56597208020299e-35,"HAVANA","gene",NA,NA,"lncRNA","LINC01354","2","HGNC:50581","OTTHUMG00000037976.8"
"ENSG00000244681.1",1.09814222379085,3.03262198568083,0.241997180588306,12.5316418080095,5.01143651474806e-36,6.71790496422998e-35,"HAVANA","gene",NA,NA,"transcribed_processed_pseudogene","MTHFD2P1","1","HGNC:48859","OTTHUMG00000159027.1"
"ENSG00000175175.6",168.594635323776,-2.30926276196496,0.184349221663443,-12.5265663783537,5.34260454796829e-36,7.15383409427503e-35,"HAVANA","gene",NA,NA,"protein_coding","PPM1E","2","HGNC:19322","OTTHUMG00000179248.3"
"ENSG00000283031.2",11.8296695380719,2.01979940391791,0.16131934526049,12.5205033572163,5.76682620689222e-36,7.71109806229992e-35,"HAVANA","gene",NA,NA,"lncRNA","AC009242.1","2",NA,"OTTHUMG00000191610.2"
"ENSG00000168824.14",204.764824277413,2.23016670905613,0.178412032930576,12.5000913471119,7.45655564244962e-36,9.94553398746552e-35,"HAVANA","gene",NA,NA,"protein_coding","NSG1","1","HGNC:18790","OTTHUMG00000160002.3"
"ENSG00000276397.2",5.38641339393447,-3.46716712337681,0.277455528245368,-12.4962985791028,7.82087194372417e-36,1.04169578766701e-34,"HAVANA","gene",NA,NA,"lncRNA","LINC01879","2","HGNC:52698","OTTHUMG00000132860.5"
"ENSG00000203812.2",7.37314644294556,-2.75219941985509,0.220321664754273,-12.4917330437052,8.28294681608985e-36,1.1020160565367e-34,"HAVANA","gene",NA,NA,"protein_coding","H2AC18","2","HGNC:4736","OTTHUMG00000188678.1"
"ENSG00000157303.11",3247.66340882678,-2.1036524242177,0.168583246120114,-12.4784192535886,9.79111750472425e-36,1.30014534271435e-34,"HAVANA","gene",NA,NA,"protein_coding","SUSD3","2","HGNC:28391","OTTHUMG00000020241.4"
"ENSG00000284948.1",9.77655138410093,-2.74747884013757,0.220410715811526,-12.4652688959413,1.15481594616503e-35,1.53091400057461e-34,"HAVANA","gene",NA,NA,"lncRNA","AC107959.4","2",NA,"OTTHUMG00000192449.1"
"ENSG00000186297.12",13.9776746470755,-4.8342324213892,0.388028373575802,-12.458450852035,1.2579039055155e-35,1.66389221737293e-34,"HAVANA","gene",NA,NA,"protein_coding","GABRA5","2","HGNC:4079","OTTHUMG00000171824.6"
"ENSG00000160349.10",3.13277250208312,-3.36491494360146,0.27043344708183,-12.4426729752229,1.5328696959852e-35,2.02146400040328e-34,"HAVANA","gene",NA,NA,"protein_coding","LCN1","2","HGNC:6525","OTTHUMG00000020908.1"
"ENSG00000285570.1",14.8855936283985,-2.16212592048972,0.173875401928747,-12.4349154423565,1.6891945123222e-35,2.22516659569306e-34,"HAVANA","gene",NA,NA,"lncRNA","AL590666.4","2",NA,"OTTHUMG00000193260.1"
"ENSG00000177238.14",77.1562975870547,-2.73141722142116,0.219922900155926,-12.4198854211389,2.03853239716916e-35,2.67871879178208e-34,"HAVANA","gene",NA,NA,"protein_coding","TRIM72","2","HGNC:32671","OTTHUMG00000176754.3"
"ENSG00000152969.20",8.68492705623803,-2.5723648199682,0.207175011485083,-12.4163855550379,2.12967681945039e-35,2.79541962794159e-34,"HAVANA","gene",NA,NA,"protein_coding","JAKMIP1","2","HGNC:26460","OTTHUMG00000193376.2"
"ENSG00000197061.5",13.9838919186671,-2.97541223879308,0.239731254688238,-12.4114489896718,2.26515914021239e-35,2.9708123297995e-34,"HAVANA","gene",NA,NA,"protein_coding","H4C3","2","HGNC:4787","OTTHUMG00000014429.2"
"ENSG00000186086.18",83.4874229479615,-3.12524419049005,0.251868877911139,-12.4082189765131,2.35840595315745e-35,3.09056972690846e-34,"HAVANA","gene",NA,NA,"protein_coding","NBPF6","2","HGNC:31988","OTTHUMG00000039830.5"
"ENSG00000197561.7",8.76814074301816,2.42931883984104,0.195923598651846,12.3993171652482,2.63559926113132e-35,3.44627621727078e-34,"HAVANA","gene",NA,NA,"protein_coding","ELANE","2","HGNC:3309","OTTHUMG00000181839.6"
"ENSG00000283503.2",2.70980539817392,2.54417316154267,0.205619459407868,12.3732119949603,3.64930630693852e-35,4.74974912158175e-34,"HAVANA","gene",NA,NA,"lncRNA","LINC01902","2","HGNC:52721","OTTHUMG00000191634.2"
"ENSG00000034239.11",72.7884065966877,2.3281667036923,0.188178156379092,12.3721411054858,3.69829655448508e-35,4.80959250611782e-34,"HAVANA","gene",NA,NA,"protein_coding","EFCAB1","2","HGNC:25678","OTTHUMG00000164203.4"
"ENSG00000166573.6",5.89742398995957,2.74023296867992,0.221574788006203,12.3670792752974,3.9388516527155e-35,5.11687588616051e-34,"HAVANA","gene",NA,NA,"protein_coding","GALR1","2","HGNC:4132","OTTHUMG00000132875.4"
"ENSG00000264647.1",6.45708051523127,-3.33463079977936,0.269644082884887,-12.3667864842521,3.95323220759191e-35,5.13277385001974e-34,"HAVANA","gene",NA,NA,"lncRNA","AC104564.4","2",NA,"OTTHUMG00000179725.1"
"ENSG00000136574.18",60.3741637161531,-4.62410792613775,0.373979895170483,-12.3645896099035,4.06280976779404e-35,5.27076133157358e-34,"HAVANA","gene",NA,NA,"protein_coding","GATA4","1","HGNC:4173","OTTHUMG00000090800.4"
"ENSG00000105613.10",116.309044259571,-2.06668564430746,0.167151875481225,-12.3641187893198,4.08668359431857e-35,5.29985742963579e-34,"HAVANA","gene",NA,NA,"protein_coding","MAST1","2","HGNC:19034","OTTHUMG00000180514.4"
"ENSG00000226876.3",12.3417463144052,-3.57016528632041,0.288752453668747,-12.3641037191534,4.08745005270387e-35,5.29985742963579e-34,"HAVANA","gene",NA,NA,"lncRNA","SMYD3-AS1","1","HGNC:40708","OTTHUMG00000040511.2"
"ENSG00000218358.2",12.1912064229147,-2.4502935972442,0.198208212612637,-12.3622203386338,4.18437044844412e-35,5.42112461289772e-34,"HAVANA","gene",NA,NA,"transcribed_unprocessed_pseudogene","RAET1K","2","HGNC:16797","OTTHUMG00000015815.2"
"ENSG00000130287.14",62.0107968033507,-4.24900801883512,0.344207354766136,-12.3443266391621,5.22697195365958e-35,6.75179903747184e-34,"HAVANA","gene",NA,NA,"protein_coding","NCAN","1","HGNC:2465","OTTHUMG00000182218.6"
"ENSG00000234457.1",0.600584506463326,2.3561401288959,0.190935910899272,12.3399528030056,5.51882241107209e-35,7.12494696077779e-34,"HAVANA","gene",NA,NA,"processed_pseudogene","AC006960.1","2",NA,"OTTHUMG00000154942.1"
"ENSG00000196557.13",2163.71114849107,-2.32621568875487,0.188548524331056,-12.3374908236909,5.69016461198028e-35,7.34417528448209e-34,"HAVANA","gene",NA,NA,"protein_coding","CACNA1H","1","HGNC:1395","OTTHUMG00000172992.5"
"ENSG00000267603.1",5.95186300895591,4.11214933934949,0.333469690501411,12.3314035922317,6.13683442557675e-35,7.90790041230183e-34,"HAVANA","gene",NA,NA,"lncRNA","LINC01028","2","HGNC:49014","OTTHUMG00000180348.1"
"ENSG00000108342.13",27.0853050402156,3.70363739388187,0.300530132018062,12.3236807205052,6.7539772739788e-35,8.69145987634501e-34,"HAVANA","gene",NA,NA,"protein_coding","CSF3","2","HGNC:2438","OTTHUMG00000133247.3"
"ENSG00000249752.1",1.4802995221075,2.60048770253175,0.211077126128721,12.3200829489497,7.06216124539294e-35,9.0782974313597e-34,"HAVANA","gene",NA,NA,"lncRNA","AC108156.1","2",NA,"OTTHUMG00000161392.1"
"ENSG00000204624.8",91.5277810179438,-2.27341282333457,0.184670278958862,-12.3106589547147,7.93724758755834e-35,1.01813529295829e-33,"HAVANA","gene",NA,NA,"protein_coding","DISP3","2","HGNC:29251","OTTHUMG00000002074.3"
"ENSG00000178445.10",455.025022226961,-2.88149956219171,0.234211009160519,-12.3030064748871,8.72644619962348e-35,1.11727428493843e-33,"HAVANA","gene",NA,NA,"protein_coding","GLDC","2","HGNC:4313","OTTHUMG00000019524.4"
"ENSG00000248779.1",287.304345717182,-4.45927703545173,0.362535449025823,-12.300251044234,9.0293069520302e-35,1.15543294890963e-33,"HAVANA","gene",NA,NA,"lncRNA","AC093297.1","2",NA,"OTTHUMG00000162208.1"
"ENSG00000236961.1",0.984616596233748,4.24917225707901,0.34549402197779,12.2988300427154,9.18955335887998e-35,1.17562483691306e-33,"HAVANA","gene",NA,NA,"lncRNA","AL136131.2","2",NA,"OTTHUMG00000014749.1"
"ENSG00000285831.1",2.1012112916688,3.02246159625278,0.245776025007151,12.2976258411081,9.3275607862603e-35,1.19264328067716e-33,"HAVANA","gene",NA,NA,"lncRNA","AC027329.1","2",NA,"OTTHUMG00000193379.1"
"ENSG00000265112.1",4.0819611747608,-2.80277637245025,0.227974497180903,-12.2942539937973,9.72504275859557e-35,1.24313446788771e-33,"ENSEMBL","gene",NA,NA,"miRNA","MIR3153","3","HGNC:38289",NA
"ENSG00000163833.8",3.2785863288747,2.8731800162902,0.23387232533873,12.2852501343578,1.08708263888889e-34,1.38626907716707e-33,"HAVANA","gene",NA,NA,"protein_coding","FBXO40","2","HGNC:29816","OTTHUMG00000159410.3"
"ENSG00000254654.2",3.19230038540981,-3.1809621203862,0.258935101238937,-12.2847852808141,1.09334927834045e-34,1.39388940727224e-33,"HAVANA","gene",NA,NA,"lncRNA","LINC02685","2","HGNC:27350","OTTHUMG00000166477.6"
"ENSG00000286695.1",1.15057969691486,2.7863454108568,0.22700494847443,12.2743818123007,1.24337855202701e-34,1.58305252265782e-33,"HAVANA","gene",NA,NA,"lncRNA","AC026316.5","2",NA,"OTTHUMG00000195657.1"
"ENSG00000249231.8",28.2495039532838,-3.47364365536153,0.283150601254975,-12.2678307584929,1.34816982129241e-34,1.71328424769547e-33,"HAVANA","gene",NA,NA,"lncRNA","CASC16","2","HGNC:48608","OTTHUMG00000173223.5"
"ENSG00000286502.1",29.5875661439747,-2.81474134598304,0.229617830014956,-12.2583744729218,1.51508655879443e-34,1.92285555051235e-33,"HAVANA","gene",NA,NA,"lncRNA","AL645768.1","2",NA,"OTTHUMG00000194689.1"
"ENSG00000253227.2",9.88712321600205,-2.7952184702622,0.228123711458881,-12.2530816826818,1.61731257033824e-34,2.05150768453548e-33,"HAVANA","gene",NA,NA,"lncRNA","AC090192.2","1",NA,"OTTHUMG00000165019.5"
"ENSG00000105894.12",2586.21750299724,2.34508703605221,0.191437908090612,12.2498571962154,1.68291996351105e-34,2.13247012567613e-33,"HAVANA","gene",NA,NA,"protein_coding","PTN","1","HGNC:9630","OTTHUMG00000155709.3"
"ENSG00000226004.1",6.45252911730898,-3.20249228041503,0.261539422772915,-12.2447784217817,1.79165729376674e-34,2.26965364739197e-33,"HAVANA","gene",NA,NA,"lncRNA","LINC02528","1","HGNC:53554","OTTHUMG00000015665.1"
"ENSG00000265554.2",1.36914653678922,3.07327456926126,0.251163809745546,12.236136139099,1.99296496822619e-34,2.51801032773515e-33,"HAVANA","gene",NA,NA,"lncRNA","AP005271.1","2",NA,"OTTHUMG00000178508.2"
"ENSG00000227589.1",3.71486105301056,-3.45016899275979,0.282209375901315,-12.2255647309403,2.2699865620506e-34,2.86197516283801e-33,"HAVANA","gene",NA,NA,"lncRNA","TP73-AS3","1","HGNC:40590","OTTHUMG00000041605.1"
"ENSG00000162892.16",40.43634493531,-2.0747631747499,0.16975274362658,-12.2222659288143,2.36402235832542e-34,2.97818330758273e-33,"HAVANA","gene",NA,NA,"protein_coding","IL24","2","HGNC:11346","OTTHUMG00000036459.4"
"ENSG00000163499.12",8.70493750922352,-3.97559896864958,0.325340453720662,-12.219811348954,2.43649447971524e-34,3.06625822230516e-33,"HAVANA","gene",NA,NA,"protein_coding","CRYBA2","2","HGNC:2395","OTTHUMG00000133084.4"
"ENSG00000100253.13",10.5228443237304,-2.23859498500946,0.183205026781902,-12.2190696638167,2.45882404493331e-34,3.09354674350722e-33,"HAVANA","gene",NA,NA,"protein_coding","MIOX","2","HGNC:14522","OTTHUMG00000150207.2"
"ENSG00000236751.2",9.64069435035076,2.862552522542,0.234304111447758,12.2172526331458,2.51439134789541e-34,3.160967973699e-33,"HAVANA","gene",NA,NA,"lncRNA","LINC01186","2","HGNC:49573","OTTHUMG00000021416.7"
"ENSG00000287446.1",12.340417272066,-3.35279215103214,0.274465870664053,-12.2156978677176,2.56292743824545e-34,3.22113991517155e-33,"HAVANA","gene",NA,NA,"lncRNA","AC007731.5","2",NA,"OTTHUMG00000194038.1"
"ENSG00000224885.1",12.6861153491181,-2.02778949929507,0.166076065440311,-12.2100044574085,2.74874113863202e-34,3.45105314339256e-33,"HAVANA","gene",NA,NA,"lncRNA","EIPR1-IT1","2","HGNC:41392","OTTHUMG00000151430.1"
"ENSG00000198251.7",40.7915620973236,-4.22228307490829,0.345821734889143,-12.2094207764639,2.76853084741073e-34,3.47407838919455e-33,"HAVANA","gene",NA,NA,"unprocessed_pseudogene","CYP2A7P2","2","HGNC:2613","OTTHUMG00000182829.2"
"ENSG00000260903.3",33.7480028408805,-3.77932034051187,0.309708567458152,-12.2028278763148,3.0021349041318e-34,3.75933829735898e-33,"HAVANA","gene",NA,NA,"protein_coding","XKR7","2","HGNC:23062","OTTHUMG00000032198.4"
"ENSG00000287975.1",12.3875269388399,-2.188661023848,0.179409757915911,-12.1992306843969,3.13774411483325e-34,3.92607261795929e-33,"HAVANA","gene",NA,NA,"lncRNA","AC113143.2","2",NA,"OTTHUMG00000195630.1"
"ENSG00000139219.19",3353.71508138706,-3.61559341040415,0.296838361987511,-12.1803441650721,3.95608915437417e-34,4.93326994758111e-33,"HAVANA","gene",NA,NA,"protein_coding","COL2A1","2","HGNC:2200","OTTHUMG00000149896.7"
"ENSG00000157168.20",516.184767542924,2.18486063767799,0.179398435327486,12.1788165749027,4.03088172686855e-34,5.02522881952308e-33,"HAVANA","gene",NA,NA,"protein_coding","NRG1","2","HGNC:7997","OTTHUMG00000163918.29"
"ENSG00000036473.8",2.50507096642717,3.33757098782018,0.27409440556817,12.1767205751673,4.13579517205501e-34,5.15200069404981e-33,"HAVANA","gene",NA,NA,"protein_coding","OTC","2","HGNC:8512","OTTHUMG00000022727.4"
"ENSG00000228705.2",8.49662520155047,-3.97134395080569,0.326231396607589,-12.1733959149942,4.30779877890614e-34,5.36069193499723e-33,"HAVANA","gene",NA,NA,"lncRNA","LINC00659","1","HGNC:44316","OTTHUMG00000032931.9"
"ENSG00000187045.19",506.523292809045,-2.5205479165431,0.207062833218311,-12.1728650060807,4.33591610920979e-34,5.39428046720958e-33,"HAVANA","gene",NA,NA,"protein_coding","TMPRSS6","1","HGNC:16517","OTTHUMG00000150541.5"
"ENSG00000197110.9",4.0962040768605,-4.14233672883647,0.340617335652915,-12.1612622002817,4.99804156118639e-34,6.20835289594088e-33,"HAVANA","gene",NA,NA,"protein_coding","IFNL3","2","HGNC:18365","OTTHUMG00000182805.2"
"ENSG00000233622.3",3660.17076032063,-2.79424643545558,0.229782006101692,-12.1604231891812,5.04964184911806e-34,6.27082273175859e-33,"HAVANA","gene",NA,NA,"transcribed_unitary_pseudogene","CYP2T1P","1","HGNC:18852","OTTHUMG00000154549.3"
"ENSG00000185610.6",18.882249519596,2.01603705263121,0.165905287640073,12.1517347717388,5.61611298665516e-34,6.96706300338293e-33,"HAVANA","gene",NA,NA,"protein_coding","DBX2","2","HGNC:33186","OTTHUMG00000169559.1"
"ENSG00000144130.11",8.21498881103376,-2.93933973724619,0.241898414650098,-12.1511327037752,5.65762770980035e-34,7.01674718034002e-33,"HAVANA","gene",NA,NA,"protein_coding","NT5DC4","1","HGNC:27678","OTTHUMG00000153308.1"
"ENSG00000162761.14",18.3038499931637,2.40966083168827,0.198523689428126,12.1379007141647,6.65105865257417e-34,8.23390749469841e-33,"HAVANA","gene",NA,NA,"protein_coding","LMX1A","2","HGNC:6653","OTTHUMG00000034575.3"
"ENSG00000225950.8",28.6899352789636,2.36140478415731,0.194618347396109,12.1335157540471,7.01708025527484e-34,8.6713519481614e-33,"HAVANA","gene",NA,NA,"protein_coding","NTF4","2","HGNC:8024","OTTHUMG00000191728.1"
"ENSG00000254951.7",9.57243929600052,2.87818420890133,0.237233767248065,12.1322703858247,7.12463450634293e-34,8.80199172766606e-33,"HAVANA","gene",NA,NA,"lncRNA","AC044810.2","2",NA,"OTTHUMG00000185711.1"
"ENSG00000224126.2",5.53662200488439,-2.19812652584111,0.181377623765044,-12.1190612172125,8.37125162149611e-34,1.03155006477849e-32,"HAVANA","gene",NA,NA,"processed_pseudogene","UBE2SP2","1","HGNC:32196","OTTHUMG00000059055.2"
"ENSG00000232756.1",11.4392438676533,-3.43509111385398,0.283603551991465,-12.1122993338157,9.09094606083472e-34,1.11908331391211e-32,"HAVANA","gene",NA,NA,"lncRNA","AC004990.1","1",NA,"OTTHUMG00000156495.1"
"ENSG00000165799.5",32.7848037702046,2.54500349603083,0.210151353724251,12.1103359599112,9.31120018952512e-34,1.14560760421199e-32,"HAVANA","gene",NA,NA,"protein_coding","RNASE7","2","HGNC:19278","OTTHUMG00000171358.2"
"ENSG00000008056.14",125.039518976265,-2.05640375577866,0.16981731725896,-12.1095056085639,9.40593759727641e-34,1.15696654758797e-32,"HAVANA","gene",NA,NA,"protein_coding","SYN1","2","HGNC:11494","OTTHUMG00000021454.5"
"ENSG00000196364.9",8.32114893209213,-3.49137202907059,0.288328676621209,-12.1090002908638,9.46405888067059e-34,1.1635182473003e-32,"HAVANA","gene",NA,NA,"transcribed_unprocessed_pseudogene","PRSS29P","1","HGNC:17542","OTTHUMG00000172997.2"
"ENSG00000224568.2",1.16969751127625,3.76509043422186,0.311038559034323,12.104899295802,9.94914033068937e-34,1.22221362370084e-32,"HAVANA","gene",NA,NA,"lncRNA","LINC01886","1","HGNC:52705","OTTHUMG00000153209.8"
"ENSG00000259683.1",27.8238255298431,2.03451311976376,0.168343569014343,12.085481682941,1.26029390107968e-33,1.54189685395116e-32,"HAVANA","gene",NA,NA,"unprocessed_pseudogene","AC243562.2","2",NA,"OTTHUMG00000172499.1"
"ENSG00000183709.8",3.98568105696591,-4.23618500710934,0.350670294154802,-12.0802505308285,1.34309877305888e-33,1.64152709737885e-32,"HAVANA","gene",NA,NA,"protein_coding","IFNL2","2","HGNC:18364","OTTHUMG00000182806.1"
"ENSG00000113763.12",484.364358220402,-2.30303590526658,0.190671579643705,-12.0785484106761,1.37119016084603e-33,1.67500562483767e-32,"HAVANA","gene",NA,NA,"protein_coding","UNC5A","1","HGNC:12567","OTTHUMG00000163225.4"
"ENSG00000223764.2",307.19124957474,-2.24657078229172,0.186121344767703,-12.0704628751509,1.51280975782213e-33,1.84565101851944e-32,"HAVANA","gene",NA,NA,"lncRNA","LINC02593","2","HGNC:53933","OTTHUMG00000040718.2"
"ENSG00000240423.3",2.48575281985284,2.48707866666884,0.206051898454674,12.0701565252306,1.51845211463499e-33,1.85206315713244e-32,"HAVANA","gene",NA,NA,"lncRNA","LINC00636","1","HGNC:27702","OTTHUMG00000159197.3"
"ENSG00000263639.7",423.923547300339,-2.97951358922715,0.246912510620558,-12.0670823108105,1.57624327006922e-33,1.9210840770546e-32,"HAVANA","gene",NA,NA,"protein_coding","MSMB","2","HGNC:7372","OTTHUMG00000188315.4"
"ENSG00000228221.6",405.655348893278,-2.51716484166105,0.208621660785944,-12.0656926619129,1.60307877949378e-33,1.95329359932724e-32,"HAVANA","gene",NA,NA,"lncRNA","LINC00578","2","HGNC:43807","OTTHUMG00000157222.13"
"ENSG00000139151.16",8.01778661880394,2.97268723862568,0.246427512551578,12.0631304834662,1.65375216386189e-33,2.01401286656388e-32,"HAVANA","gene",NA,NA,"protein_coding","PLCZ1","1","HGNC:19218","OTTHUMG00000168937.13"
"ENSG00000212232.1",105.358868569467,-3.06141349706616,0.253801980057205,-12.0622128179462,1.67228558774045e-33,2.03606613744968e-32,"ENSEMBL","gene",NA,NA,"snoRNA","SNORD17","3","HGNC:32713",NA
"ENSG00000224679.1",10.8400338836759,-4.78125033037652,0.396409777509417,-12.0613834512771,1.68921310974765e-33,2.05563119349784e-32,"HAVANA","gene",NA,NA,"unprocessed_pseudogene","MED15P4","2","HGNC:48653","OTTHUMG00000153622.1"
"ENSG00000253490.5",14.731608753093,-2.40685366319229,0.199680768251721,-12.0535076275256,1.85868569262771e-33,2.2555631087587e-32,"HAVANA","gene",NA,NA,"lncRNA","LINC02099","2","HGNC:52953","OTTHUMG00000163801.2"
"ENSG00000184925.12",159.558020217885,-2.01321973121695,0.167036347537892,-12.052584727167,1.87961869041973e-33,2.28038823646516e-32,"HAVANA","gene",NA,NA,"protein_coding","LCN12","2","HGNC:28733","OTTHUMG00000020968.6"
"ENSG00000115009.13",76.2783755677305,-2.3500790812572,0.195050768496639,-12.0485507407662,1.97389955156556e-33,2.39355928918011e-32,"HAVANA","gene",NA,NA,"protein_coding","CCL20","2","HGNC:10619","OTTHUMG00000133189.5"
"ENSG00000283662.1",7.31486525421389,-2.35022641818365,0.195102090062696,-12.0461365505024,2.0325544562424e-33,2.4628144663271e-32,"HAVANA","gene",NA,NA,"lncRNA","AC138904.3","2",NA,"OTTHUMG00000191760.1"
"ENSG00000237487.1",14.5224498477173,-2.90251545429444,0.24105228191886,-12.0410204424924,2.16263792418746e-33,2.61646421585407e-32,"HAVANA","gene",NA,NA,"processed_pseudogene","VN1R48P","2","HGNC:37368","OTTHUMG00000019943.1"
"ENSG00000218281.1",9.94791940236798,-3.32397540413023,0.276096357074026,-12.0391860267791,2.21126691975438e-33,2.67327272584992e-32,"HAVANA","gene",NA,NA,"unprocessed_pseudogene","H2AC9P","2","HGNC:18805","OTTHUMG00000014439.1"
"ENSG00000213088.12",1909.63886813054,2.33098819609212,0.193680873425026,12.0352007654202,2.32068787363565e-33,2.80414012675622e-32,"HAVANA","gene",NA,NA,"protein_coding","ACKR1","2","HGNC:4035","OTTHUMG00000037182.8"
"ENSG00000265480.5",6.28851503702451,-2.33749578891253,0.194303395860416,-12.0301334856327,2.46761483633516e-33,2.97717015383575e-32,"HAVANA","gene",NA,NA,"transcribed_unprocessed_pseudogene","KRT18P55","1","HGNC:26874","OTTHUMG00000179422.3"
"ENSG00000077935.17",120.643399441039,-2.30871519309204,0.191946018659981,-12.0279399865114,2.53404698900003e-33,3.05578130488275e-32,"HAVANA","gene",NA,NA,"protein_coding","SMC1B","2","HGNC:11112","OTTHUMG00000151334.4"
"ENSG00000153002.12",46356.7219719616,-4.41364681973269,0.366998013660089,-12.0263507034144,2.58328679159062e-33,3.11437519338467e-32,"HAVANA","gene",NA,NA,"protein_coding","CPB1","1","HGNC:2299","OTTHUMG00000159520.4"
"ENSG00000166535.20",612.919126071396,-3.20752732951573,0.266713499385759,-12.0261154268632,2.59065653238849e-33,3.12247432620711e-32,"HAVANA","gene",NA,NA,"protein_coding","A2ML1","2","HGNC:23336","OTTHUMG00000128499.9"
"ENSG00000272508.1",1.57709832215585,2.22744348391717,0.185252447172003,12.0238275818782,2.66341814475923e-33,3.20775171733068e-32,"HAVANA","gene",NA,NA,"lncRNA","AL136982.6","2",NA,"OTTHUMG00000185464.1"
"ENSG00000106541.12",33258.6034571585,-2.41520640556868,0.200878359291315,-12.023228455715,2.68280553319565e-33,3.22947771596491e-32,"HAVANA","gene",NA,NA,"protein_coding","AGR2","1","HGNC:328","OTTHUMG00000023446.5"
"ENSG00000235651.1",5.5405790581695,-2.04191525737852,0.169876851081771,-12.0199735536399,2.79060760768776e-33,3.35840267481337e-32,"HAVANA","gene",NA,NA,"processed_pseudogene","G3BP1P1","1","HGNC:54590","OTTHUMG00000150476.1"
"ENSG00000263934.5",144.383712524887,-2.3533245766392,0.195800635658298,-12.0189833333642,2.82424921759324e-33,3.39803566084611e-32,"HAVANA","gene",NA,NA,"snoRNA","SNORD3A","2","HGNC:33189","OTTHUMG00000178445.2"
"ENSG00000288048.1",13.5769931788125,2.46978112895082,0.205513021293205,12.0176381691512,2.87059577293341e-33,3.45119807983035e-32,"HAVANA","gene",NA,NA,"lncRNA","AC104088.3","2",NA,"OTTHUMG00000195836.1"
"ENSG00000223979.2",3.25646850471466,-3.10994219349045,0.258840935071765,-12.0148777573694,2.96808231969375e-33,3.56482386403929e-32,"HAVANA","gene",NA,NA,"lncRNA","SMCR2","2","HGNC:17914","OTTHUMG00000059291.2"
"ENSG00000175920.18",558.823373658001,-2.28904130741915,0.190631090975202,-12.0077018691401,3.23716243260645e-33,3.88605492724066e-32,"HAVANA","gene",NA,NA,"protein_coding","DOK7","1","HGNC:26594","OTTHUMG00000122087.8"
"ENSG00000265735.2",8.88140753643491,-3.40304251270051,0.283430027805295,-12.0066407185277,3.27895823848178e-33,3.93228758962858e-32,"ENSEMBL","gene",NA,NA,"misc_RNA","RN7SL5P","3","HGNC:10040",NA
"ENSG00000217159.2",4.43978698643206,-2.88181703121101,0.240101147002563,-12.0025125543455,3.44671599654594e-33,4.13243652138429e-32,"HAVANA","gene",NA,NA,"processed_pseudogene","LARP1P1","1","HGNC:23183","OTTHUMG00000014424.2"
"ENSG00000279208.1",3.83380125703758,2.15175244473132,0.179538953616377,11.9848779409119,4.26472043212125e-33,5.09660154409901e-32,"HAVANA","gene",NA,NA,"unprocessed_pseudogene","CR381653.2","2",NA,"OTTHUMG00000189443.1"
"ENSG00000136531.18",190.311930392674,2.21826798809065,0.185119181025952,11.982918116841,4.36677302183855e-33,5.2172592388101e-32,"HAVANA","gene",NA,NA,"protein_coding","SCN2A","2","HGNC:10588","OTTHUMG00000044172.14"
"ENSG00000122592.8",61.0534727043981,2.00897323623737,0.167674580365981,11.981382221756,4.4484426935899e-33,5.31086193495869e-32,"HAVANA","gene",NA,NA,"protein_coding","HOXA7","2","HGNC:5108","OTTHUMG00000023217.9"
"ENSG00000054356.14",89.0213091868508,-2.3234363453559,0.194011497741007,-11.9757662427695,4.76019206273728e-33,5.66892373168638e-32,"HAVANA","gene",NA,NA,"protein_coding","PTPRN","1","HGNC:9676","OTTHUMG00000133129.5"
"ENSG00000102287.19",832.823303638545,2.32707463293732,0.194431123138351,11.9686323638703,5.18766695249645e-33,6.17033574215752e-32,"HAVANA","gene",NA,NA,"protein_coding","GABRE","2","HGNC:4085","OTTHUMG00000024176.4"
"ENSG00000145063.15",43.3605020987823,-2.40966148732248,0.201388521985796,-11.9652374602185,5.40427614924342e-33,6.42478586377797e-32,"HAVANA","gene",NA,NA,"lncRNA","AC062028.1","2",NA,"OTTHUMG00000119056.5"
"ENSG00000285778.2",1.14253739705966,3.74061441302305,0.312699045236762,11.9623467676111,5.59577876339972e-33,6.64585425271394e-32,"HAVANA","gene",NA,NA,"lncRNA","AL591463.1","2",NA,"OTTHUMG00000192800.2"
"ENSG00000239622.1",2.69430516498511,2.08330262802677,0.174157116840716,11.9622020955489,5.60553811841542e-33,6.6557950744308e-32,"HAVANA","gene",NA,NA,"processed_pseudogene","AC005165.2","1",NA,"OTTHUMG00000157986.1"
"ENSG00000258675.2",4.3886371867779,2.0661957702925,0.172768134083704,11.9593568643362,5.80094541557494e-33,6.88269675235749e-32,"HAVANA","gene",NA,NA,"lncRNA","LINC02308","2","HGNC:53227","OTTHUMG00000171418.5"
"ENSG00000240280.7",69.2068138536884,-3.32603618148112,0.278154363983707,-11.9575193207321,5.93072604643285e-33,7.03145471132387e-32,"HAVANA","gene",NA,NA,"transcribed_unitary_pseudogene","TCAM1P","1","HGNC:30707","OTTHUMG00000154404.3"
"ENSG00000125879.5",21.0795895439957,-3.15553721592038,0.263933825009388,-11.9557893567,6.05554240783912e-33,7.17588515358823e-32,"HAVANA","gene",NA,NA,"protein_coding","OTOR","2","HGNC:8517","OTTHUMG00000031931.3"
"ENSG00000159337.7",20.7896561528572,-2.37663108539673,0.19892362546927,-11.947455108915,6.69438842969394e-33,7.90554965902481e-32,"HAVANA","gene",NA,NA,"protein_coding","PLA2G4D","2","HGNC:30038","OTTHUMG00000172587.3"
"ENSG00000108176.15",2563.42059866337,-2.07644086598918,0.173824507155088,-11.9456162998728,6.84411295629267e-33,8.07838018566105e-32,"HAVANA","gene",NA,NA,"protein_coding","DNAJC12","2","HGNC:28908","OTTHUMG00000018339.5"
"ENSG00000228868.3",2.36446743108425,2.77993432683978,0.232842039113297,11.9391426798453,7.39817990009727e-33,8.72162399147786e-32,"HAVANA","gene",NA,NA,"unprocessed_pseudogene","MYLKP1","2","HGNC:7591","OTTHUMG00000158822.1"
"ENSG00000272235.1",4.22203287480268,-2.45590110304165,0.205745228126527,-11.9366127001077,7.6266268189652e-33,8.98651477856918e-32,"HAVANA","gene",NA,NA,"lncRNA","AL590438.1","2",NA,"OTTHUMG00000185641.1"
"ENSG00000258231.5",2.5186517760329,2.5763756231673,0.215850429405164,11.9359300339,7.68945999005703e-33,9.0583237797795e-32,"HAVANA","gene",NA,NA,"lncRNA","AC020637.1","1",NA,"OTTHUMG00000169963.2"
"ENSG00000170075.9",78.918003359655,-2.08558678519509,0.174756883063687,-11.934218261578,7.84928280718284e-33,9.24205306689924e-32,"HAVANA","gene",NA,NA,"protein_coding","GPR37L1","2","HGNC:14923","OTTHUMG00000035924.3"
"ENSG00000187621.15",22.0433579497847,-2.94403979110339,0.246727539530186,-11.9323517622288,8.02731356375236e-33,9.44471004025971e-32,"HAVANA","gene",NA,NA,"lncRNA","TCL6","2","HGNC:13463","OTTHUMG00000149979.2"
"ENSG00000055118.16",315.589727423218,-2.313779164793,0.194068427052545,-11.9224914631092,9.03651259447486e-33,1.06112578039532e-31,"HAVANA","gene",NA,NA,"protein_coding","KCNH2","2","HGNC:6251","OTTHUMG00000158341.5"
"ENSG00000183206.17",35.6365196027723,-5.31921323349929,0.44631470202473,-11.9180775568638,9.52817873843506e-33,1.11803831339315e-31,"HAVANA","gene",NA,NA,"protein_coding","POTEC","2","HGNC:33894","OTTHUMG00000162963.4"
"ENSG00000287616.1",5.27934524554979,2.22745879338978,0.187000170197101,11.9115335084562,1.03064139340904e-32,1.20787742559264e-31,"HAVANA","gene",NA,NA,"lncRNA","AL357522.1","2",NA,"OTTHUMG00000195526.1"
"ENSG00000253821.2",4.08161629228161,-4.08925391119723,0.343438370190606,-11.9068056051155,1.09076393586696e-32,1.27740161738905e-31,"HAVANA","gene",NA,NA,"lncRNA","AC090796.1","2",NA,"OTTHUMG00000164272.2"
"ENSG00000274928.6",19.049061881343,-2.08994706615059,0.175541686840845,-11.9057023078822,1.10528790466295e-32,1.2940944162366e-31,"HAVANA","gene",NA,NA,"transcribed_unprocessed_pseudogene","KRT89P","2","HGNC:30196","OTTHUMG00000187921.4"
"ENSG00000131914.11",38.7981346255423,-4.76455709821171,0.400243195799228,-11.9041551442182,1.12597903315815e-32,1.31703260445818e-31,"HAVANA","gene",NA,NA,"protein_coding","LIN28A","2","HGNC:15986","OTTHUMG00000003550.3"
"ENSG00000178395.7",10.5277059843181,-2.91765874428679,0.245335482160271,-11.8925265868423,1.2943096072612e-32,1.50987030153114e-31,"HAVANA","gene",NA,NA,"protein_coding","CCDC185","2","HGNC:26654","OTTHUMG00000037987.2"
"ENSG00000096006.12",1090.46113121282,-3.64874585238419,0.306949652730827,-11.8871151015241,1.3809448456415e-32,1.60936676124263e-31,"HAVANA","gene",NA,NA,"protein_coding","CRISP3","2","HGNC:16904","OTTHUMG00000014823.3"
"ENSG00000179902.13",34.7822704423759,-2.0491663210282,0.172496551800173,-11.8794625147176,1.5133730992101e-32,1.76198554515567e-31,"HAVANA","gene",NA,NA,"protein_coding","C1orf194","1","HGNC:32331","OTTHUMG00000011735.3"
"ENSG00000249896.2",15.3277716537623,-2.74832924692157,0.23141598273115,-11.8761427559413,1.57467374321587e-32,1.83291105533218e-31,"HAVANA","gene",NA,NA,"transcribed_unprocessed_pseudogene","LINC02495","2","HGNC:27728","OTTHUMG00000160216.2"
"ENSG00000267503.1",15.6550761131649,-2.37121126433617,0.199695614845432,-11.8741278629054,1.61307545782407e-32,1.87669852317512e-31,"HAVANA","gene",NA,NA,"lncRNA","AP005131.3","2",NA,"OTTHUMG00000181952.1"
"ENSG00000266200.6",21.8547656400889,-3.28723810632866,0.277324150512576,-11.8534144979904,2.06597684758455e-32,2.39837535177552e-31,"HAVANA","gene",NA,NA,"polymorphic_pseudogene","PNLIPRP2","2","HGNC:9157","OTTHUMG00000181599.4"
"ENSG00000011677.13",51.1245008306421,-4.2509696031665,0.359032083925091,-11.8400828045591,2.42213707183498e-32,2.80504198964501e-31,"HAVANA","gene",NA,NA,"protein_coding","GABRA3","2","HGNC:4077","OTTHUMG00000024183.4"
"ENSG00000275344.1",1.64851266719754,2.1248008478952,0.179465447629981,11.8396096627808,2.43583977754315e-32,2.82022918661412e-31,"ENSEMBL","gene",NA,NA,"miRNA","MIR6503","3","HGNC:49968",NA
"ENSG00000156920.11",3.5633463767699,3.10716027328288,0.262491375408766,11.8371899588862,2.50712975176077e-32,2.89996587172521e-31,"HAVANA","gene",NA,NA,"protein_coding","ADGRG4","1","HGNC:18992","OTTHUMG00000022508.3"
"ENSG00000258894.1",6.25942361676435,-4.73110527472831,0.399909274448835,-11.830446496268,2.71692701848812e-32,3.13960379777535e-31,"HAVANA","gene",NA,NA,"processed_pseudogene","ARHGAP16P","1","HGNC:19921","OTTHUMG00000170709.1"
"ENSG00000258010.4",7.30365486347002,-3.59778913851988,0.304178303773441,-11.8278953294434,2.80076430781218e-32,3.23492328802511e-31,"HAVANA","gene",NA,NA,"lncRNA","AC016705.1","2",NA,"OTTHUMG00000169345.2"
"ENSG00000052850.8",235.911126687564,2.32244971921544,0.196572714212931,11.814710543701,3.27675503721037e-32,3.77559725427486e-31,"HAVANA","gene",NA,NA,"protein_coding","ALX4","2","HGNC:450","OTTHUMG00000166557.4"
"ENSG00000257940.1",0.618106321896639,3.60950085849117,0.305651190459346,11.809215769998,3.4980876214803e-32,4.02771876820767e-31,"HAVANA","gene",NA,NA,"lncRNA","AC079598.1","2",NA,"OTTHUMG00000169867.1"
"ENSG00000287852.1",6.00081185200901,-3.54601644785874,0.300311674210559,-11.8077875499855,3.55800799572487e-32,4.09474328789764e-31,"HAVANA","gene",NA,NA,"lncRNA","AL450326.3","2",NA,"OTTHUMG00000194800.1"
"ENSG00000286649.1",6.84890574641409,4.20220144969081,0.356270007030978,11.7949907844065,4.14245973778909e-32,4.75252025951809e-31,"HAVANA","gene",NA,NA,"lncRNA","AC006566.2","2",NA,"OTTHUMG00000194922.1"
"ENSG00000272583.1",10.86681284448,-2.69319924306313,0.228340345590803,-11.79467095968,4.15822694671097e-32,4.76946739327083e-31,"HAVANA","gene",NA,NA,"lncRNA","AL592494.2","2",NA,"OTTHUMG00000186402.1"
"ENSG00000260573.4",36.7569672462446,-3.06768292156994,0.260374589800342,-11.7818060661076,4.84438046297229e-32,5.53527946532322e-31,"HAVANA","gene",NA,NA,"lncRNA","AC007493.1","2",NA,"OTTHUMG00000173394.6"
"ENSG00000204832.10",448.614992924878,-2.42016149668698,0.205505528648054,-11.7766247585081,5.15148410740901e-32,5.87777098323328e-31,"HAVANA","gene",NA,NA,"lncRNA","ST8SIA6-AS1","2","HGNC:44880","OTTHUMG00000017746.5"
"ENSG00000249955.2",9.72809742965294,3.70236901069778,0.314425994353835,11.7750093096036,5.25113032216755e-32,5.98861351428344e-31,"HAVANA","gene",NA,NA,"lncRNA","AC084866.1","1",NA,"OTTHUMG00000160946.2"
"ENSG00000230873.9",611.581441598605,-2.36932927966361,0.201267761319112,-11.7720258035117,5.44022049102535e-32,6.198358233651e-31,"HAVANA","gene",NA,NA,"protein_coding","STMND1","2","HGNC:44668","OTTHUMG00000014304.5"
"ENSG00000137261.14",96.8765663225809,-2.43378760285152,0.206815908982434,-11.7678935572516,5.71333063754087e-32,6.50334214408608e-31,"HAVANA","gene",NA,NA,"protein_coding","KIAA0319","2","HGNC:21580","OTTHUMG00000014358.2"
"ENSG00000090932.11",39.1039583015367,-2.80271103773138,0.238203134037644,-11.7660544184463,5.83922082543404e-32,6.6434830146413e-31,"HAVANA","gene",NA,NA,"protein_coding","DLL3","2","HGNC:2909","OTTHUMG00000183067.3"
"ENSG00000154478.4",149.843545003061,-3.64039718227763,0.309566466788442,-11.7596625372395,6.29855329943189e-32,7.15588542982645e-31,"HAVANA","gene",NA,NA,"protein_coding","GPR26","2","HGNC:4481","OTTHUMG00000019204.2"
"ENSG00000133665.13",62.7123772952437,-2.17805273890992,0.185217638501573,-11.7594239756568,6.31637426054327e-32,7.17443079238094e-31,"HAVANA","gene",NA,NA,"protein_coding","DYDC2","2","HGNC:23468","OTTHUMG00000018610.4"
"ENSG00000201998.1",28.1840368490131,-4.04533934212555,0.344046559385763,-11.7581159635714,6.41497850442825e-32,7.28297678073833e-31,"ENSEMBL","gene",NA,NA,"snoRNA","SNORA23","3","HGNC:32613",NA
"ENSG00000013293.6",6.73020831186394,2.56952170024808,0.218901390203039,11.738261222849,8.11374279074426e-32,9.17897088794705e-31,"HAVANA","gene",NA,NA,"protein_coding","SLC7A14","1","HGNC:29326","OTTHUMG00000158941.3"
"ENSG00000231824.4",1.54228758120849,3.38607038732982,0.288738252477295,11.7271277992378,9.25459268421533e-32,1.04572531957726e-30,"HAVANA","gene",NA,NA,"protein_coding","AKAIN1","2","HGNC:28285","OTTHUMG00000178457.2"
"ENSG00000281327.2",9.58844859082628,-2.15564400020895,0.183871108242507,-11.723668937514,9.64044541230082e-32,1.08829816141219e-30,"HAVANA","gene",NA,NA,"lncRNA","LINC01338","2","HGNC:50547","OTTHUMG00000189588.2"
"ENSG00000170276.6",0.862491476031867,2.56953910054816,0.219275989819084,11.7182875456094,1.02727541413693e-31,1.15858674885358e-30,"HAVANA","gene",NA,NA,"protein_coding","HSPB2","2","HGNC:5247","OTTHUMG00000166886.2"
"ENSG00000235832.2",1.36384714189207,4.96610774833862,0.423907636688827,11.7150702618364,1.06702742764033e-31,1.20144028339009e-30,"HAVANA","gene",NA,NA,"processed_pseudogene","CNN2P3","1","HGNC:39528","OTTHUMG00000013328.2"
"ENSG00000166396.13",81.8595998458255,-2.93715830122575,0.250743737945226,-11.7137852585869,1.08332813128679e-31,1.21950777185033e-30,"HAVANA","gene",NA,NA,"protein_coding","SERPINB7","2","HGNC:13902","OTTHUMG00000060591.5"
"ENSG00000262406.3",367.495123999701,-2.68929090991849,0.229609481160545,-11.7124558460115,1.10045240881678e-31,1.23849365530683e-30,"HAVANA","gene",NA,NA,"protein_coding","MMP12","2","HGNC:7158","OTTHUMG00000165848.4"
"ENSG00000266559.1",0.547019648315587,2.58040848599118,0.220321977327082,11.7119885964005,1.10653469975713e-31,1.24504644117811e-30,"ENSEMBL","gene",NA,NA,"miRNA","MIR4530","3","HGNC:41764",NA
"ENSG00000168243.11",556.474437717711,-2.63320173958087,0.224932353339364,-11.7066384648013,1.17860329198002e-31,1.32489168744164e-30,"HAVANA","gene",NA,NA,"protein_coding","GNG4","2","HGNC:4407","OTTHUMG00000040740.4"
"ENSG00000250418.1",21.7245851607088,-6.5307974146742,0.558299387228762,-11.6976617995073,1.31013823158343e-31,1.47055905947231e-30,"HAVANA","gene",NA,NA,"lncRNA","AC093292.1","1",NA,"OTTHUMG00000162209.2"
"ENSG00000277775.2",7.15228266889982,-2.86170908665823,0.244747551693459,-11.6924932113007,1.39238123360243e-31,1.56044409127233e-30,"HAVANA","gene",NA,NA,"protein_coding","H3C7","2","HGNC:4773","OTTHUMG00000014435.2"
"ENSG00000177202.3",17.9532879946205,-2.0795084368954,0.177866904563761,-11.6913736256648,1.41086067309619e-31,1.58041465625528e-30,"HAVANA","gene",NA,NA,"protein_coding","SPACA4","2","HGNC:16441","OTTHUMG00000183316.2"
"ENSG00000229694.7",6.54881731858754,2.20820243748339,0.188907732151904,11.6893173843606,1.44543671886815e-31,1.61763310443759e-30,"HAVANA","gene",NA,NA,"lncRNA","LINC00484","2",NA,"OTTHUMG00000020205.4"
"ENSG00000131096.10",64.4289153998974,-2.6133382759543,0.223610347927485,-11.6870185131226,1.48508944217847e-31,1.6608458257416e-30,"HAVANA","gene",NA,NA,"protein_coding","PYY","2","HGNC:9748","OTTHUMG00000181801.1"
"ENSG00000117983.17",5202.19357610908,-2.87365269124995,0.245935590023108,-11.6845743675404,1.52843293811711e-31,1.70863371075223e-30,"HAVANA","gene",NA,NA,"protein_coding","MUC5B","2","HGNC:7516","OTTHUMG00000166494.4"
"ENSG00000286591.1",6.92490767300912,-2.25268414980845,0.192834961061,-11.68192809755,1.57677768082985e-31,1.76174017463988e-30,"HAVANA","gene",NA,NA,"lncRNA","AC006197.2","2",NA,"OTTHUMG00000195055.1"
"ENSG00000251189.1",2.5457762977005,2.01529572985139,0.172643999516536,11.6731293036244,1.74870288607008e-31,1.9520120053965e-30,"HAVANA","gene",NA,NA,"lncRNA","AC010425.1","2",NA,"OTTHUMG00000162106.1"
"ENSG00000260710.1",101.188767727752,-2.37646357885867,0.203596296035316,-11.6724303198839,1.76313314358814e-31,1.96720328153954e-30,"HAVANA","gene",NA,NA,"lncRNA","AC120498.4","2",NA,"OTTHUMG00000172999.1"
"ENSG00000166897.16",70.931361148213,-2.58369716412998,0.221367395296239,-11.6715343769231,1.78180255730555e-31,1.98757067568123e-30,"HAVANA","gene",NA,NA,"protein_coding","ELFN2","2","HGNC:29396","OTTHUMG00000150558.4"
"ENSG00000228358.6",4.90140503817283,-3.74296039744691,0.320725823103959,-11.6702807439165,1.80825529039385e-31,2.01567033417332e-30,"HAVANA","gene",NA,NA,"lncRNA","LINC02263","2","HGNC:53175","OTTHUMG00000059445.17"
"ENSG00000162706.13",158.378667924672,2.26359830748782,0.194287355770498,11.6507752061936,2.27380890647699e-31,2.52639574928833e-30,"HAVANA","gene",NA,NA,"protein_coding","CADM3","2","HGNC:17601","OTTHUMG00000037177.3"
"ENSG00000278902.1",2.53493681322342,-3.42197843542127,0.293746765463548,-11.6494165647108,2.31035137527242e-31,2.56640237396944e-30,"HAVANA","gene",NA,NA,"TEC","AC010947.1","2",NA,"OTTHUMG00000176207.1"
"ENSG00000229637.4",5.61310163620738,-4.93408311539363,0.423652119341954,-11.6465441576395,2.38953899423405e-31,2.65129257095306e-30,"HAVANA","gene",NA,NA,"protein_coding","PRAC2","2","HGNC:30143","OTTHUMG00000132085.4"
"ENSG00000170054.16",58.1739611940772,-2.66605764667563,0.228933951599809,-11.645531945109,2.41808136536938e-31,2.68234031523146e-30,"HAVANA","gene",NA,NA,"protein_coding","SERPINA9","2","HGNC:15995","OTTHUMG00000167710.5"
"ENSG00000206647.1",3.08407525707242,-3.41560519517941,0.29331700331688,-11.6447568894921,2.44016496337117e-31,2.70433271790684e-30,"ENSEMBL","gene",NA,NA,"snoRNA","AC007240.1","3",NA,NA
"ENSG00000250643.1",28.8417063096659,-2.58327135746996,0.221955059763367,-11.6387135315774,2.61936661029685e-31,2.89958073704534e-30,"HAVANA","gene",NA,NA,"lncRNA","AC083906.3","2",NA,"OTTHUMG00000159635.1"
"ENSG00000180176.15",34.506836212313,-3.03274163248109,0.260621594269004,-11.6365707952458,2.68599284124589e-31,2.97196113219608e-30,"HAVANA","gene",NA,NA,"protein_coding","TH","2","HGNC:11782","OTTHUMG00000009559.6"
"ENSG00000222881.1",2.58799519837401,-3.02915633401502,0.260344090497557,-11.6352029662968,2.72940111359416e-31,3.01790000813053e-30,"ENSEMBL","gene",NA,NA,"misc_RNA","Y_RNA","3",NA,NA
"ENSG00000271216.2",9.77161868761673,-2.65233689817112,0.228022942995458,-11.6318860871116,2.83757644178723e-31,3.13533872984378e-30,"HAVANA","gene",NA,NA,"lncRNA","LINC01050","2","HGNC:49044","OTTHUMG00000184191.2"
"ENSG00000130055.14",42.2462217248132,-2.44888956550884,0.210599176864962,-11.6282010308097,2.96275631730757e-31,3.27063721571903e-30,"HAVANA","gene",NA,NA,"protein_coding","GDPD2","2","HGNC:25974","OTTHUMG00000021776.1"
"ENSG00000251576.1",3.10144858348714,2.07453895864289,0.178446584928824,11.6255458711656,3.05633453183472e-31,3.37005724787575e-30,"HAVANA","gene",NA,NA,"lncRNA","LINC01267","2","HGNC:50320","OTTHUMG00000167093.1"
"ENSG00000212402.1",28.9771251873885,-4.48543575643053,0.385955746714829,-11.6216322586451,3.19964044591925e-31,3.52401778767795e-30,"ENSEMBL","gene",NA,NA,"snoRNA","SNORA74B","3","HGNC:32660",NA
"ENSG00000101188.5",20.4199400383987,-2.72579400949994,0.234909985649812,-11.6035680729357,3.9524827179658e-31,4.33524375040617e-30,"HAVANA","gene",NA,NA,"protein_coding","NTSR1","2","HGNC:8039","OTTHUMG00000032932.2"
"ENSG00000227507.3",573.918967529338,-2.08235594535834,0.179546476156325,-11.5978658558874,4.22482659027771e-31,4.62760498262928e-30,"HAVANA","gene",NA,NA,"protein_coding","LTB","2","HGNC:6711","OTTHUMG00000031136.5"
"ENSG00000157111.13",31.1665473871467,-2.24379349978459,0.193738204113192,-11.5815747857023,5.10986314098778e-31,5.58552459695926e-30,"HAVANA","gene",NA,NA,"protein_coding","TMEM171","2","HGNC:27031","OTTHUMG00000131269.4"
"ENSG00000180264.11",71.2028611938368,3.5887085661519,0.309947455653722,11.5784417671144,5.3000680708261e-31,5.78551518052582e-30,"HAVANA","gene",NA,NA,"protein_coding","ADGRD2","2","HGNC:18651","OTTHUMG00000020652.4"
"ENSG00000171450.6",15.1282722130873,-4.20696446328062,0.363525329875493,-11.5726859108318,5.66800400625968e-31,6.17870470853017e-30,"HAVANA","gene",NA,NA,"protein_coding","CDK5R2","2","HGNC:1776","OTTHUMG00000133083.3"
"ENSG00000130226.17",50.7193908818265,2.63028229154403,0.227325793537104,11.5705404592142,5.81154292972163e-31,6.33373570889361e-30,"HAVANA","gene",NA,NA,"protein_coding","DPP6","1","HGNC:3010","OTTHUMG00000151511.3"
"ENSG00000104332.12",14913.4022616761,2.54107330391611,0.219682069926909,11.5670491668326,6.05287630056545e-31,6.59225513889727e-30,"HAVANA","gene",NA,NA,"protein_coding","SFRP1","1","HGNC:10776","OTTHUMG00000164074.3"
"ENSG00000102109.9",266.291560461622,-2.93800355549435,0.254097569806117,-11.5625015923455,6.38219966274276e-31,6.94776609502398e-30,"HAVANA","gene",NA,NA,"protein_coding","PCSK1N","2","HGNC:17301","OTTHUMG00000034502.4"
"ENSG00000267432.6",13.586614229158,-3.36569298849961,0.291215739335082,-11.5573869605548,6.77387789449082e-31,7.36411368107681e-30,"HAVANA","gene",NA,NA,"lncRNA","DNAH17-AS1","1","HGNC:48594","OTTHUMG00000177638.4"
"ENSG00000180616.9",1040.67621771595,-2.06422987683538,0.178685903293961,-11.5522816225713,7.18862930997957e-31,7.80437865944077e-30,"HAVANA","gene",NA,NA,"protein_coding","SSTR2","1","HGNC:11331","OTTHUMG00000178343.4"
"ENSG00000235748.1",2.21656414006296,-3.08155357941947,0.26686262694664,-11.547340347645,7.61403262897546e-31,8.25499667920829e-30,"HAVANA","gene",NA,NA,"processed_pseudogene","SEPTIN14P12","1","HGNC:51699","OTTHUMG00000057657.1"
"ENSG00000228127.3",8.32402603757617,-2.83012063944033,0.245355126550687,-11.5347931760279,8.8098650445083e-31,9.53208297837382e-30,"HAVANA","gene",NA,NA,"lncRNA","LINC01649","2","HGNC:52436","OTTHUMG00000012009.10"
"ENSG00000279444.1",2.62655577463671,2.24098947382566,0.194314020461702,11.5328243865313,9.01372112091197e-31,9.75044883501676e-30,"HAVANA","gene",NA,NA,"TEC","AC135584.1","2",NA,"OTTHUMG00000169981.1"
"ENSG00000287301.1",3.80865876109119,-3.78216207927085,0.328091444687663,-11.5277680674405,9.55897979341382e-31,1.03332744111565e-29,"HAVANA","gene",NA,NA,"lncRNA","AC068075.2","2",NA,"OTTHUMG00000195570.1"
"ENSG00000228971.3",251.701226189821,2.73419462938791,0.237192731237286,11.5273120517873,9.60973578221736e-31,1.03857983606143e-29,"HAVANA","gene",NA,NA,"lncRNA","LINC02607","2","HGNC:54049","OTTHUMG00000010665.12"
"ENSG00000145721.12",8.47822799372833,-2.71689883996373,0.235700211518121,-11.5269257607554,9.65294042604482e-31,1.04301392830809e-29,"HAVANA","gene",NA,NA,"protein_coding","LIX1","2","HGNC:18581","OTTHUMG00000128720.5"
"ENSG00000228162.1",12.1608279696208,3.80983743748,0.330655789778965,11.5220648034827,1.02133769218522e-30,1.10257523282095e-29,"HAVANA","gene",NA,NA,"lncRNA","AC097713.1","1",NA,"OTTHUMG00000153158.1"
"ENSG00000174576.10",7.33744652672481,2.00452451109962,0.173976250557236,11.521828437383,1.02414369609796e-30,1.10535536111856e-29,"HAVANA","gene",NA,NA,"protein_coding","NPAS4","2","HGNC:18983","OTTHUMG00000167045.2"
"ENSG00000287760.1",7.30281301790474,-2.57781140429999,0.223911442121238,-11.512638121031,1.13938680007894e-30,1.22890638432648e-29,"HAVANA","gene",NA,NA,"lncRNA","AC099521.3","2",NA,"OTTHUMG00000195291.1"
"ENSG00000137077.8",986.140824714712,2.40197685097298,0.208664063817585,11.5112147584397,1.15835131234397e-30,1.24907970682871e-29,"HAVANA","gene",NA,NA,"protein_coding","CCL21","2","HGNC:10620","OTTHUMG00000019838.2"
"ENSG00000260695.1",5.74297455877094,-2.84447782307115,0.247574636019321,-11.4893749570096,1.49187429252214e-30,1.60187578114602e-29,"HAVANA","gene",NA,NA,"lncRNA","AC022164.1","2",NA,"OTTHUMG00000173313.1"
"ENSG00000206187.4",1.65416939349008,3.37148739345154,0.293525535146273,11.4861808931595,1.5480559498593e-30,1.66071116340706e-29,"HAVANA","gene",NA,NA,"lncRNA","LINC02346","2","HGNC:53268","OTTHUMG00000171719.11"
"ENSG00000161133.16",14.3850619340151,-2.53211102518987,0.220580244344507,-11.4793191598572,1.67595024775186e-30,1.79429667865456e-29,"HAVANA","gene",NA,NA,"protein_coding","USP41","2","HGNC:20070","OTTHUMG00000151317.5"
"ENSG00000228559.2",17.5748565668283,-2.69347296740636,0.235087530139413,-11.4573196026563,2.16099428950904e-30,2.30637639586496e-29,"HAVANA","gene",NA,NA,"lncRNA","AL033519.4","1",NA,"OTTHUMG00000014573.3"
"ENSG00000113389.16",1272.28157591313,2.00458774145644,0.174983742438879,11.455851346628,2.19792978733582e-30,2.34423010042874e-29,"HAVANA","gene",NA,NA,"protein_coding","NPR3","1","HGNC:7945","OTTHUMG00000150316.10"
"ENSG00000182393.3",8.49257558013742,-3.1166081650159,0.272074311741043,-11.454988694347,2.21992220987919e-30,2.36715942744963e-29,"HAVANA","gene",NA,NA,"protein_coding","IFNL1","2","HGNC:18363","OTTHUMG00000182807.2"
"ENSG00000233574.1",1.4129162766072,2.90023232459551,0.253219023496709,11.4534535539475,2.25960054340988e-30,2.40893328960319e-29,"HAVANA","gene",NA,NA,"lncRNA","AL020994.3","1",NA,"OTTHUMG00000150952.1"
"ENSG00000185467.7",27.5588440836027,-2.08403009815225,0.181999442930915,-11.4507498736869,2.33120076369318e-30,2.48360748473517e-29,"HAVANA","gene",NA,NA,"protein_coding","KPNA7","2","HGNC:21839","OTTHUMG00000154412.1"
"ENSG00000138083.5",143.468361053673,-3.01834930497215,0.263755757893286,-11.443728580869,2.52783256217976e-30,2.69070113428199e-29,"HAVANA","gene",NA,NA,"protein_coding","SIX3","2","HGNC:10889","OTTHUMG00000152424.3"
"ENSG00000122420.10",257.206120387602,2.06276431977384,0.180286686811243,11.4415787225238,2.59126828265873e-30,2.75699896562691e-29,"HAVANA","gene",NA,NA,"protein_coding","PTGFR","2","HGNC:9600","OTTHUMG00000009644.7"
"ENSG00000254290.1",91.1246265995671,-2.1323670187923,0.186578658389707,-11.4287831051846,3.00287485374218e-30,3.1885579397781e-29,"HAVANA","gene",NA,NA,"lncRNA","AC124067.4","2",NA,"OTTHUMG00000163998.1"
"ENSG00000182836.10",108.60917983675,2.27696673804739,0.199273757911657,11.4263250811821,3.0890735937223e-30,3.2771814852798e-29,"HAVANA","gene",NA,NA,"protein_coding","PLCXD3","2","HGNC:31822","OTTHUMG00000162076.2"
"ENSG00000269124.1",0.469564648134714,3.20362863417338,0.280444394714741,11.4234004834791,3.19483860249823e-30,3.38788661898385e-29,"HAVANA","gene",NA,NA,"lncRNA","AC007193.2","2",NA,"OTTHUMG00000183422.1"
"ENSG00000228723.6",13.0369147404495,-4.4384652922028,0.388884622004696,-11.4133216924922,3.58762161474946e-30,3.79600158044715e-29,"HAVANA","gene",NA,NA,"lncRNA","SRGAP3-AS2","2","HGNC:40899","OTTHUMG00000155019.4"
"ENSG00000043355.12",138.218082363995,-2.95322721783775,0.258768933621612,-11.4126034238567,3.61737656171533e-30,3.82663967921797e-29,"HAVANA","gene",NA,NA,"protein_coding","ZIC2","2","HGNC:12873","OTTHUMG00000017279.5"
"ENSG00000171916.17",28.6356412765921,-2.52587146831794,0.221896121959414,-11.3831257888316,5.07475895917427e-30,5.34472854987996e-29,"HAVANA","gene",NA,NA,"protein_coding","LGALS9C","2","HGNC:33874","OTTHUMG00000059251.7"
"ENSG00000207870.1",2.85297101710178,2.12869344196483,0.187025008418439,11.3818652380553,5.1486592410072e-30,5.42017719702604e-29,"ENSEMBL","gene",NA,NA,"miRNA","MIR221","3","HGNC:31601",NA
"ENSG00000234965.2",10.8437066286719,-2.57909332583902,0.226671946627416,-11.3780878675662,5.37656513379688e-30,5.65513140637121e-29,"HAVANA","gene",NA,NA,"protein_coding","SHISA8","2","HGNC:18351","OTTHUMG00000151273.5"
"ENSG00000233183.3",18.2959010780825,-2.01428701934539,0.177172262825012,-11.3690878426881,5.96072319715269e-30,6.25993529977171e-29,"HAVANA","gene",NA,NA,"lncRNA","AL138889.1","2",NA,"OTTHUMG00000014537.17"
"ENSG00000158516.12",8.33741319589056,2.37879038579553,0.209304729001763,11.3652013365426,6.23206102973059e-30,6.53915996352152e-29,"HAVANA","gene",NA,NA,"protein_coding","CPA2","2","HGNC:2297","OTTHUMG00000157019.3"
"ENSG00000130720.13",191.895384669625,-2.65650048490988,0.233762323280108,-11.3641088419826,6.31051709814049e-30,6.62003227878062e-29,"HAVANA","gene",NA,NA,"protein_coding","FIBCD1","1","HGNC:25922","OTTHUMG00000020814.5"
"ENSG00000260347.1",0.774054578540195,2.27071056525353,0.199920968949967,11.3580410158066,6.76444871051029e-30,7.08381940372783e-29,"HAVANA","gene",NA,NA,"processed_pseudogene","MOCS1P1","1","HGNC:7191","OTTHUMG00000175420.1"
"ENSG00000182631.7",3.76300307947976,-2.52736913664824,0.222704822615145,-11.3485155236884,7.54324753882184e-30,7.88904146660018e-29,"HAVANA","gene",NA,NA,"protein_coding","RXFP3","2","HGNC:24883","OTTHUMG00000090685.2"
"ENSG00000151025.11",153.057348458371,-2.40993941261521,0.21241263331465,-11.3455559352034,7.80287515881615e-30,8.15878980486429e-29,"HAVANA","gene",NA,NA,"protein_coding","GPR158","2","HGNC:23689","OTTHUMG00000017832.6"
"ENSG00000284299.1",3.24471393291066,-3.2702646049358,0.288249860884374,-11.3452426131356,7.83087491962678e-30,8.18628010908398e-29,"HAVANA","gene",NA,NA,"protein_coding","AL590132.1","2",NA,"OTTHUMG00000192003.2"
"ENSG00000280119.1",222.466462722482,-2.17931723362414,0.192177047366457,-11.3401535900822,8.29986656372442e-30,8.66899077976972e-29,"HAVANA","gene",NA,NA,"TEC","AC093642.3","2",NA,"OTTHUMG00000133420.2"
"ENSG00000271830.1",14.874545446373,-4.70841382967267,0.415444363708046,-11.3334401450239,8.96144697631904e-30,9.34980236575447e-29,"HAVANA","gene",NA,NA,"lncRNA","AC012213.4","2",NA,"OTTHUMG00000185513.1"
"ENSG00000287108.1",5.20357738849519,-3.14993381012102,0.277951297717968,-11.3326825094272,9.03931942459532e-30,9.42489213563356e-29,"HAVANA","gene",NA,NA,"lncRNA","AC023302.2","2",NA,"OTTHUMG00000195397.1"
"ENSG00000147689.16",407.862787422348,-2.69467505749812,0.23786079441502,-11.3287902872991,9.4500873579007e-30,9.84247141993527e-29,"HAVANA","gene",NA,NA,"protein_coding","FAM83A","2","HGNC:28210","OTTHUMG00000165083.3"
"ENSG00000286647.1",25.4768080144739,4.32942799553075,0.382253105875408,11.326076698882,9.74737424596079e-30,1.01432819314505e-28,"HAVANA","gene",NA,NA,"lncRNA","AC008459.1","2",NA,"OTTHUMG00000195416.1"
"ENSG00000106688.12",2726.23185243703,-2.27068526911777,0.200499706280366,-11.3251301522736,9.85324135772398e-30,1.02512224418796e-28,"HAVANA","gene",NA,NA,"protein_coding","SLC1A1","2","HGNC:10939","OTTHUMG00000019468.3"
"ENSG00000271820.1",0.696797647307923,2.14445700560398,0.189415383861292,11.3214510980499,1.02756755206375e-29,1.06883980502332e-28,"HAVANA","gene",NA,NA,"lncRNA","AL109910.2","2",NA,"OTTHUMG00000185351.1"
"ENSG00000231367.6",246.592431050616,2.19905579342046,0.194280156387732,11.3189933254517,1.05678448324881e-29,1.09803826919216e-28,"HAVANA","gene",NA,NA,"lncRNA","LINC02613","1","HGNC:54068","OTTHUMG00000153431.11"
"ENSG00000207422.1",29.1570398955898,-3.46178035809651,0.305950945067217,-11.3148215879378,1.10827532260182e-29,1.15079043575755e-28,"ENSEMBL","gene",NA,NA,"snRNA","RNU6-813P","3","HGNC:47776",NA
"ENSG00000274824.1",1.13423811085084,2.2229445187354,0.196531915651404,11.3108576353488,1.15950561953549e-29,1.20320368706834e-28,"ENSEMBL","gene",NA,NA,"miRNA","MIR7152","3","HGNC:50257",NA
"ENSG00000160180.15",15100.4060402317,-2.58955697722851,0.228988113501437,-11.3086960612576,1.18842498842786e-29,1.23267896071831e-28,"HAVANA","gene",NA,NA,"protein_coding","TFF3","2","HGNC:11757","OTTHUMG00000086798.4"
"ENSG00000225056.1",0.492222153099922,3.12719980005112,0.276584639286028,11.3064840047648,1.21876079209789e-29,1.26359726356654e-28,"HAVANA","gene",NA,NA,"lncRNA","AL121894.1","1",NA,"OTTHUMG00000032077.1"
"ENSG00000137648.19",468.390902426329,-2.84374822900941,0.251521511052972,-11.306182986514,1.22294787331259e-29,1.26766405474699e-28,"HAVANA","gene",NA,NA,"protein_coding","TMPRSS4","1","HGNC:11878","OTTHUMG00000164122.3"
"ENSG00000010282.15",7.25414455664105,2.76904157270961,0.244981724678046,11.3030536312399,1.26733091827158e-29,1.31225036296502e-28,"HAVANA","gene",NA,NA,"protein_coding","HHATL","1","HGNC:13242","OTTHUMG00000133043.5"
"ENSG00000273980.1",4.81025801311976,-2.21609149229927,0.196086098955042,-11.3016246644153,1.28812573384229e-29,1.33320596043171e-28,"HAVANA","gene",NA,NA,"lncRNA","AL592071.1","2",NA,"OTTHUMG00000186614.1"
"ENSG00000255648.1",1.79806798503283,3.08906191354714,0.273331075649995,11.3015393738205,1.289377564772e-29,1.33421337209992e-28,"HAVANA","gene",NA,NA,"lncRNA","AC087242.1","2",NA,"OTTHUMG00000168938.1"
"ENSG00000255050.1",8.48365679008678,-2.05536790093126,0.181886258855469,-11.3002923577888,1.30781878472785e-29,1.35183598654393e-28,"HAVANA","gene",NA,NA,"lncRNA","AC067930.4","2",NA,"OTTHUMG00000165158.1"
"ENSG00000170454.6",49.8052247011671,-3.37545638352499,0.298717717339611,-11.2998198218268,1.31487495381245e-29,1.35883647621127e-28,"HAVANA","gene",NA,NA,"protein_coding","KRT75","2","HGNC:24431","OTTHUMG00000169592.2"
"ENSG00000126231.15",22.387240545395,-2.0184709081002,0.178691657355358,-11.2958318142751,1.37595088738196e-29,1.42042247391661e-28,"HAVANA","gene",NA,NA,"protein_coding","PROZ","2","HGNC:9460","OTTHUMG00000017376.4"
"ENSG00000285000.1",1.79857263234962,2.12252322875506,0.18801153134418,11.2893247216284,1.48170644190731e-29,1.52729250498664e-28,"HAVANA","gene",NA,NA,"protein_coding","AC008581.2","2",NA,"OTTHUMG00000192507.1"
"ENSG00000100721.11",73.9231371891911,-2.93056086401243,0.259617350392277,-11.2880008196078,1.5041907007066e-29,1.54946842551824e-28,"HAVANA","gene",NA,NA,"protein_coding","TCL1A","2","HGNC:11648","OTTHUMG00000171390.4"
"ENSG00000229312.2",6.12020411009118,3.29056566536707,0.291582545149251,11.2851942618264,1.55298114814555e-29,1.59869632160836e-28,"HAVANA","gene",NA,NA,"lncRNA","AL353693.1","2",NA,"OTTHUMG00000019981.2"
"ENSG00000171236.10",2618.98873891135,-2.11178668512879,0.187145895847395,-11.2841731076529,1.57112029534665e-29,1.61632753596861e-28,"HAVANA","gene",NA,NA,"protein_coding","LRG1","2","HGNC:29480","OTTHUMG00000182010.3"
"ENSG00000132874.15",75.0104927503817,2.23631479680377,0.198249243875655,11.2803194256137,1.64148861404864e-29,1.68727139023966e-28,"HAVANA","gene",NA,NA,"protein_coding","SLC14A2","2","HGNC:10919","OTTHUMG00000132616.6"
"ENSG00000269516.6",395.133040550703,-2.05527452988515,0.182226266105505,-11.2786952935489,1.67207394885168e-29,1.71834111732055e-28,"HAVANA","gene",NA,NA,"transcribed_unprocessed_pseudogene","CYP4F23P","2","HGNC:39944","OTTHUMG00000182453.4"
"ENSG00000152779.14",56.9681053022159,2.17726554526996,0.193062298751309,11.2775283385317,1.69439830405265e-29,1.74016340294024e-28,"HAVANA","gene",NA,NA,"protein_coding","SLC16A12","2","HGNC:23094","OTTHUMG00000018714.6"
"ENSG00000185290.4",226.345417271798,-2.02291977518573,0.179395050031695,-11.2763410965259,1.71741427623343e-29,1.76228995447298e-28,"HAVANA","gene",NA,NA,"protein_coding","NUPR2","2","HGNC:44164","OTTHUMG00000156224.3"
"ENSG00000086570.12",949.040975431492,2.16455045944846,0.192088880052195,11.2684839375413,1.87775221663964e-29,1.9235216741331e-28,"HAVANA","gene",NA,NA,"protein_coding","FAT2","1","HGNC:3596","OTTHUMG00000130126.2"
"ENSG00000205002.4",3393.24687864385,-2.17966806661467,0.193525052925318,-11.2629762073017,1.99891695140596e-29,2.04589000516684e-28,"HAVANA","gene",NA,NA,"protein_coding","AARD","2","HGNC:33842","OTTHUMG00000164961.2"
"ENSG00000249906.1",2.33430424717704,2.02004788106507,0.179422842005381,11.2585881401014,2.10097671408344e-29,2.14897084482787e-28,"HAVANA","gene",NA,NA,"lncRNA","AC006487.1","2",NA,"OTTHUMG00000161498.1"
"ENSG00000170298.15",23.6239545943153,-2.78553985890175,0.247497521916219,-11.2548191890369,2.19275344449411e-29,2.23997478732863e-28,"HAVANA","gene",NA,NA,"protein_coding","LGALS9B","2","HGNC:24842","OTTHUMG00000130730.2"
"ENSG00000227234.2",11.5007424121417,-5.12589952036868,0.455572066245665,-11.2515667666168,2.27514275476973e-29,2.32265266100614e-28,"HAVANA","gene",NA,NA,"protein_coding","SPANXB1","2","HGNC:14329","OTTHUMG00000022554.3"
"ENSG00000205502.4",130.172803187625,2.08665825306861,0.185567353155257,11.2447486995344,2.45795676060259e-29,2.50874964636707e-28,"HAVANA","gene",NA,NA,"protein_coding","C2CD4B","2","HGNC:33628","OTTHUMG00000171959.2"
"ENSG00000265374.1",2.10086828137785,2.55331287426366,0.227186010635585,11.2388648716548,2.62738929834104e-29,2.67598259531291e-28,"HAVANA","gene",NA,NA,"lncRNA","LINC01908","2","HGNC:52727","OTTHUMG00000179451.1"
"ENSG00000229720.1",5.45205189737814,-2.12905730043863,0.189476287214678,-11.2365369394556,2.6975805875474e-29,2.74688811794678e-28,"HAVANA","gene",NA,NA,"lncRNA","AL109924.1","1",NA,"OTTHUMG00000016052.1"
"ENSG00000261924.1",7.46632825485154,-2.08567652155288,0.185660666013772,-11.2338093271634,2.78219326480261e-29,2.83124212652279e-28,"HAVANA","gene",NA,NA,"lncRNA","AC127496.1","2",NA,"OTTHUMG00000177644.1"
"ENSG00000266265.4",21.1716896364086,2.01412108972324,0.179294625819075,11.233583162474,2.78932617361601e-29,2.83789800335407e-28,"HAVANA","gene",NA,NA,"protein_coding","KLF14","2","HGNC:23025","OTTHUMG00000188298.2"
"ENSG00000181418.8",27.1679471470929,-2.2709314511081,0.20221605226927,-11.2302234447942,2.89744882484314e-29,2.94602659588783e-28,"HAVANA","gene",NA,NA,"protein_coding","DDN","2","HGNC:24458","OTTHUMG00000156183.2"
"ENSG00000148408.13",55.612255890178,-2.42602402387474,0.216050265559257,-11.2289795969232,2.93852461690294e-29,2.98715710578867e-28,"HAVANA","gene",NA,NA,"protein_coding","CACNA1B","2","HGNC:1389","OTTHUMG00000021002.4"
"ENSG00000180269.8",91.290809751984,-4.26198121109055,0.379593128888294,-11.22776174472,2.97930164684058e-29,3.02732432449909e-28,"HAVANA","gene",NA,NA,"protein_coding","GPR139","2","HGNC:19995","OTTHUMG00000177690.1"
"ENSG00000113302.5",18.5819182030771,-2.15330682193119,0.191890309787868,-11.2215506051954,3.19616523006983e-29,3.24149610865041e-28,"HAVANA","gene",NA,NA,"protein_coding","IL12B","2","HGNC:5970","OTTHUMG00000130307.4"
"ENSG00000284659.1",30.7891810124784,-3.0391217479653,0.27088657327629,-11.2191671636141,3.28348043752175e-29,3.32723239766639e-28,"HAVANA","gene",NA,NA,"processed_pseudogene","AC073869.6","2",NA,"OTTHUMG00000192338.1"
"ENSG00000224920.1",17.0982532730997,-3.49879901605989,0.311946830192142,-11.2160107987147,3.40276332831976e-29,3.44591822151342e-28,"HAVANA","gene",NA,NA,"unprocessed_pseudogene","TACC1P1","2","HGNC:44974","OTTHUMG00000017974.1"
"ENSG00000163218.15",24.2750357319953,-3.58220147689679,0.319400044510789,-11.2154069433005,3.42606895944307e-29,3.46878621823579e-28,"HAVANA","gene",NA,NA,"protein_coding","PGLYRP4","2","HGNC:30015","OTTHUMG00000037057.2"
"ENSG00000234264.1",3.64203574846705,-2.87237330014523,0.256315485697116,-11.2063978199876,3.79318193282208e-29,3.8339946498208e-28,"HAVANA","gene",NA,NA,"lncRNA","DEPDC1-AS1","2","HGNC:50592","OTTHUMG00000009207.2"
"ENSG00000261104.1",78.711251284149,-2.74838994705204,0.245400449568706,-11.1996125185686,4.09520744330085e-29,4.13490808447932e-28,"HAVANA","gene",NA,NA,"lncRNA","AC093904.4","2",NA,"OTTHUMG00000175721.1"
"ENSG00000071909.19",194.165862604832,-2.46555674496814,0.220188545267331,-11.197479605375,4.19498783787307e-29,4.2347633230615e-28,"HAVANA","gene",NA,NA,"protein_coding","MYO3B","2","HGNC:15576","OTTHUMG00000154002.7"
"ENSG00000185008.17",684.026210585046,-2.6973527412861,0.240936813503561,-11.195270253901,4.30088779799432e-29,4.34075277863719e-28,"HAVANA","gene",NA,NA,"protein_coding","ROBO2","1","HGNC:10250","OTTHUMG00000158935.9"
"ENSG00000050730.16",44.807922469276,-2.14394793647094,0.191598062831774,-11.1898205273263,4.57358428345057e-29,4.61112001304959e-28,"HAVANA","gene",NA,NA,"protein_coding","TNIP3","2","HGNC:19315","OTTHUMG00000132969.6"
"ENSG00000077522.14",109.553521373715,-2.59428069345892,0.231930821175813,-11.1855797358315,4.79759685936528e-29,4.82985638857303e-28,"HAVANA","gene",NA,NA,"protein_coding","ACTN2","2","HGNC:164","OTTHUMG00000040059.3"
"ENSG00000236039.3",38.6819007562403,-2.3115475705381,0.20671270396987,-11.1824165914594,4.97174166994897e-29,5.00412065981629e-28,"HAVANA","gene",NA,NA,"lncRNA","AC019117.1","2",NA,"OTTHUMG00000152731.19"
"ENSG00000226087.2",30.4464310266971,-2.43260065262365,0.217652217727735,-11.1765488907935,5.31155616505149e-29,5.33829779457975e-28,"HAVANA","gene",NA,NA,"lncRNA","AC073283.2","1",NA,"OTTHUMG00000151712.5"
"ENSG00000234896.1",15.6837623702938,-2.94056703421522,0.263146351982788,-11.1746448774922,5.42669931339903e-29,5.45173336349229e-28,"HAVANA","gene",NA,NA,"unprocessed_pseudogene","OR7E62P","1","HGNC:8438","OTTHUMG00000154168.1"
"ENSG00000100604.13",391.844838621604,-4.01396982960719,0.359278204559742,-11.1723165465211,5.57087324041277e-29,5.59539909744604e-28,"HAVANA","gene",NA,NA,"protein_coding","CHGA","1","HGNC:1929","OTTHUMG00000171225.3"
"ENSG00000134160.14",3.88580751714528,2.25511813227484,0.201914684489442,11.1686682817403,5.80445829110058e-29,5.82634814009279e-28,"HAVANA","gene",NA,NA,"protein_coding","TRPM1","1","HGNC:7146","OTTHUMG00000129267.5"
"ENSG00000145087.13",25.5950598221572,-2.76146815956563,0.247279509824202,-11.1673958005208,5.88819551145598e-29,5.90916311172719e-28,"HAVANA","gene",NA,NA,"protein_coding","STXBP5L","2","HGNC:30757","OTTHUMG00000159426.4"
"ENSG00000261587.2",6.91023457156835,-2.27640311168723,0.203956885544298,-11.1611976502398,6.31352514214488e-29,6.32805417489877e-28,"HAVANA","gene",NA,NA,"protein_coding","TMEM249","2","HGNC:44155","OTTHUMG00000165167.4"
"ENSG00000137441.8",135.487518956531,2.70724820984563,0.242563523032425,11.16098651603,6.32853830060343e-29,6.34177515126355e-28,"HAVANA","gene",NA,NA,"protein_coding","FGFBP2","2","HGNC:29451","OTTHUMG00000128513.3"
"ENSG00000197172.10",141.341161250415,-7.89146933879872,0.707115014597422,-11.1600930200747,6.39246537849767e-29,6.40449636729033e-28,"HAVANA","gene",NA,NA,"protein_coding","MAGEA6","2","HGNC:6804","OTTHUMG00000022642.5"
"ENSG00000272202.1",5.47359571330964,-2.13058163627247,0.190934866879695,-11.1586829115654,6.49466043965439e-29,6.50552334651562e-28,"HAVANA","gene",NA,NA,"lncRNA","AC097358.2","2",NA,"OTTHUMG00000185634.1"
"ENSG00000287693.1",1.63909475061471,3.82868067428784,0.343134583904075,11.1579562477391,6.54795529586567e-29,6.55616589811754e-28,"HAVANA","gene",NA,NA,"lncRNA","AC091691.3","2",NA,"OTTHUMG00000194766.1"
"ENSG00000233823.1",45.5975455378716,-2.81455266485933,0.252254738043756,-11.1575809702774,6.57564850634248e-29,6.58251817674191e-28,"HAVANA","gene",NA,NA,"lncRNA","AL356311.1","2",NA,"OTTHUMG00000016436.1"
"ENSG00000230699.2",27.6034510925292,-2.29544092565935,0.205749807848611,-11.156466922916,6.65854482983931e-29,6.66271685040939e-28,"HAVANA","gene",NA,NA,"lncRNA","AL645608.2","2",NA,"OTTHUMG00000040716.1"
"ENSG00000105509.11",82.3098202676012,2.29372656019713,0.205597048336103,11.1564177538552,6.66222729655699e-29,6.66500960071091e-28,"HAVANA","gene",NA,NA,"protein_coding","HAS1","1","HGNC:4818","OTTHUMG00000183499.3"
"ENSG00000181215.15",21.4349063933174,-2.11654903011939,0.189858126398693,-11.1480560261863,7.31878262845353e-29,7.3065821156326e-28,"HAVANA","gene",NA,NA,"protein_coding","C4orf50","2","HGNC:33766","OTTHUMG00000192330.3"
"ENSG00000248399.1",8.64300960511597,-2.2061936042582,0.197913852915449,-11.147241952794,7.38603390477633e-29,7.36911462677705e-28,"HAVANA","gene",NA,NA,"lncRNA","AL645924.1","2",NA,"OTTHUMG00000160511.2"
"ENSG00000283526.1",78.3841879922883,-2.14519672611523,0.192660161786809,-11.1346149936748,8.51119854579017e-29,8.47405491123871e-28,"HAVANA","gene",NA,NA,"protein_coding","PRRT1B","2","HGNC:53642","OTTHUMG00000191656.1"
"ENSG00000268088.1",3.65387429498815,-3.47004997611647,0.311812762334018,-11.128633575297,9.10200453485375e-29,9.0510687432289e-28,"HAVANA","gene",NA,NA,"transcribed_unprocessed_pseudogene","AC093063.1","2",NA,"OTTHUMG00000183085.1"
"ENSG00000246095.2",12.6027433675716,-2.42359958238754,0.218033624017934,-11.1157148045578,1.05204707742476e-28,1.04333627570731e-27,"HAVANA","gene",NA,NA,"lncRNA","LINC01096","2","HGNC:27739","OTTHUMG00000160090.1"
"ENSG00000154080.14",236.013423308247,2.33182154967723,0.209852523897107,11.1117155341936,1.10025157845003e-28,1.08933773762226e-27,"HAVANA","gene",NA,NA,"protein_coding","CHST9","2","HGNC:19898","OTTHUMG00000179469.5"
"ENSG00000069482.7",178.280187166458,-2.40574884159235,0.216605304019736,-11.106601717256,1.16509451771915e-28,1.15258472731622e-27,"HAVANA","gene",NA,NA,"protein_coding","GAL","2","HGNC:4114","OTTHUMG00000167890.3"
"ENSG00000274718.1",13.8613545048494,-2.61367089036038,0.235339477403075,-11.1059602885233,1.1734908694617e-28,1.16017225662216e-27,"HAVANA","gene",NA,NA,"lncRNA","AL136964.1","2",NA,"OTTHUMG00000187297.2"
"ENSG00000278705.1",7.39734773994142,-3.50609155490025,0.315795652845422,-11.1024060125882,1.22111622380736e-28,1.20626140788887e-27,"HAVANA","gene",NA,NA,"protein_coding","H4C2","2","HGNC:4789","OTTHUMG00000014417.2"
"ENSG00000167889.13",175.201739526788,-2.14299366220203,0.193044518519877,-11.1010334747286,1.24001640846038e-28,1.22467916160249e-27,"HAVANA","gene",NA,NA,"protein_coding","MGAT5B","2","HGNC:24140","OTTHUMG00000177278.4"
"ENSG00000275896.6",49.226327412544,-3.12947236372771,0.281926285505454,-11.100321341506,1.24993671775479e-28,1.23422234434526e-27,"HAVANA","gene",NA,NA,"protein_coding","PRSS2","2","HGNC:9483","OTTHUMG00000158904.8"
"ENSG00000175766.13",15.7274464710896,-4.08299250588999,0.368205708463876,-11.088889748407,1.42039672276094e-28,1.40051876903636e-27,"HAVANA","gene",NA,NA,"protein_coding","EIF4E1B","2","HGNC:33179","OTTHUMG00000163227.6"
"ENSG00000173826.15",16.2947119252707,-3.00434368903287,0.271237206575741,-11.0764438513487,1.63227601194051e-28,1.60579761256817e-27,"HAVANA","gene",NA,NA,"protein_coding","KCNH6","2","HGNC:18862","OTTHUMG00000178901.1"
"ENSG00000168004.10",959.748875594516,2.17210959772105,0.196162309962132,11.0730221220395,1.69583327642247e-28,1.66661276458257e-27,"HAVANA","gene",NA,NA,"protein_coding","PLAAT5","1","HGNC:24978","OTTHUMG00000167806.3"
"ENSG00000228734.2",2.35500812963494,-3.18358463984082,0.287687620052765,-11.0661162244553,1.83168006216687e-28,1.79827442168883e-27,"HAVANA","gene",NA,NA,"lncRNA","AC096543.2","2",NA,"OTTHUMG00000009145.2"
"ENSG00000179455.10",117.306260616468,-2.98046845156804,0.269491360953263,-11.0596066642928,1.96959343900386e-28,1.93129802829871e-27,"HAVANA","gene",NA,NA,"protein_coding","MKRN3","1","HGNC:7114","OTTHUMG00000129160.6"
"ENSG00000127928.13",22.5583591327384,-4.93552635458606,0.446544469109677,-11.0527096314205,2.12696448145785e-28,2.08177463343505e-27,"HAVANA","gene",NA,NA,"protein_coding","GNGT1","2","HGNC:4411","OTTHUMG00000022908.5"
"ENSG00000287853.1",83.1569116417421,-2.51721257481817,0.227911536052571,-11.0446913676083,2.32565454094812e-28,2.27345662225719e-27,"HAVANA","gene",NA,NA,"lncRNA","AL031668.2","2",NA,"OTTHUMG00000194727.1"
"ENSG00000207445.1",25.3272095615465,-2.96489469511435,0.268848359074925,-11.0281301523141,2.79618170520746e-28,2.72286718488799e-27,"ENSEMBL","gene",NA,NA,"snoRNA","SNORD15B","3","HGNC:16649",NA
"ENSG00000274367.1",4.36981329383194,-2.16718069331269,0.196595431720224,-11.0235557070157,2.94203126283089e-28,2.86314681702677e-27,"HAVANA","gene",NA,NA,"lncRNA","AC004233.3","2",NA,"OTTHUMG00000186733.1"
"ENSG00000254707.1",0.671712311935521,2.57083902689668,0.233236507949399,11.0224554873477,2.97822119594597e-28,2.8971893908177e-27,"HAVANA","gene",NA,NA,"lncRNA","AC104237.1","2",NA,"OTTHUMG00000165667.1"
"ENSG00000277863.1",1.57818201500613,2.17172573778125,0.197028528165772,11.0223923306885,2.98031198152795e-28,2.89863473477475e-27,"HAVANA","gene",NA,NA,"lncRNA","AL162574.1","2",NA,"OTTHUMG00000187291.1"
"ENSG00000232930.2",0.624477795229707,3.67626575559993,0.333619689284606,11.0193309138411,3.08342448653499e-28,2.99648817748258e-27,"HAVANA","gene",NA,NA,"lncRNA","AC083864.2","1",NA,"OTTHUMG00000155064.3"
"ENSG00000196104.11",17.6264647163852,2.6150047795266,0.237404924690006,11.0149559152624,3.23695033394697e-28,3.14440978303729e-27,"HAVANA","gene",NA,NA,"protein_coding","SPOCK3","2","HGNC:13565","OTTHUMG00000161190.4"
"ENSG00000227579.6",10.3814758273517,-2.94713148161167,0.267747390683627,-11.0071342771517,3.53055514869915e-28,3.42198861367947e-27,"HAVANA","gene",NA,NA,"lncRNA","AL136114.1","2",NA,"OTTHUMG00000040862.13"
"ENSG00000182255.7",5.49314061631115,3.33663413907545,0.303151475264783,11.0064915110874,3.55582605628623e-28,3.44578532274824e-27,"HAVANA","gene",NA,NA,"protein_coding","KCNA4","2","HGNC:6222","OTTHUMG00000166144.3"
"ENSG00000147697.9",234.452816871173,-2.22945967702599,0.202576090123606,-11.0055420443036,3.59348379120702e-28,3.48157347698137e-27,"HAVANA","gene",NA,NA,"protein_coding","GSDMC","2","HGNC:7151","OTTHUMG00000164851.2"
"ENSG00000234471.1",1.27064998263147,3.47502259405487,0.315892195242696,11.0006598655755,3.79345767218879e-28,3.67309129091683e-27,"HAVANA","gene",NA,NA,"lncRNA","AC147651.1","1",NA,"OTTHUMG00000151413.1"
"ENSG00000256982.2",10.1800543670211,-2.50924949915405,0.228214491846473,-10.9951365439233,4.03302648394812e-28,3.90348078476676e-27,"HAVANA","gene",NA,NA,"lncRNA","AC135782.1","2",NA,"OTTHUMG00000175614.2"
"ENSG00000184270.6",7.30799511285831,-3.23138028887303,0.293949150461545,-10.9929907393822,4.13009442238258e-28,3.9933970489677e-27,"HAVANA","gene",NA,NA,"protein_coding","H2AC21","2","HGNC:20508","OTTHUMG00000012085.3"
"ENSG00000279994.1",9.56887501029965,-4.91648336450905,0.447245334995476,-10.9928108351511,4.13833711392669e-28,4.00055954657441e-27,"HAVANA","gene",NA,NA,"TEC","AC017037.4","2",NA,"OTTHUMG00000161531.1"
"ENSG00000157851.17",59.9545171207527,-3.79380437969725,0.345345688961074,-10.9855269689638,4.48612792988118e-28,4.33327397420579e-27,"HAVANA","gene",NA,NA,"protein_coding","DPYSL5","2","HGNC:20637","OTTHUMG00000097071.4"
"ENSG00000108309.14",125.470265450746,-2.2858573060993,0.208102548368057,-10.9842831047722,4.54835265612888e-28,4.38983835123156e-27,"HAVANA","gene",NA,NA,"protein_coding","RUNDC3A","2","HGNC:16984","OTTHUMG00000169259.3"
"ENSG00000277199.1",0.523127913355949,3.58107473933435,0.326138611855944,10.9802231601946,4.75747109556271e-28,4.58981957689104e-27,"HAVANA","gene",NA,NA,"lncRNA","LINC01632","2","HGNC:52419","OTTHUMG00000189067.1"
"ENSG00000188817.8",28.9907944466899,-2.69286251040177,0.24534850108354,-10.9756631832239,5.00373265688596e-28,4.8225474067875e-27,"HAVANA","gene",NA,NA,"protein_coding","SNTN","1","HGNC:33706","OTTHUMG00000158766.3"
"ENSG00000183862.5",11.0465324860662,-4.70160942239244,0.42879000914461,-10.96482968848,5.64066540518259e-28,5.42223674884225e-27,"HAVANA","gene",NA,NA,"protein_coding","CNGA2","2","HGNC:2149","OTTHUMG00000024173.1"
"ENSG00000133169.6",682.770282587756,-3.39522314980553,0.309815287861999,-10.9588625313992,6.0251883956765e-28,5.78606486343679e-27,"HAVANA","gene",NA,NA,"protein_coding","BEX1","2","HGNC:1036","OTTHUMG00000022708.2"
"ENSG00000170044.8",102.583181826396,-2.51294690734664,0.229395852604432,-10.9546309526351,6.3135183910961e-28,6.05566899133962e-27,"HAVANA","gene",NA,NA,"protein_coding","ZPLD1","2","HGNC:27022","OTTHUMG00000159229.5"
"ENSG00000161270.20",19.7383249069474,-2.56252216854311,0.234082200012397,-10.947103916519,6.86061452767139e-28,6.56727356684788e-27,"HAVANA","gene",NA,NA,"protein_coding","NPHS1","2","HGNC:7908","OTTHUMG00000180689.4"
"ENSG00000237159.6",6.62514194362521,2.92761014843954,0.267451697106043,10.9463135965025,6.92071758509863e-28,6.62216056525016e-27,"HAVANA","gene",NA,NA,"lncRNA","CNTFR-AS1","2","HGNC:48712","OTTHUMG00000000441.9"
"ENSG00000240666.2",1.64143739184588,3.19772401963337,0.292164887040489,10.9449292556166,7.02725653746833e-28,6.72141866061305e-27,"HAVANA","gene",NA,NA,"lncRNA","MME-AS1","1","HGNC:40376","OTTHUMG00000158456.2"
"ENSG00000223715.3",66.6636406383693,-2.70109609628365,0.246831422431926,-10.9430803812209,7.17208708976303e-28,6.85583983380979e-27,"HAVANA","gene",NA,NA,"lncRNA","LINC01208","1","HGNC:49639","OTTHUMG00000157301.5"
"ENSG00000075891.22",112.748537330632,-2.52914330157084,0.231184999011575,-10.9399109474409,7.42728266356384e-28,7.096950786026e-27,"HAVANA","gene",NA,NA,"protein_coding","PAX2","2","HGNC:8616","OTTHUMG00000018913.5"
"ENSG00000118160.14",84.2729208640162,-2.37768380118749,0.217358483761324,-10.9389969972295,7.50253068369179e-28,7.16742263321383e-27,"HAVANA","gene",NA,NA,"protein_coding","SLC8A2","1","HGNC:11069","OTTHUMG00000183529.5"
"ENSG00000235721.1",5.73965730613601,-2.25138591258815,0.205859224281282,-10.9365316052678,7.70930504295934e-28,7.35909154429532e-27,"HAVANA","gene",NA,NA,"processed_pseudogene","AC013268.3","2",NA,"OTTHUMG00000154977.1"
"ENSG00000280068.1",4.24352287691892,-2.95532846312622,0.270411375625288,-10.9290093890926,8.37577569367447e-28,7.98573957181977e-27,"HAVANA","gene",NA,NA,"TEC","AC138965.2","2",NA,"OTTHUMG00000163183.1"
"ENSG00000116745.7",6.92772427379445,2.64220057988214,0.24186708921334,10.924183974247,8.833078285158e-28,8.41504833250984e-27,"HAVANA","gene",NA,NA,"protein_coding","RPE65","2","HGNC:10294","OTTHUMG00000009208.2"
"ENSG00000264644.1",6.51334306108843,-2.11639495356048,0.193741130889088,-10.9238288423746,8.8676960775785e-28,8.44634829178501e-27,"HAVANA","gene",NA,NA,"processed_pseudogene","KRT18P8","1","HGNC:31093","OTTHUMG00000178672.1"
"ENSG00000102683.8",138.785680340016,2.69591575145075,0.246833187299722,10.9220149078948,9.04662605790523e-28,8.60992956762494e-27,"HAVANA","gene",NA,NA,"protein_coding","SGCG","2","HGNC:10809","OTTHUMG00000016563.1"
"ENSG00000275026.1",0.796183536427945,2.81481841963869,0.257761275613548,10.9202532961501,9.22382102951516e-28,8.77682751785643e-27,"HAVANA","gene",NA,NA,"transcribed_processed_pseudogene","GXYLT1P4","1","HGNC:50423","OTTHUMG00000188312.1"
"ENSG00000160472.5",4.00237038565195,-2.06079988364087,0.188768601257923,-10.9170692048785,9.55287651032709e-28,9.0791175086247e-27,"HAVANA","gene",NA,NA,"protein_coding","TMEM190","2","HGNC:29632","OTTHUMG00000180794.2"
"ENSG00000238118.1",39.8242442093803,-4.30223129517584,0.394223020050277,-10.9131914585484,9.96937562346511e-28,9.46557245581081e-27,"HAVANA","gene",NA,NA,"unprocessed_pseudogene","SLC25A24P2","2","HGNC:48934","OTTHUMG00000039831.1"
"ENSG00000136918.8",17.0633675670781,-2.59489326233064,0.237883580882602,-10.9082487017515,1.05264664603276e-27,9.98659422008505e-27,"HAVANA","gene",NA,NA,"protein_coding","WDR38","2","HGNC:23745","OTTHUMG00000020664.1"
"ENSG00000227066.2",27.1668981458132,-2.43905134186471,0.223721732812507,-10.9021654320405,1.12546439480171e-27,1.06731985659046e-26,"HAVANA","gene",NA,NA,"lncRNA","Z98257.1","1",NA,"OTTHUMG00000002703.3"
"ENSG00000177455.15",109.244021778135,-2.32667534122132,0.213701091210347,-10.8875220432598,1.3218807016477e-27,1.24938458109965e-26,"HAVANA","gene",NA,NA,"protein_coding","CD19","2","HGNC:1633","OTTHUMG00000097049.7"
"ENSG00000136928.7",108.566179377926,-3.30916285642399,0.304216741359762,-10.877648750141,1.47313826069577e-27,1.39070057280659e-26,"HAVANA","gene",NA,NA,"protein_coding","GABBR2","2","HGNC:4507","OTTHUMG00000020345.6"
"ENSG00000169064.13",17.8122327787381,-2.9301025031545,0.26938163018026,-10.8771429632889,1.48133303898661e-27,1.39761059271069e-26,"HAVANA","gene",NA,NA,"protein_coding","ZBBX","1","HGNC:26245","OTTHUMG00000133560.6"
"ENSG00000228626.1",8.36792867536893,-3.15818137234468,0.290494016344198,-10.871760499888,1.57139011188643e-27,1.47966392021381e-26,"HAVANA","gene",NA,NA,"unprocessed_pseudogene","AC245100.3","2",NA,"OTTHUMG00000014083.2"
"ENSG00000228528.2",1.7211427356622,3.00507682390746,0.276896418804009,10.8527110494502,1.93596413417835e-27,1.81866748369578e-26,"HAVANA","gene",NA,NA,"lncRNA","AC068057.1","2",NA,"OTTHUMG00000153054.5"
"ENSG00000243953.1",1.58531136924688,3.28134814107934,0.30242431125559,10.8501466944109,1.99105538228875e-27,1.86932124956798e-26,"HAVANA","gene",NA,NA,"lncRNA","AC073359.1","2",NA,"OTTHUMG00000159132.1"
"ENSG00000167011.9",5.02409268804607,-3.55112136220504,0.327423628312204,-10.8456478248387,2.09148862289366e-27,1.96169185440163e-26,"HAVANA","gene",NA,NA,"protein_coding","NAT16","2","HGNC:22030","OTTHUMG00000157110.3"
"ENSG00000164619.10",147.114177956213,2.02792504560939,0.187008483864546,10.8440269858466,2.12889022947076e-27,1.99599081984235e-26,"HAVANA","gene",NA,NA,"protein_coding","BMPER","2","HGNC:24154","OTTHUMG00000128675.24"
"ENSG00000273786.1",2.67800043852183,-2.59586108930108,0.239439648105128,-10.8414003689203,2.19091391888575e-27,2.05253589858851e-26,"HAVANA","gene",NA,NA,"lncRNA","AC020658.4","2",NA,"OTTHUMG00000186815.1"
"ENSG00000245526.11",26.9858573531574,-3.30655860794089,0.305308083646859,-10.8302360305844,2.47516480983943e-27,2.31295389193304e-26,"HAVANA","gene",NA,NA,"lncRNA","LINC00461","2","HGNC:42810","OTTHUMG00000162632.32"
"ENSG00000254814.1",7.67995558232075,2.36663752343092,0.218549223652252,10.8288534906746,2.51281800741232e-27,2.34768156659758e-26,"HAVANA","gene",NA,NA,"lncRNA","AP003031.1","2",NA,"OTTHUMG00000165317.1"
"ENSG00000274817.1",4.74059689978628,-3.09373094608091,0.28574462976705,-10.8269084482989,2.56675438186375e-27,2.39620425633461e-26,"ENSEMBL","gene",NA,NA,"misc_RNA","AC012531.4","3",NA,NA
"ENSG00000253824.2",8.46449925388301,-2.46021445884264,0.227271543305728,-10.8250000112559,2.62079121475842e-27,2.44569745031312e-26,"HAVANA","gene",NA,NA,"lncRNA","AP003472.1","2",NA,"OTTHUMG00000164708.5"
"ENSG00000180066.10",16.7747920337132,-2.08327501805332,0.192717169409083,-10.810012540352,3.08627875611005e-27,2.8705807650016e-26,"HAVANA","gene",NA,NA,"lncRNA","LINC02870","2","HGNC:27275","OTTHUMG00000019289.3"
"ENSG00000221867.9",179.91389935702,-7.33086382251712,0.678416977941021,-10.8058377972292,3.22994887910566e-27,3.00129656318759e-26,"HAVANA","gene",NA,NA,"protein_coding","MAGEA3","2","HGNC:6801","OTTHUMG00000022640.4"
"ENSG00000173467.9",6320.16795737377,-2.35840654856433,0.218275589199807,-10.8047196537652,3.26954209187876e-27,3.03573181437813e-26,"HAVANA","gene",NA,NA,"protein_coding","AGR3","2","HGNC:24167","OTTHUMG00000128411.4"
"ENSG00000233766.7",5.15257689012475,3.04779374005,0.282081786595629,10.8046456200984,3.27218053075967e-27,3.03759289340624e-26,"HAVANA","gene",NA,NA,"lncRNA","CAVIN2-AS1","1","HGNC:40517","OTTHUMG00000154332.4"
"ENSG00000204687.4",5.14991852793116,2.21941284026896,0.205489984999608,10.800588847545,3.42003133155576e-27,3.17115736587646e-26,"HAVANA","gene",NA,NA,"protein_coding","MAS1L","2","HGNC:13961","OTTHUMG00000031089.2"
"ENSG00000272196.2",7.7986163223646,-2.27383707871387,0.210704524522421,-10.7915911339242,3.77201574232298e-27,3.49279617732304e-26,"HAVANA","gene",NA,NA,"protein_coding","H2AC19","2","HGNC:29668","OTTHUMG00000012097.1"
"ENSG00000204099.12",40.5634903958371,-2.67918507090409,0.248300001174473,-10.7901130013347,3.83317932891692e-27,3.54874631204656e-26,"HAVANA","gene",NA,NA,"protein_coding","NEU4","2","HGNC:21328","OTTHUMG00000133412.7"
"ENSG00000204044.6",4.6089652103519,-2.79234772795028,0.258932148993106,-10.7840904994174,4.09271682399906e-27,3.78536801231264e-26,"HAVANA","gene",NA,NA,"lncRNA","SLC12A5-AS1","2","HGNC:53143","OTTHUMG00000032629.3"
"ENSG00000163285.8",3.72560038418739,2.41549976876617,0.22407069689599,10.7800787975744,4.27519385545978e-27,3.95185293488478e-26,"HAVANA","gene",NA,NA,"protein_coding","GABRG1","2","HGNC:4086","OTTHUMG00000128609.2"
"ENSG00000080166.16",42.0450693050528,2.51893054986035,0.233674204796748,10.7796688643975,4.29428846253418e-27,3.96720710065585e-26,"HAVANA","gene",NA,NA,"protein_coding","DCT","2","HGNC:2709","OTTHUMG00000017206.8"
"ENSG00000268297.1",4.94656520080985,2.93031731522062,0.271863062153947,10.7786519139598,4.34202371431954e-27,4.01053318205223e-26,"HAVANA","gene",NA,NA,"unprocessed_pseudogene","CLEC4GP1","2","HGNC:33502","OTTHUMG00000182531.2"
"ENSG00000235214.1",3.06628484218994,-2.48241872724077,0.230341871261751,-10.7771058455102,4.41560540886741e-27,4.07613979072905e-26,"HAVANA","gene",NA,NA,"lncRNA","FAM83C-AS1","2","HGNC:16113","OTTHUMG00000032327.2"
"ENSG00000269404.7",201.097797154846,-2.38692044637602,0.221498671111455,-10.7762291954111,4.45787555538001e-27,4.11357507431156e-26,"HAVANA","gene",NA,NA,"protein_coding","SPIB","1","HGNC:11242","OTTHUMG00000183039.3"
"ENSG00000267361.1",7.54197206888353,2.63841289137726,0.244880354697173,10.7742938164232,4.55262130926405e-27,4.19938557810629e-26,"HAVANA","gene",NA,NA,"processed_pseudogene","SEC24AP1","1","HGNC:53767","OTTHUMG00000180259.1"
"ENSG00000206685.1",1.19107528307171,2.40343441142839,0.223110380018152,10.7724006889901,4.64722987464891e-27,4.28417901278486e-26,"ENSEMBL","gene",NA,NA,"snRNA","RNU6-1189P","3","HGNC:48152",NA
"ENSG00000287820.1",1.63831448556499,2.0750633751827,0.192641657828786,10.7716233268037,4.68664063178037e-27,4.31884886840926e-26,"HAVANA","gene",NA,NA,"lncRNA","AL050338.2","2",NA,"OTTHUMG00000195344.1"
"ENSG00000255221.3",8.21349934863649,-2.5181510214474,0.233893823940921,-10.7662142549068,4.97019896835794e-27,4.57048431044202e-26,"HAVANA","gene",NA,NA,"protein_coding","CARD17","2","HGNC:33827","OTTHUMG00000166163.3"
"ENSG00000240869.3",7.72277544176116,-3.19044248481749,0.297053015915471,-10.7403133914835,6.58205744203481e-27,6.02611068312417e-26,"ENSEMBL","gene",NA,NA,"misc_RNA","RN7SL128P","3","HGNC:46144",NA
"ENSG00000254863.2",0.866178714902831,2.7491996666223,0.256110371577973,10.7344331652157,7.01481324168894e-27,6.41495900762201e-26,"HAVANA","gene",NA,NA,"lncRNA","LINC02744","1","HGNC:54262","OTTHUMG00000166136.3"
"ENSG00000261787.2",9.03941728467142,-3.06387073749319,0.285692220756638,-10.7243757963683,7.82133623704291e-27,7.13209400678961e-26,"HAVANA","gene",NA,NA,"protein_coding","TCF24","2","HGNC:32275","OTTHUMG00000177282.3"
"ENSG00000231868.1",18.7274995272032,-2.09685042616312,0.195770384197147,-10.7107642188183,9.06107046968341e-27,8.24062046701846e-26,"HAVANA","gene",NA,NA,"lncRNA","AL031848.1","2",NA,"OTTHUMG00000000769.1"
"ENSG00000238741.1",45.1059708150758,-3.22451768775507,0.301058538873031,-10.7106003364847,9.07712582201693e-27,8.25365530713287e-26,"ENSEMBL","gene",NA,NA,"scaRNA","SCARNA7","3","HGNC:32563",NA
"ENSG00000283413.1",51.7828063614891,-2.87456585619939,0.268432489660021,-10.7087106327558,9.26430808959893e-27,8.42066022714256e-26,"HAVANA","gene",NA,NA,"lncRNA","AC008703.1","2",NA,"OTTHUMG00000191707.1"
"ENSG00000226915.1",7.04462116391553,-2.19293455555219,0.204864892516172,-10.7042965176626,9.71658579580436e-27,8.82672782474378e-26,"HAVANA","gene",NA,NA,"processed_pseudogene","RPL19P4","1","HGNC:36539","OTTHUMG00000153768.1"
"ENSG00000277022.1",19.6252413191896,-2.16253004194644,0.202113103786792,-10.6996033479733,1.02214817419234e-26,9.28362445982089e-26,"HAVANA","gene",NA,NA,"lncRNA","AL031663.3","2",NA,"OTTHUMG00000186919.1"
"ENSG00000268100.1",9.07404163211899,-3.11272856032096,0.291080962755775,-10.6936864948211,1.08952391082253e-26,9.88806413478073e-26,"HAVANA","gene",NA,NA,"unprocessed_pseudogene","ZNF725P","2","HGNC:32461","OTTHUMG00000183274.1"
"ENSG00000159625.15",14.7247483642904,-2.35154819479267,0.220004791948061,-10.6886226157648,1.15067098764623e-26,1.0429180290982e-25,"HAVANA","gene",NA,NA,"protein_coding","DRC7","1","HGNC:25289","OTTHUMG00000133473.6"
"ENSG00000272180.1",4.22331647878626,2.30233814510552,0.215535067008157,10.6819654781205,1.23626071049643e-26,1.11922242327823e-25,"HAVANA","gene",NA,NA,"lncRNA","AC011306.1","2",NA,"OTTHUMG00000185572.1"
"ENSG00000250692.1",0.872751223615995,3.11509571356894,0.291783374025552,10.6760562488257,1.31750531676809e-26,1.19119984386411e-25,"HAVANA","gene",NA,NA,"lncRNA","AC008667.2","2",NA,"OTTHUMG00000163348.1"
"ENSG00000287292.1",4.40898914262852,2.04647438885128,0.191762909692395,10.6718989200467,1.37781401864985e-26,1.24408348348123e-25,"HAVANA","gene",NA,NA,"lncRNA","AC002460.2","2",NA,"OTTHUMG00000195195.1"
"ENSG00000178828.7",10.7553644597439,3.05533012930325,0.286382785686306,10.6686933782743,1.42617728392464e-26,1.28726740152278e-25,"HAVANA","gene",NA,NA,"protein_coding","RNF186","2","HGNC:25978","OTTHUMG00000002709.2"
"ENSG00000151655.19",110.848280096035,2.28774841656302,0.214541941213782,10.6634087657638,1.50960902625144e-26,1.35975499995688e-25,"HAVANA","gene",NA,NA,"protein_coding","ITIH2","1","HGNC:6167","OTTHUMG00000017633.5"
"ENSG00000283554.1",4.78406286735389,-2.54169357606473,0.238388701601686,-10.6619716412213,1.5331229758959e-26,1.38041574469409e-25,"HAVANA","gene",NA,NA,"lncRNA","LINC02341","2","HGNC:53261","OTTHUMG00000191682.1"
"ENSG00000228561.2",21.9357818974142,-2.8474421211409,0.267082812865742,-10.6612705272513,1.54472589226708e-26,1.390601606511e-25,"HAVANA","gene",NA,NA,"lncRNA","AC026355.2","2",NA,"OTTHUMG00000157235.3"
"ENSG00000071677.1",4.21897738200262,-3.07899447852282,0.289075075233147,-10.6511932100667,1.72144217664252e-26,1.54648968091024e-25,"HAVANA","gene",NA,NA,"protein_coding","PRLH","2","HGNC:17945","OTTHUMG00000133296.2"
"ENSG00000236481.1",5.02168717332688,-2.50841304451224,0.235526239905284,-10.6502487600574,1.73899726726107e-26,1.56196773667938e-25,"HAVANA","gene",NA,NA,"lncRNA","LINC02195","2","HGNC:53058","OTTHUMG00000060136.1"
"ENSG00000171855.7",2.73592060385607,-3.45195400361809,0.324143940696304,-10.6494478847972,1.75402262590775e-26,1.5751682100701e-25,"HAVANA","gene",NA,NA,"protein_coding","IFNB1","2","HGNC:5434","OTTHUMG00000019652.2"
"ENSG00000262117.5",10.9890390875989,-3.67720645553374,0.345412604061657,-10.6458375064893,1.8233713098866e-26,1.63683191786897e-25,"HAVANA","gene",NA,NA,"lncRNA","BCAR4","2","HGNC:22170","OTTHUMG00000177469.1"
"ENSG00000189366.9",84.4424631875667,-2.05437427870762,0.19307945942284,-10.6400457347904,1.94034079029401e-26,1.73922782531311e-25,"HAVANA","gene",NA,NA,"protein_coding","ALG1L","2","HGNC:33721","OTTHUMG00000159588.1"
"ENSG00000178372.8",4583.77659401497,-3.01287688678642,0.283246343565722,-10.636948914708,2.00590493888942e-26,1.79698776406492e-25,"HAVANA","gene",NA,NA,"protein_coding","CALML5","2","HGNC:18180","OTTHUMG00000017598.2"
"ENSG00000286625.1",2.02908432156075,3.09965993307167,0.291950201539263,10.6170844093588,2.48192197273631e-26,2.21720831090428e-25,"HAVANA","gene",NA,NA,"lncRNA","AC113370.1","2",NA,"OTTHUMG00000195400.1"
"ENSG00000183598.4",7.79318249782131,-2.25175004078779,0.212286196525277,-10.6071429873665,2.76061534497903e-26,2.46112916222452e-25,"HAVANA","gene",NA,NA,"protein_coding","H3C13","2","HGNC:25311","OTTHUMG00000012092.2"
"ENSG00000234752.1",3.03198817926666,-3.85972914441953,0.363951971487319,-10.6050507946047,2.82310546427894e-26,2.51625646026806e-25,"HAVANA","gene",NA,NA,"lncRNA","LINC02676","2","HGNC:54170","OTTHUMG00000017650.1"
"ENSG00000237515.9",476.830445872528,-2.11312046773733,0.199363675423668,-10.5993253948932,3.00137370587472e-26,2.67179142044701e-25,"HAVANA","gene",NA,NA,"protein_coding","SHISA9","2","HGNC:37231","OTTHUMG00000154258.9"
"ENSG00000225208.1",28.6014699583937,-2.82177002441056,0.266250633071079,-10.5981720751712,3.03861187772007e-26,2.70393564378842e-25,"HAVANA","gene",NA,NA,"lncRNA","AL133387.1","2",NA,"OTTHUMG00000018929.1"
"ENSG00000270212.1",0.578474577161395,3.33379057163854,0.314581997295942,10.5975249705795,3.05970567457357e-26,2.72169511453434e-25,"HAVANA","gene",NA,NA,"lncRNA","AC008738.6","2",NA,"OTTHUMG00000184169.1"
"ENSG00000170683.6",2.15767869574986,2.72322125475505,0.257024988073895,10.5951614866805,3.13798932823785e-26,2.7902945195968e-25,"HAVANA","gene",NA,NA,"protein_coding","OR10A3","2","HGNC:8162","OTTHUMG00000165672.2"
"ENSG00000260731.1",3.29578209801469,-3.05541757999021,0.288440944323731,-10.5928705342226,3.21576474699011e-26,2.85786104671297e-25,"HAVANA","gene",NA,NA,"processed_pseudogene","KRT8P22","1","HGNC:33374","OTTHUMG00000176849.1"
"ENSG00000164893.9",34.3525570984348,-2.11874573423214,0.200070650750755,-10.5899877182468,3.31635362360287e-26,2.94670812512637e-25,"HAVANA","gene",NA,NA,"protein_coding","SLC7A13","2","HGNC:23092","OTTHUMG00000163663.2"
"ENSG00000111262.6",45.988123460376,2.08072419065192,0.196492654327021,10.5893230348906,3.33998506543016e-26,2.96660519993992e-25,"HAVANA","gene",NA,NA,"protein_coding","KCNA1","2","HGNC:6218","OTTHUMG00000044398.5"
"ENSG00000171402.15",1.65126778332164,3.57583893529513,0.337740961453114,10.5875192630182,3.40495891481897e-26,3.0237549881182e-25,"HAVANA","gene",NA,NA,"protein_coding","XAGE3","2","HGNC:14618","OTTHUMG00000021587.3"
"ENSG00000187791.13",0.720308704051369,2.50663094390085,0.237095776530647,10.5722294196027,4.00850333550464e-26,3.55182901431528e-25,"HAVANA","gene",NA,NA,"protein_coding","FAM205C","1","HGNC:42673","OTTHUMG00000019841.6"
"ENSG00000243910.8",18.0893597507449,-2.68931727281205,0.254427516048532,-10.5700724299767,4.10177721959262e-26,3.63313267869629e-25,"HAVANA","gene",NA,NA,"protein_coding","TUBA4B","2","HGNC:18637","OTTHUMG00000154516.9"
"ENSG00000100314.4",20.4770695622911,-2.02117886349913,0.191255508490735,-10.5679511113117,4.19560629920991e-26,3.71349524838623e-25,"HAVANA","gene",NA,NA,"protein_coding","CABP7","2","HGNC:20834","OTTHUMG00000151282.2"
"ENSG00000237576.2",0.836114333510815,2.33014135654404,0.220555848100872,10.5648586360691,4.33621501928097e-26,3.83511282211097e-25,"HAVANA","gene",NA,NA,"lncRNA","LINC01888","2","HGNC:52707","OTTHUMG00000152623.2"
"ENSG00000075429.9",5.36819614111364,-2.69277196695315,0.254961190335455,-10.5614974710867,4.49434153688411e-26,3.97203289120306e-25,"HAVANA","gene",NA,NA,"protein_coding","CACNG5","2","HGNC:1409","OTTHUMG00000166468.2"
"ENSG00000124237.6",30.2459896423416,-4.84391297042302,0.458738314003963,-10.5592073357561,4.60534203481466e-26,4.06863243385525e-25,"HAVANA","gene",NA,NA,"protein_coding","C20orf85","2","HGNC:16216","OTTHUMG00000032836.3"
"ENSG00000253389.2",1.35214548462938,3.18947125629031,0.302066269286158,10.5588461228314,4.62309604214149e-26,4.08281163832256e-25,"HAVANA","gene",NA,NA,"lncRNA","AC113133.1","1",NA,"OTTHUMG00000164084.2"
"ENSG00000122584.13",298.196377260822,-3.90537912527173,0.369869636632147,-10.5587989347604,4.62542039190406e-26,4.08411151817404e-25,"HAVANA","gene",NA,NA,"protein_coding","NXPH1","2","HGNC:20693","OTTHUMG00000151941.4"
"ENSG00000183747.12",3.21641242610664,2.68155356743359,0.25397196057755,10.5584630733863,4.64199746269775e-26,4.09723836473562e-25,"HAVANA","gene",NA,NA,"protein_coding","ACSM2A","2","HGNC:32017","OTTHUMG00000177401.5"
"ENSG00000162460.7",6.78110089878617,-3.61032833202441,0.341952745078999,-10.5579744101494,4.66622158584997e-26,4.11786104582929e-25,"HAVANA","gene",NA,NA,"protein_coding","TMEM82","2","HGNC:32350","OTTHUMG00000003065.3"
"ENSG00000231290.6",151.980502710032,2.17612339653969,0.206126802195918,10.5572073760274,4.70449812099932e-26,4.1508748614563e-25,"HAVANA","gene",NA,NA,"lncRNA","APCDD1L-DT","2","HGNC:27152","OTTHUMG00000032847.3"
"ENSG00000232444.1",0.564294904800329,3.32152457909441,0.314973825745714,10.5453987207685,5.33460960680057e-26,4.69818283569513e-25,"HAVANA","gene",NA,NA,"lncRNA","AC010745.4","1",NA,"OTTHUMG00000151743.1"
"ENSG00000237949.2",11.3470345981234,2.37826925555172,0.225592238756017,10.5423363350894,5.51124490390639e-26,4.84750768030393e-25,"HAVANA","gene",NA,NA,"lncRNA","LINC00844","1","HGNC:45031","OTTHUMG00000018273.13"
"ENSG00000140505.7",1.44876885426984,2.46864775383051,0.234200669051921,10.5407374104607,5.60576044453671e-26,4.9297353689015e-25,"HAVANA","gene",NA,NA,"protein_coding","CYP1A2","2","HGNC:2596","OTTHUMG00000172901.5"
"ENSG00000175664.10",2.40029412576871,2.88061690159216,0.273500777982143,10.5323901556881,6.12589367354243e-26,5.37628807289646e-25,"HAVANA","gene",NA,NA,"protein_coding","TEX26","1","HGNC:28622","OTTHUMG00000016682.3"
"ENSG00000250821.3",0.624592329493011,4.01816589062929,0.382054121100811,10.5172688074971,7.19284047292375e-26,6.29652817573135e-25,"HAVANA","gene",NA,NA,"protein_coding","EXOC1L","2","HGNC:53433","OTTHUMG00000160694.2"
"ENSG00000279581.1",0.796487267093811,2.72252729021071,0.258895112483921,10.5159470338776,7.2944241080497e-26,6.38195505874107e-25,"HAVANA","gene",NA,NA,"TEC","AC073862.2","2",NA,"OTTHUMG00000168344.1"
"ENSG00000230498.3",49.1613173272074,-2.8991391855273,0.276047299659988,-10.5023276413072,8.42759792841048e-26,7.36128015952864e-25,"HAVANA","gene",NA,NA,"lncRNA","AL035409.1","1",NA,"OTTHUMG00000009688.2"
"ENSG00000250546.6",13.0868766850954,-4.01127268798682,0.381956437347414,-10.5019114636319,8.46484306223643e-26,7.39246502208799e-25,"HAVANA","gene",NA,NA,"lncRNA","AC079160.1","2",NA,"OTTHUMG00000160961.3"
"ENSG00000266174.1",2.49678237473251,-2.87133507218326,0.273514686203457,-10.49791918686,8.83051785143095e-26,7.70619508674056e-25,"ENSEMBL","gene",NA,NA,"miRNA","MIR4666A","3","HGNC:41750",NA
"ENSG00000183273.7",17.2429841971106,-3.45342806364001,0.329163096264763,-10.4915408283262,9.44749863589795e-26,8.23711846489301e-25,"HAVANA","gene",NA,NA,"protein_coding","CCDC60","2","HGNC:28610","OTTHUMG00000168943.2"
"ENSG00000287142.1",0.873434684672703,2.32551800235571,0.221692617263873,10.4898306089631,9.62007029695136e-26,8.38452916003165e-25,"HAVANA","gene",NA,NA,"lncRNA","AL355053.1","2",NA,"OTTHUMG00000194856.1"
"ENSG00000229019.1",1.48756299291188,2.8129170860279,0.268199511239555,10.4881514251359,9.79254929069552e-26,8.53175189156614e-25,"HAVANA","gene",NA,NA,"lncRNA","AL161457.1","1",NA,"OTTHUMG00000019965.1"
"ENSG00000177590.7",1.35341497567948,2.09354515911702,0.199630902563518,10.487079566506,9.90424530991957e-26,8.62749805087721e-25,"HAVANA","gene",NA,NA,"processed_pseudogene","GIMAP3P","2","HGNC:30975","OTTHUMG00000158113.1"
"ENSG00000181449.4",109.799564770544,-3.12125688167556,0.297800152901383,-10.4810452622876,1.05570412005313e-25,9.19112927344089e-25,"HAVANA","gene",NA,NA,"protein_coding","SOX2","2","HGNC:11195","OTTHUMG00000158222.2"
"ENSG00000236449.2",30.9898321256922,-2.74017512543448,0.26151221066196,-10.4781918920663,1.08803979009364e-25,9.46576835725191e-25,"HAVANA","gene",NA,NA,"lncRNA","AC010894.2","2",NA,"OTTHUMG00000154592.5"
"ENSG00000255345.1",7.46387301573258,-3.03845190358815,0.289992772194972,-10.477681497335,1.09392644314873e-25,9.51352621006637e-25,"HAVANA","gene",NA,NA,"lncRNA","AP002957.1","2",NA,"OTTHUMG00000166784.1"
"ENSG00000173702.7",45.1649780544501,-2.98101442200708,0.284763138990612,-10.4683999220326,1.20665316435031e-25,1.04767584458179e-24,"HAVANA","gene",NA,NA,"protein_coding","MUC13","2","HGNC:7511","OTTHUMG00000159484.5"
"ENSG00000277010.1",26.5593552077248,-2.6879086013136,0.256874074802164,-10.4639154550094,1.26517021599555e-25,1.09748877509228e-24,"HAVANA","gene",NA,NA,"lncRNA","AC120498.10","2",NA,"OTTHUMG00000186692.1"
"ENSG00000234810.4",14.2616458860506,2.329862954938,0.222742350757481,10.4599010785997,1.31993396833465e-25,1.14416566714154e-24,"HAVANA","gene",NA,NA,"lncRNA","AL603840.1","2",NA,"OTTHUMG00000008243.10"
"ENSG00000184564.11",4725.12685322878,-2.54827397155835,0.243652729794343,-10.4586309117457,1.3377459071566e-25,1.15897660780963e-24,"HAVANA","gene",NA,NA,"protein_coding","SLITRK6","2","HGNC:23503","OTTHUMG00000017157.6"
"ENSG00000272438.1",10.2373415686987,-2.34433762490216,0.224258083817774,-10.4537485783884,1.40845787442556e-25,1.21825630553761e-24,"HAVANA","gene",NA,NA,"lncRNA","AL645608.6","2",NA,"OTTHUMG00000185550.1"
"ENSG00000259285.1",0.775233487858274,2.38567513753678,0.228232339395054,10.4528356667604,1.42208504227325e-25,1.22959924878742e-24,"HAVANA","gene",NA,NA,"lncRNA","AC025431.1","2",NA,"OTTHUMG00000172006.1"
"ENSG00000277892.1",0.634714592695119,2.10438746537598,0.201425448998103,10.4474756086844,1.50477216545727e-25,1.30062483216774e-24,"ENSEMBL","gene",NA,NA,"miRNA","MIR6746","3","HGNC:49925",NA
"ENSG00000226650.6",3.17460110806767,-2.02286801155432,0.193787654554871,-10.438580394612,1.65263553378045e-25,1.4255989993414e-24,"HAVANA","gene",NA,NA,"protein_coding","KIF4B","2","HGNC:6322","OTTHUMG00000164143.2"
"ENSG00000275379.2",2.98160214483661,-3.94683174864034,0.378717493400847,-10.4215723261108,1.97658132313506e-25,1.70014382749373e-24,"HAVANA","gene",NA,NA,"protein_coding","H3C11","2","HGNC:4771","OTTHUMG00000016184.2"
"ENSG00000285790.1",5.9752355825142,2.08451147649648,0.200106126823881,10.4170297510736,2.07327088225874e-25,1.78171135370432e-24,"HAVANA","gene",NA,NA,"lncRNA","AC021517.3","2",NA,"OTTHUMG00000193021.1"
"ENSG00000277268.2",11.416913578635,-4.98445485013226,0.478508805761477,-10.4166418467477,2.08174152222842e-25,1.78866994852876e-24,"HAVANA","gene",NA,NA,"lncRNA","LHX1-DT","2","HGNC:53778","OTTHUMG00000188447.2"
"ENSG00000100095.19",323.478961825658,-2.58691439273507,0.248362138301319,-10.4158967644117,2.09810815683067e-25,1.80208608450622e-24,"HAVANA","gene",NA,NA,"protein_coding","SEZ6L","2","HGNC:10763","OTTHUMG00000150870.6"
"ENSG00000203363.2",0.703519937481623,2.21651935264546,0.212837772062481,10.414125891126,2.13752102408636e-25,1.83495130378028e-24,"HAVANA","gene",NA,NA,"processed_pseudogene","GPR160P1","1","HGNC:54682","OTTHUMG00000153167.1"
"ENSG00000259390.4",5.47641298131308,-3.30961589109998,0.31789074515191,-10.4111740954221,2.20485390762517e-25,1.89173622339401e-24,"HAVANA","gene",NA,NA,"lncRNA","AC022196.1","2",NA,"OTTHUMG00000172455.6"
"ENSG00000196071.5",7.35102014527953,2.38659497731295,0.229254105468751,10.4102605815199,2.22611471334343e-25,1.90963573708655e-24,"HAVANA","gene",NA,NA,"protein_coding","OR2L13","2","HGNC:19578","OTTHUMG00000040446.4"
"ENSG00000187871.2",1.01327161625539,2.75670613725971,0.264834915482138,10.4091491570931,2.25225574633607e-25,1.93102313541448e-24,"HAVANA","gene",NA,NA,"protein_coding","GFRAL","2","HGNC:32789","OTTHUMG00000014900.2"
"ENSG00000146839.19",17.5727675309314,-2.25368217873963,0.216527684915741,-10.4082864951732,2.27275530780211e-25,1.94755333208369e-24,"HAVANA","gene",NA,NA,"protein_coding","ZAN","2","HGNC:12857","OTTHUMG00000157037.6"
"ENSG00000216867.2",3.01960411698776,-2.27344884479807,0.218459366355169,-10.4067355075173,2.31007779550684e-25,1.97812023561631e-24,"HAVANA","gene",NA,NA,"processed_pseudogene","RPL22P12","1","HGNC:36345","OTTHUMG00000153640.2"
"ENSG00000273267.1",3.87823221434835,-2.76328664459646,0.2656376103866,-10.4024676346654,2.41594293209002e-25,2.06729462183305e-24,"HAVANA","gene",NA,NA,"lncRNA","AC097381.3","2",NA,"OTTHUMG00000186243.1"
"ENSG00000224223.1",34.1046786689123,-5.40047684806976,0.519374247707977,-10.3980450934992,2.53071768546245e-25,2.16434638183695e-24,"HAVANA","gene",NA,NA,"lncRNA","VSTM2A-OT1","2","HGNC:50770","OTTHUMG00000156070.1"
"ENSG00000287544.1",2.17737776467284,2.09475891203513,0.201591671765006,10.3910984699655,2.72199908749536e-25,2.32461633301074e-24,"HAVANA","gene",NA,NA,"lncRNA","AC097518.2","2",NA,"OTTHUMG00000195326.1"
"ENSG00000164326.5",1126.58355812193,-6.57870511620075,0.633317868421587,-10.3876827802077,2.82123982878439e-25,2.40851033850784e-24,"HAVANA","gene",NA,NA,"protein_coding","CARTPT","2","HGNC:24323","OTTHUMG00000131261.4"
"ENSG00000233515.2",7.88919335718146,-3.22070568798583,0.310072668480723,-10.3869383385723,2.84334048470417e-25,2.42694535225684e-24,"HAVANA","gene",NA,NA,"lncRNA","LINC01518","2","HGNC:51216","OTTHUMG00000018017.5"
"ENSG00000276923.1",3.83255336822091,-2.84594810266085,0.274100036497023,-10.38288115183,2.96683834842242e-25,2.53055412627592e-24,"HAVANA","gene",NA,NA,"lncRNA","AL139351.1","2",NA,"OTTHUMG00000186935.1"
"ENSG00000182545.6",6.25222499716441,-2.03396541999422,0.195925135692249,-10.3813398562045,3.01513492411768e-25,2.57083314138598e-24,"HAVANA","gene",NA,NA,"protein_coding","RNASE10","2","HGNC:19275","OTTHUMG00000170986.1"
"ENSG00000184226.15",333.067828193262,2.18008417571344,0.210023183537648,10.3802072656548,3.05112054171692e-25,2.60059037811168e-24,"HAVANA","gene",NA,NA,"protein_coding","PCDH9","2","HGNC:8661","OTTHUMG00000017040.6"
"ENSG00000274312.1",5.47024119455771,2.54949952386987,0.24574360336317,10.3746322955235,3.23455188428406e-25,2.75357058383467e-24,"HAVANA","gene",NA,NA,"lncRNA","AC015722.2","2",NA,"OTTHUMG00000187037.1"
"ENSG00000188620.11",42.4827048788296,-3.38111715234548,0.325977767770785,-10.3722323625547,3.3168421828077e-25,2.82105288440115e-24,"HAVANA","gene",NA,NA,"protein_coding","HMX3","2","HGNC:5019","OTTHUMG00000019199.6"
"ENSG00000170819.5",25.1069422598576,-2.0079593315277,0.193780365808907,-10.3620370574995,3.69017987834731e-25,3.13357883678872e-24,"HAVANA","gene",NA,NA,"protein_coding","BFSP2","2","HGNC:1041","OTTHUMG00000159719.5"
"ENSG00000127743.6",70.5163060982108,2.05400675374069,0.198287650287462,10.3587225465779,3.82030024301404e-25,3.24005283488764e-24,"HAVANA","gene",NA,NA,"protein_coding","IL17B","2","HGNC:5982","OTTHUMG00000130051.4"
"ENSG00000156284.6",818.571428205995,2.07758645650815,0.200622444064542,10.3557030530431,3.94279117060031e-25,3.34039124639188e-24,"HAVANA","gene",NA,NA,"protein_coding","CLDN8","2","HGNC:2050","OTTHUMG00000081872.2"
"ENSG00000166342.19",66.3726040099248,-2.11146305484641,0.203901582049205,-10.3553049153727,3.9592300276123e-25,3.35372543534133e-24,"HAVANA","gene",NA,NA,"protein_coding","NETO1","2","HGNC:13823","OTTHUMG00000132834.6"
"ENSG00000116748.21",40.6010044916789,2.01611956954864,0.194781513763469,10.3506720457923,4.15558461588933e-25,3.51756287892681e-24,"HAVANA","gene",NA,NA,"protein_coding","AMPD1","1","HGNC:468","OTTHUMG00000011892.8"
"ENSG00000165553.4",6.21027460377903,-3.3339378253592,0.322120683110506,-10.3499650912372,4.18638422669684e-25,3.5423819904812e-24,"HAVANA","gene",NA,NA,"protein_coding","NGB","2","HGNC:14077","OTTHUMG00000171558.1"
"ENSG00000182533.7",3.94398714852343,2.02436273547354,0.195594530115229,10.3497921658696,4.19395236504845e-25,3.5481592408524e-24,"HAVANA","gene",NA,NA,"protein_coding","CAV3","2","HGNC:1529","OTTHUMG00000090519.4"
"ENSG00000155495.9",14.5918494412126,-3.91286578430454,0.378267385017418,-10.344179644577,4.447085749015e-25,3.75435908784685e-24,"HAVANA","gene",NA,NA,"protein_coding","MAGEC1","2","HGNC:6812","OTTHUMG00000022569.2"
"ENSG00000135248.15",10.7381225612266,-2.07063738184627,0.200203978256875,-10.3426385423246,4.51920265754891e-25,3.8138981737391e-24,"HAVANA","gene",NA,NA,"protein_coding","FAM71F1","1","HGNC:30704","OTTHUMG00000158276.4"
"ENSG00000256654.4",7.28976450965354,2.35288416387406,0.227564466353819,10.3394181067609,4.67366726077928e-25,3.94009147393868e-24,"HAVANA","gene",NA,NA,"lncRNA","AC005906.2","2",NA,"OTTHUMG00000192202.4"
"ENSG00000228714.4",6.20820145435902,-3.28200299964916,0.317713142783313,-10.3300825735357,5.15162186721093e-25,4.33083354374585e-24,"HAVANA","gene",NA,NA,"lncRNA","AL691420.1","2",NA,"OTTHUMG00000020550.4"
"ENSG00000163737.4",2.19232929600523,2.65875754027995,0.257769496857211,10.314476975345,6.06104147913514e-25,5.08376220702669e-24,"HAVANA","gene",NA,NA,"protein_coding","PF4","2","HGNC:8861","OTTHUMG00000130009.2"
"ENSG00000118526.7",2.06067288804306,2.39803266271746,0.232845070999786,10.298833694099,7.13207361779215e-25,5.97164709941317e-24,"HAVANA","gene",NA,NA,"protein_coding","TCF21","2","HGNC:11632","OTTHUMG00000015608.2"
"ENSG00000253647.1",2.2871593828549,2.32812629560079,0.22610063303606,10.2968588116668,7.27997462612052e-25,6.09441873733067e-24,"HAVANA","gene",NA,NA,"lncRNA","KCNIP1-OT1","2","HGNC:40320","OTTHUMG00000163147.1"
"ENSG00000205846.4",7.48123430666226,-2.79244448116968,0.271569812655333,-10.2826026717253,8.44166594987994e-25,7.05091031483173e-24,"HAVANA","gene",NA,NA,"protein_coding","CLEC6A","2","HGNC:14556","OTTHUMG00000168672.2"
"ENSG00000189001.11",131.68266600864,-3.25395297834145,0.316500468436182,-10.2810368478098,8.57995554928517e-25,7.16516768984229e-24,"HAVANA","gene",NA,NA,"protein_coding","SBSN","2","HGNC:24950","OTTHUMG00000048102.6"
"ENSG00000070985.13",5.95888012414568,-2.58423114903218,0.251415903283419,-10.2787099594054,8.78961675382237e-25,7.33769887917111e-24,"HAVANA","gene",NA,NA,"protein_coding","TRPM5","2","HGNC:14323","OTTHUMG00000009896.2"
"ENSG00000185960.14",3.08876301825376,2.14491476108892,0.20871252105316,10.2768858823884,8.95751523895777e-25,7.47265462473388e-24,"HAVANA","gene",NA,NA,"protein_coding","SHOX","2","HGNC:10853","OTTHUMG00000021053.5"
"ENSG00000049247.14",14.3473993138105,-2.1734128013807,0.211490161992541,-10.2766614811017,8.9783886921142e-25,7.48876396655973e-24,"HAVANA","gene",NA,NA,"protein_coding","UTS2","2","HGNC:12636","OTTHUMG00000001218.3"
"ENSG00000256713.8",1.6744198797675,2.85576515498884,0.277934909926913,10.2749422724184,9.13991384321576e-25,7.61951056600778e-24,"HAVANA","gene",NA,NA,"protein_coding","PGA5","2","HGNC:8887","OTTHUMG00000168075.3"
"ENSG00000271824.2",7.8922916794014,-3.68345137206565,0.358500894533446,-10.2745946474117,9.17292257411369e-25,7.64569799105406e-24,"HAVANA","gene",NA,NA,"protein_coding","SMIM32","2","HGNC:53640","OTTHUMG00000185564.3"
"ENSG00000267206.6",1.94094901773628,2.45195771948482,0.238708856156249,10.2717501100163,9.44750083023241e-25,7.87182199611191e-24,"HAVANA","gene",NA,NA,"protein_coding","LCN6","2","HGNC:17337","OTTHUMG00000020941.5"
"ENSG00000143546.10",2340.15438245454,-2.64494860752682,0.257545483664848,-10.2698310600887,9.63732773303039e-25,8.02859279585265e-24,"HAVANA","gene",NA,NA,"protein_coding","S100A8","2","HGNC:10498","OTTHUMG00000013124.3"
"ENSG00000279000.3",2.93127397607458,2.7951405654453,0.272186635682378,10.269205754492,9.69999371331189e-25,8.07939323374084e-24,"HAVANA","gene",NA,NA,"protein_coding","OR10A6","2","HGNC:15132","OTTHUMG00000165671.2"
"ENSG00000115297.11",9.16542697627493,-2.13694030475487,0.208195308819196,-10.2641136194412,1.0225570030473e-24,8.50976307382249e-24,"HAVANA","gene",NA,NA,"protein_coding","TLX2","2","HGNC:5057","OTTHUMG00000129960.5"
"ENSG00000249695.6",6.03137457073459,2.05346378710022,0.200163901230306,10.2589116942596,1.07916081059202e-24,8.97458677928545e-24,"HAVANA","gene",NA,NA,"lncRNA","AC026369.1","2",NA,"OTTHUMG00000167977.2"
"ENSG00000120251.21",1259.59528137268,-3.25301317406475,0.317398802228936,-10.2489774731991,1.19602059444496e-24,9.92612910795576e-24,"HAVANA","gene",NA,NA,"protein_coding","GRIA2","2","HGNC:4572","OTTHUMG00000133836.5"
"ENSG00000177938.5",5.59424495722116,2.77646310865443,0.271008676245958,10.2449233253868,1.24723733111546e-24,1.03436282731074e-23,"HAVANA","gene",NA,NA,"protein_coding","CAPZA3","2","HGNC:24205","OTTHUMG00000169001.2"
"ENSG00000189325.7",3.55674544447297,-2.93158633738131,0.286178519838566,-10.2439076805451,1.2604048692844e-24,1.04510206451048e-23,"HAVANA","gene",NA,NA,"protein_coding","BNIP5","2","HGNC:33769","OTTHUMG00000014591.3"
"ENSG00000267943.1",11.778817362063,-2.24853833341676,0.219661472780221,-10.236380121454,1.36238656635023e-24,1.12829629029973e-23,"HAVANA","gene",NA,NA,"lncRNA","AC010328.1","2",NA,"OTTHUMG00000182853.1"
"ENSG00000154493.19",61.7661836851844,2.38455114969275,0.233157377766666,10.2272172235489,1.49760940082989e-24,1.23793075213527e-23,"HAVANA","gene",NA,NA,"protein_coding","C10orf90","1","HGNC:26563","OTTHUMG00000019245.8"
"ENSG00000156234.7",2229.86847553613,-2.53976348861576,0.248334650725944,-10.2271812700781,1.49816534856835e-24,1.23817667500275e-23,"HAVANA","gene",NA,NA,"protein_coding","CXCL13","2","HGNC:10639","OTTHUMG00000130201.3"
"ENSG00000188306.6",18.7137020100171,-2.13708261623671,0.209024062494876,-10.224098559414,1.54660144592486e-24,1.27776642997517e-23,"HAVANA","gene",NA,NA,"protein_coding","LRRIQ4","2","HGNC:34298","OTTHUMG00000164420.1"
"ENSG00000225007.1",2.45737989405996,-2.43478563183497,0.238180074315572,-10.2224572682308,1.57301930034473e-24,1.29869644458928e-23,"HAVANA","gene",NA,NA,"lncRNA","AC000067.1","1",NA,"OTTHUMG00000150429.1"
"ENSG00000205634.7",11.3146416862842,-2.89782548408853,0.283516202908821,-10.2210224825157,1.59647919203201e-24,1.31715719115298e-23,"HAVANA","gene",NA,NA,"lncRNA","LINC00898","2","HGNC:48581","OTTHUMG00000150323.4"
"ENSG00000068781.21",1.84798425955786,2.038840171859,0.199507027495159,10.2193902513458,1.62358915145082e-24,1.33837158028233e-23,"HAVANA","gene",NA,NA,"protein_coding","STON1-GTF2A1L","1","HGNC:30651","OTTHUMG00000152037.6"
"ENSG00000160182.3",11552.8062963362,-2.87931957809201,0.281916231965267,-10.2133869980454,1.72727953502582e-24,1.4221337433079e-23,"HAVANA","gene",NA,NA,"protein_coding","TFF1","2","HGNC:11755","OTTHUMG00000086799.2"
"ENSG00000276410.4",4.2703160048006,-3.66122417855348,0.358520087224248,-10.212047550528,1.75129549882591e-24,1.44141156757858e-23,"HAVANA","gene",NA,NA,"protein_coding","H2BC3","2","HGNC:4751","OTTHUMG00000014421.2"
"ENSG00000261776.1",20.4694111380919,-5.33035846799206,0.522238067654111,-10.2067597100609,1.84937906553701e-24,1.52083335101061e-23,"HAVANA","gene",NA,NA,"processed_pseudogene","AC079414.2","1",NA,"OTTHUMG00000176850.1"
"ENSG00000287956.1",0.617020265200356,4.45511018554166,0.43665232233528,10.2028775702259,1.92483436428304e-24,1.58179784550258e-23,"HAVANA","gene",NA,NA,"lncRNA","AC010872.2","2",NA,"OTTHUMG00000195294.1"
"ENSG00000250685.7",1.86517248341876,2.20204940793289,0.215864495791527,10.2010726676402,1.96094629597096e-24,1.61119768547365e-23,"HAVANA","gene",NA,NA,"lncRNA","AC009123.1","2",NA,"OTTHUMG00000176733.1"
"ENSG00000286124.1",1.31454189249887,2.89768834683039,0.284069792768404,10.2006211874587,1.97008381523231e-24,1.61817601426724e-23,"HAVANA","gene",NA,NA,"lncRNA","AC084277.1","2",NA,"OTTHUMG00000192775.1"
"ENSG00000256463.8",7.0411793842052,-2.71131895046799,0.26584836571744,-10.1987422158907,2.00856760921341e-24,1.64947675964029e-23,"HAVANA","gene",NA,NA,"protein_coding","SALL3","1","HGNC:10527","OTTHUMG00000132896.5"
"ENSG00000256870.3",429.56010758038,-3.61342344344979,0.354987662848288,-10.1790113336814,2.46048441592072e-24,2.01163495506419e-23,"HAVANA","gene",NA,NA,"protein_coding","SLC5A8","2","HGNC:19119","OTTHUMG00000170499.2"
"ENSG00000196542.8",1581.99350597037,-2.09513269471328,0.205881384570725,-10.1764066677605,2.52721771385757e-24,2.06478514104564e-23,"HAVANA","gene",NA,NA,"protein_coding","SPTSSB","2","HGNC:24045","OTTHUMG00000159073.1"
"ENSG00000285407.1",9.18908100843758,-4.6217940964978,0.454199162040549,-10.1756993027767,2.54564840615079e-24,2.07948874916768e-23,"HAVANA","gene",NA,NA,"lncRNA","AL033530.1","2",NA,"OTTHUMG00000192366.1"
"ENSG00000235086.1",5.45434618028454,-2.34662183030932,0.230646392097136,-10.1741102861954,2.58753782242483e-24,2.11298682584581e-23,"HAVANA","gene",NA,NA,"lncRNA","FNDC1-IT1","1","HGNC:41460","OTTHUMG00000015929.1"
"ENSG00000172137.19",1145.81978718155,2.07902823235782,0.204466731918123,10.1680513639273,2.75362236465086e-24,2.24746247854212e-23,"HAVANA","gene",NA,NA,"protein_coding","CALB2","2","HGNC:1435","OTTHUMG00000137589.7"
"ENSG00000274997.2",7.54650030451237,-2.6392901826101,0.259770635230805,-10.1600790261189,2.98834133639368e-24,2.434888323582e-23,"HAVANA","gene",NA,NA,"protein_coding","H2AC12","2","HGNC:13671","OTTHUMG00000014468.2"
"ENSG00000177108.5",14.1178051964216,-3.15739618455371,0.3107844299547,-10.1594413369226,3.00795026239495e-24,2.44961579247564e-23,"HAVANA","gene",NA,NA,"protein_coding","ZDHHC22","2","HGNC:20106","OTTHUMG00000171575.3"
"ENSG00000165953.10",50.0877023592023,-2.32258561479854,0.228706362074741,-10.1553170350352,3.13788653172854e-24,2.55152993440452e-23,"HAVANA","gene",NA,NA,"protein_coding","SERPINA12","2","HGNC:18359","OTTHUMG00000171349.1"
"ENSG00000272788.1",4.06878225361504,-2.55634705924354,0.251866122269862,-10.1496264610948,3.32634137371446e-24,2.7033929637771e-23,"HAVANA","gene",NA,NA,"lncRNA","AP000864.1","2",NA,"OTTHUMG00000186222.1"
"ENSG00000274698.1",7.14218736458763,-2.21189763913914,0.217929888229892,-10.1495836899886,3.32779944831721e-24,2.70411925998774e-23,"HAVANA","gene",NA,NA,"lncRNA","AC099521.1","2",NA,"OTTHUMG00000177998.2"
"ENSG00000260318.1",137.065504136135,-2.62748074357659,0.258890654102533,-10.1489980497171,3.34782782711034e-24,2.71947153606064e-23,"HAVANA","gene",NA,NA,"processed_pseudogene","COX6CP1","1","HGNC:2286","OTTHUMG00000172958.1"
"ENSG00000267594.5",9.61595719701315,2.5107722209039,0.247429971369667,10.1474053729438,3.40290188448961e-24,2.7637401133395e-23,"HAVANA","gene",NA,NA,"unprocessed_pseudogene","CYP4F24P","2","HGNC:39945","OTTHUMG00000182391.4"
"ENSG00000256678.1",21.5005817469248,-3.85049228103964,0.37950680096741,-10.14604289363,3.45072741039526e-24,2.80115808593759e-23,"HAVANA","gene",NA,NA,"processed_pseudogene","AC025423.3","1",NA,"OTTHUMG00000169170.2"
"ENSG00000138653.10",21.1586272650769,-4.26999633255656,0.421119868565146,-10.1396221154453,3.68522365870258e-24,2.9899926416332e-23,"HAVANA","gene",NA,NA,"protein_coding","NDST4","2","HGNC:20779","OTTHUMG00000132916.3"
"ENSG00000278463.2",3.82097458970434,-2.9422236909073,0.29018583911277,-10.1391015492107,3.70491314293751e-24,3.00545866370024e-23,"HAVANA","gene",NA,NA,"protein_coding","H2AC4","2","HGNC:4734","OTTHUMG00000014420.2"
"ENSG00000102794.10",3.50345702973381,-3.30597892811927,0.326066925704557,-10.1389581938609,3.71035357690345e-24,3.00885307835891e-23,"HAVANA","gene",NA,NA,"protein_coding","ACOD1","2","HGNC:33904","OTTHUMG00000017098.2"
"ENSG00000229970.3",7.80744747694022,-2.95196916629462,0.291231881530223,-10.1361470137955,3.81865327208889e-24,3.09405848580718e-23,"HAVANA","gene",NA,NA,"lncRNA","AC007128.1","2",NA,"OTTHUMG00000185587.1"
"ENSG00000259439.2",133.983506401639,-3.03006022746261,0.299024343349249,-10.1331556940286,3.93733251915144e-24,3.18860042245682e-23,"HAVANA","gene",NA,NA,"lncRNA","LINC01833","2","HGNC:52644","OTTHUMG00000172199.2"
"ENSG00000225107.1",6.80753125392534,-3.48818088030939,0.344257944904161,-10.132462974182,3.96533269493767e-24,3.21019076401595e-23,"HAVANA","gene",NA,NA,"lncRNA","AC092484.1","2",NA,"OTTHUMG00000153709.1"
"ENSG00000217646.1",3.25030818724325,-2.89258047718633,0.285537993318094,-10.1302822912394,4.05477138933718e-24,3.28204252852077e-23,"HAVANA","gene",NA,NA,"processed_pseudogene","H2BC16P","2","HGNC:4754","OTTHUMG00000014491.1"
"ENSG00000269289.6",23.407132233207,2.09046907279974,0.206371778267956,10.1296266880321,4.08204894365948e-24,3.30300565598253e-23,"HAVANA","gene",NA,NA,"lncRNA","AC011503.1","2",NA,"OTTHUMG00000183389.2"
"ENSG00000261713.6",6.53206441575692,-4.32404913943673,0.426898502749473,-10.1289864255493,4.10886363432932e-24,3.32358022489815e-23,"HAVANA","gene",NA,NA,"lncRNA","SSTR5-AS1","2","HGNC:26502","OTTHUMG00000172831.1"
"ENSG00000280055.2",12.5906198424122,-2.20021805049851,0.217275335135211,-10.1264050479052,4.21875495008425e-24,3.41074164121729e-23,"HAVANA","gene",NA,NA,"lncRNA","TMEM75","2","HGNC:32295","OTTHUMG00000187197.1"
"ENSG00000276763.1",2.31362563623065,-2.56402595871206,0.253227620206602,-10.1253803065406,4.26318181357107e-24,3.44491551169151e-23,"HAVANA","gene",NA,NA,"processed_pseudogene","AC069499.2","2",NA,"OTTHUMG00000187565.1"
"ENSG00000259441.2",2.78872478231327,2.33103876388498,0.230314450366438,10.1211138084311,4.45318782844005e-24,3.59602610585813e-23,"HAVANA","gene",NA,NA,"processed_pseudogene","MRPL15P1","1","HGNC:29697","OTTHUMG00000172017.4"
"ENSG00000253170.1",7.83546242925746,-4.72864167184219,0.467667206823663,-10.1111251822819,4.93146114111282e-24,3.97821692659901e-23,"HAVANA","gene",NA,NA,"lncRNA","AC108515.1","2",NA,"OTTHUMG00000164937.1"
"ENSG00000280200.1",1.1918482085424,2.59302477196018,0.256549293707983,10.1073159644387,5.12696216912106e-24,4.13175370096871e-23,"HAVANA","gene",NA,NA,"TEC","AC073862.5","2",NA,"OTTHUMG00000168342.1"
"ENSG00000240521.1",66.7475817556349,-4.47392819505167,0.442738118057537,-10.1051344182437,5.24236293770533e-24,4.22191306682572e-23,"HAVANA","gene",NA,NA,"lncRNA","AC092979.1","2",NA,"OTTHUMG00000159518.1"
"ENSG00000147724.12",120.99733733536,-2.33664948743702,0.231256557754107,-10.1041436840963,5.29561735682423e-24,4.26405416670801e-23,"HAVANA","gene",NA,NA,"protein_coding","FAM135B","1","HGNC:28029","OTTHUMG00000149864.6"
"ENSG00000259977.1",9.76867925679092,-2.93671756580314,0.290661847758091,-10.1035536258177,5.32758868654216e-24,4.28838665947975e-23,"HAVANA","gene",NA,NA,"lncRNA","AL121578.1","2",NA,"OTTHUMG00000033178.1"
"ENSG00000223626.1",0.597572434746108,3.90250172958479,0.386258334146647,10.1033463477403,5.33886502089218e-24,4.29674152781697e-23,"HAVANA","gene",NA,NA,"lncRNA","LINC01044","2","HGNC:49032","OTTHUMG00000017366.1"
"ENSG00000249574.1",15.1357673378734,2.08072792421991,0.205951085734657,10.1030199321244,5.35667061590173e-24,4.31034748417621e-23,"HAVANA","gene",NA,NA,"lncRNA","AC226118.1","2",NA,"OTTHUMG00000160233.1"
"ENSG00000183566.10",7.80054112933151,-4.77308547057758,0.472607774549063,-10.0994645615634,5.55446260589886e-24,4.46393818201958e-23,"HAVANA","gene",NA,NA,"transcribed_unprocessed_pseudogene","BPIFA4P","2","HGNC:20469","OTTHUMG00000032251.6"
"ENSG00000286081.1",18.6386247741441,2.23199050917453,0.221044440392637,10.0974740880607,5.66833730901107e-24,4.55196179139659e-23,"HAVANA","gene",NA,NA,"lncRNA","AC016682.1","2",NA,"OTTHUMG00000192772.2"
"ENSG00000213140.3",2.75967078477661,-3.69152345907457,0.365922170648455,-10.0882749261483,6.22539064107605e-24,4.98593222356994e-23,"HAVANA","gene",NA,NA,"processed_pseudogene","ELK2AP","1","HGNC:3323","OTTHUMG00000152492.2"
"ENSG00000236136.1",2.37829279210067,2.05556677896534,0.204097324986969,10.0715027945446,7.3841077425082e-24,5.8991596121989e-23,"HAVANA","gene",NA,NA,"processed_pseudogene","ADORA2BP1","1","HGNC:265","OTTHUMG00000036482.1"
"ENSG00000249306.6",179.069039353769,-2.64901460140025,0.263111928691808,-10.0680140751168,7.65072631498927e-24,6.10808694802759e-23,"HAVANA","gene",NA,NA,"lncRNA","LINC01411","2","HGNC:50703","OTTHUMG00000163128.4"
"ENSG00000229630.1",3.54300696838638,-2.58231340161357,0.256560532966847,-10.0651233132075,7.87885349518436e-24,6.28497953636834e-23,"HAVANA","gene",NA,NA,"lncRNA","LINC01264","2","HGNC:50282","OTTHUMG00000018022.1"
"ENSG00000240602.7",7.23149324146467,2.10760975659651,0.209444929273439,10.0628349605205,8.06420738847268e-24,6.43176587284378e-23,"HAVANA","gene",NA,NA,"transcribed_unprocessed_pseudogene","AADACP1","1","HGNC:50305","OTTHUMG00000159879.2"
"ENSG00000287035.1",2.72530669650733,-2.28355058750373,0.227014407920871,-10.0590557595785,8.37981898987275e-24,6.67904055572789e-23,"HAVANA","gene",NA,NA,"lncRNA","AC138470.2","2",NA,"OTTHUMG00000194118.1"
"ENSG00000250626.3",0.713266223178155,3.35786222510458,0.33381691878277,10.0589935265974,8.38511732334748e-24,6.68215187893509e-23,"HAVANA","gene",NA,NA,"lncRNA","AC093909.4","1",NA,"OTTHUMG00000160282.4"
"ENSG00000232624.8",7.07682513343395,-3.10173259204582,0.308469588939802,-10.0552297641604,8.71179754284161e-24,6.93441136862505e-23,"HAVANA","gene",NA,NA,"lncRNA","LINC01517","1","HGNC:51212","OTTHUMG00000017878.9"
"ENSG00000153822.14",111.134790111256,2.78363725931495,0.276937106239034,10.0515142124447,9.04665048304245e-24,7.19019616195361e-23,"HAVANA","gene",NA,NA,"protein_coding","KCNJ16","2","HGNC:6262","OTTHUMG00000180349.4"
"ENSG00000165973.19",71.3236554119156,-3.67201002827017,0.365707447658724,-10.0408401627545,1.00811806938569e-23,7.9978368445551e-23,"HAVANA","gene",NA,NA,"protein_coding","NELL1","1","HGNC:7750","OTTHUMG00000166042.3"
"ENSG00000124391.5",4.74385485644571,-2.72671792310182,0.271753525773483,-10.0337904185083,1.08278330153364e-23,8.577405419391e-23,"HAVANA","gene",NA,NA,"protein_coding","IL17C","2","HGNC:5983","OTTHUMG00000173241.2"
"ENSG00000287971.1",17.217032767021,-3.08907313159297,0.308068805341499,-10.0272181994171,1.15731229660171e-23,9.15719770936219e-23,"HAVANA","gene",NA,NA,"lncRNA","AC093642.6","2",NA,"OTTHUMG00000195824.1"
"ENSG00000280229.1",4.61013614715584,-4.11483043736156,0.410488069185249,-10.0242388177781,1.19275092079287e-23,9.43345395060372e-23,"HAVANA","gene",NA,NA,"TEC","AL161658.1","2",NA,"OTTHUMG00000175631.1"
"ENSG00000251538.7",4.27046674655669,-2.68783409145776,0.268150221418515,-10.0236131718972,1.20032817187934e-23,9.49128943963351e-23,"HAVANA","gene",NA,NA,"lncRNA","LINC02201","2","HGNC:53067","OTTHUMG00000162984.6"
"ENSG00000116176.6",187.056693469464,-2.46544749356337,0.246095150335327,-10.0182693165793,1.26702115393013e-23,1.0010386458574e-22,"HAVANA","gene",NA,NA,"protein_coding","TPSG1","2","HGNC:14134","OTTHUMG00000090466.2"
"ENSG00000148123.15",40.5180419092691,2.24605432039939,0.224265614103081,10.0151524761483,1.30760123004406e-23,1.032759230653e-22,"HAVANA","gene",NA,NA,"protein_coding","PLPPR1","2","HGNC:25993","OTTHUMG00000020373.4"
"ENSG00000187855.5",12.1822412378257,-2.77279894972895,0.276932308438138,-10.0125513175663,1.34245062662161e-23,1.05975959007153e-22,"HAVANA","gene",NA,NA,"protein_coding","ASCL4","2","HGNC:24311","OTTHUMG00000156964.1"
"ENSG00000228044.3",24.8480582757749,-2.6959464451577,0.269408916214178,-10.006893918145,1.4214538729677e-23,1.12101819018737e-22,"HAVANA","gene",NA,NA,"lncRNA","AL160408.1","2",NA,"OTTHUMG00000037980.3"
"ENSG00000113396.13",246.306909093865,2.03354861431574,0.203217477079119,10.0067604595052,1.4233721108652e-23,1.12234624475892e-22,"HAVANA","gene",NA,NA,"protein_coding","SLC27A6","2","HGNC:11000","OTTHUMG00000128991.4"
"ENSG00000243635.1",5.09862848500143,-3.04664756037501,0.304602960770076,-10.0020287152583,1.49306488139904e-23,1.17575178283741e-22,"HAVANA","gene",NA,NA,"processed_pseudogene","AC091804.1","1",NA,"OTTHUMG00000159182.1"
"ENSG00000144339.12",4.70921394982922,2.41663464403344,0.242030031006006,9.98485449920664,1.77561393012883e-23,1.39344247981118e-22,"HAVANA","gene",NA,NA,"protein_coding","TMEFF2","1","HGNC:11867","OTTHUMG00000132723.5"
"ENSG00000278588.2",3.7921074476794,-3.30568970450775,0.331222576461114,-9.98026686413341,1.85965940925563e-23,1.45820429292042e-22,"HAVANA","gene",NA,NA,"protein_coding","H2BC10","2","HGNC:4756","OTTHUMG00000014448.2"
"ENSG00000286764.1",2.36575646852627,2.67964241819373,0.268553548782158,9.97805625859509,1.90155244503718e-23,1.49080964885831e-22,"HAVANA","gene",NA,NA,"lncRNA","AC188617.2","2",NA,"OTTHUMG00000195045.1"
"ENSG00000163220.11",8021.47636049481,-2.47665271940904,0.248249356348822,-9.97647186617083,1.93215177199001e-23,1.51430380166926e-22,"HAVANA","gene",NA,NA,"protein_coding","S100A9","2","HGNC:10499","OTTHUMG00000013125.2"
"ENSG00000233055.1",0.406434810052206,2.42366657707454,0.243043995005156,9.97213108278244,2.01850558757396e-23,1.580689812041e-22,"HAVANA","gene",NA,NA,"processed_pseudogene","AL353621.1","1",NA,"OTTHUMG00000020382.1"
"ENSG00000226549.3",4.39392302464845,2.01543860840292,0.202118950105283,9.9715469893005,2.03041329731841e-23,1.58975487946601e-22,"HAVANA","gene",NA,NA,"processed_pseudogene","SCDP1","1","HGNC:10572","OTTHUMG00000059556.2"
"ENSG00000284731.1",5.60474897044649,-2.02776264592141,0.203448590746931,-9.96695351133562,2.12651571459329e-23,1.66336927161085e-22,"HAVANA","gene",NA,NA,"unprocessed_pseudogene","AC083906.5","2",NA,"OTTHUMG00000192226.1"
"ENSG00000127831.11",20.4633766392376,-2.44874600462836,0.245851842682275,-9.96025076693437,2.27488183461991e-23,1.77710074509441e-22,"HAVANA","gene",NA,NA,"protein_coding","VIL1","1","HGNC:12690","OTTHUMG00000133112.6"
"ENSG00000148798.11",38.5773424232137,-2.80967720984265,0.282160874375045,-9.95771371940128,2.33367522699671e-23,1.8221378768809e-22,"HAVANA","gene",NA,NA,"protein_coding","INA","2","HGNC:6057","OTTHUMG00000018986.2"
"ENSG00000233080.3",3.99542390154125,-2.86674419654786,0.287974743330925,-9.95484591248877,2.40194677605062e-23,1.87391744081721e-22,"HAVANA","gene",NA,NA,"transcribed_processed_pseudogene","LINC01399","1","HGNC:50680","OTTHUMG00000155624.2"
"ENSG00000250572.1",0.762835288474332,4.42607401476895,0.444640665675511,9.95427174445398,2.4158512856195e-23,1.88415163753916e-22,"HAVANA","gene",NA,NA,"lncRNA","AC108516.1","2",NA,"OTTHUMG00000161058.1"
"ENSG00000164796.18",42.3882435170829,-3.74163595347113,0.37611660581833,-9.94807433543203,2.57110047883229e-23,2.00294998277813e-22,"HAVANA","gene",NA,NA,"protein_coding","CSMD3","2","HGNC:19291","OTTHUMG00000157027.5"
"ENSG00000232192.1",4.40694552465966,-3.89353037897524,0.391618990156218,-9.9421388564995,2.7290356463424e-23,2.12287867862095e-22,"HAVANA","gene",NA,NA,"lncRNA","KIF26B-AS1","1","HGNC:41098","OTTHUMG00000040077.1"
"ENSG00000286523.1",1.76315470654119,3.22121609889288,0.324658682990988,9.92185414299329,3.34484018309271e-23,2.59306299631022e-22,"HAVANA","gene",NA,NA,"lncRNA","AL022151.1","2",NA,"OTTHUMG00000194988.1"
"ENSG00000197870.12",14.6509260963554,-2.05849796180781,0.207629257963788,-9.91429619310602,3.60790224381814e-23,2.79203031014904e-22,"HAVANA","gene",NA,NA,"protein_coding","PRB3","2","HGNC:9339","OTTHUMG00000169065.8"
"ENSG00000253692.3",5.02739942254906,-3.57493754882574,0.360616348949762,-9.91340952576659,3.64007578159831e-23,2.81601858059705e-22,"HAVANA","gene",NA,NA,"IG_C_pseudogene","IGHEP1","2","HGNC:5523","OTTHUMG00000029957.2"
"ENSG00000183960.9",61.8373263312013,2.0013340492054,0.202047689254924,9.90525581651325,3.94957976603684e-23,3.05102171220292e-22,"HAVANA","gene",NA,NA,"protein_coding","KCNH8","2","HGNC:18864","OTTHUMG00000129891.3"
"ENSG00000286942.1",6.26074206196275,2.11238104877421,0.213273176543773,9.90457910838429,3.97640806996548e-23,3.07026125112081e-22,"HAVANA","gene",NA,NA,"lncRNA","AC017104.5","2",NA,"OTTHUMG00000195771.1"
"ENSG00000228792.3",2.43897209335392,-2.56083750432082,0.25862306204607,-9.90181418494165,4.08791176642387e-23,3.15533837166695e-22,"HAVANA","gene",NA,NA,"lncRNA","AL356310.1","2",NA,"OTTHUMG00000037001.3"
"ENSG00000250475.1",5.98299497196207,-4.43240210787211,0.447816583923014,-9.89780697499602,4.25502993440103e-23,3.28116021498718e-22,"HAVANA","gene",NA,NA,"unprocessed_pseudogene","AC017037.2","1",NA,"OTTHUMG00000161529.1"
"ENSG00000165078.13",149.236644574673,-2.60788503782107,0.263538327985891,-9.89565752257748,4.34744065237112e-23,3.35134161955109e-22,"HAVANA","gene",NA,NA,"protein_coding","CPA6","2","HGNC:17245","OTTHUMG00000164575.7"
"ENSG00000145808.10",115.893005345797,-2.34170558360809,0.236649138644174,-9.89526349863067,4.36459503112438e-23,3.36402425902782e-22,"HAVANA","gene",NA,NA,"protein_coding","ADAMTS19","2","HGNC:17111","OTTHUMG00000128990.4"
"ENSG00000224260.6",8.05449215728768,-3.40136141255633,0.343746843458851,-9.89496042590861,4.37783530570096e-23,3.37368649664039e-22,"HAVANA","gene",NA,NA,"lncRNA","AL023754.1","2",NA,"OTTHUMG00000036359.2"
"ENSG00000262801.6",19.7150659044997,-2.25163559182857,0.227575782257881,-9.89400352484383,4.41990078474997e-23,3.40555559017966e-22,"HAVANA","gene",NA,NA,"lncRNA","U91319.1","2",NA,"OTTHUMG00000177334.8"
"ENSG00000286982.1",0.881023868443851,2.7938456384499,0.282714930686519,9.88220053205391,4.97286855647481e-23,3.81933524432042e-22,"HAVANA","gene",NA,NA,"lncRNA","AC016931.1","2",NA,"OTTHUMG00000195676.1"
"ENSG00000130433.7",60.7738269161109,-3.39714002270224,0.344014457457426,-9.87499202158578,5.34372128842186e-23,4.09759422100338e-22,"HAVANA","gene",NA,NA,"protein_coding","CACNG6","2","HGNC:13625","OTTHUMG00000064907.2"
"ENSG00000180999.11",8.24479134916705,-2.62627102853176,0.26609806576301,-9.86956076137265,5.64110847872726e-23,4.32217347218652e-22,"HAVANA","gene",NA,NA,"protein_coding","C1orf105","2","HGNC:29591","OTTHUMG00000034750.5"
"ENSG00000285417.1",30.5394546183682,-2.11229617062542,0.214028622244813,-9.86922285660143,5.66014249559916e-23,4.33537053499849e-22,"HAVANA","gene",NA,NA,"transcribed_unitary_pseudogene","BX571818.1","2",NA,"OTTHUMG00000184376.4"
"ENSG00000258604.1",4.79492636374473,2.23468356009012,0.22659341994293,9.86208496545461,6.07740857870357e-23,4.64977076023136e-22,"HAVANA","gene",NA,NA,"lncRNA","AL161668.4","2",NA,"OTTHUMG00000029642.5"
"ENSG00000251325.1",1.27448022694173,4.08742908734918,0.41457677158962,9.85928148284013,6.24949949359202e-23,4.77838366961369e-22,"HAVANA","gene",NA,NA,"lncRNA","AC024132.3","2",NA,"OTTHUMG00000161691.1"
"ENSG00000189377.9",1340.2629163619,-2.44772210447665,0.248291970280036,-9.85824109300025,6.31458348085155e-23,4.82660648640073e-22,"HAVANA","gene",NA,NA,"protein_coding","CXCL17","2","HGNC:19232","OTTHUMG00000182817.2"
"ENSG00000227188.1",2.90653090359838,2.05726531919741,0.208696800448823,9.85767541607277,6.35025185547248e-23,4.85309565155027e-22,"HAVANA","gene",NA,NA,"lncRNA","MGAT3-AS1","1","HGNC:51356","OTTHUMG00000151100.1"
"ENSG00000105641.4",31.6688302883442,-2.11336272746095,0.214404803385208,-9.85688144152256,6.40065206991424e-23,4.88849419208658e-22,"HAVANA","gene",NA,NA,"protein_coding","SLC5A5","2","HGNC:11040","OTTHUMG00000183447.2"
"ENSG00000089199.10",769.915448213602,-3.45095679903925,0.350185286055307,-9.85465962294663,6.5438038128294e-23,4.99543723187789e-22,"HAVANA","gene",NA,NA,"protein_coding","CHGB","2","HGNC:1930","OTTHUMG00000031821.4"
"ENSG00000270722.1",10.7568408337142,-4.78727612378748,0.485806861015281,-9.8542785373237,6.56867362598967e-23,5.01362360078326e-22,"ENSEMBL","gene",NA,NA,"snRNA","RNVU1-31","3","HGNC:54448",NA
"ENSG00000235029.1",13.1942413886005,-2.41293113389976,0.244960606197717,-9.85028234275428,6.8351691171026e-23,5.21038905967201e-22,"HAVANA","gene",NA,NA,"lncRNA","MNX1-AS2","2","HGNC:40278","OTTHUMG00000187957.1"
"ENSG00000244642.3",6.00537840225165,-3.5774561597755,0.363700736034165,-9.83626318380462,7.85752654781739e-23,5.97451352017031e-22,"ENSEMBL","gene",NA,NA,"misc_RNA","RN7SL396P","3","HGNC:46412",NA
"ENSG00000163064.7",862.881881043372,-2.24244092110877,0.228054955539163,-9.83289714449414,8.12471767804235e-23,6.17473388253504e-22,"HAVANA","gene",NA,NA,"protein_coding","EN1","2","HGNC:3342","OTTHUMG00000131401.4"
"ENSG00000224535.2",8.62502135217738,-2.01672211192318,0.205103233997748,-9.83271727419627,8.13924596904211e-23,6.18479420105959e-22,"HAVANA","gene",NA,NA,"lncRNA","LINC02771","1","HGNC:54291","OTTHUMG00000036746.3"
"ENSG00000219027.2",3.38921935240602,-2.07585024779594,0.211147977007004,-9.83125804575947,8.25806379302962e-23,6.27408557443782e-22,"HAVANA","gene",NA,NA,"processed_pseudogene","RPS3AP2","1","HGNC:14196","OTTHUMG00000044469.2"
"ENSG00000201440.1",1.03939183894227,2.26475328296107,0.230420504037452,9.82878365109801,8.46347852672605e-23,6.42403764599881e-22,"ENSEMBL","gene",NA,NA,"rRNA_pseudogene","RNA5SP515","3","HGNC:43415",NA
"ENSG00000204740.11",254.874099835909,-2.58341246088314,0.263178487289963,-9.81619921706141,9.58909644135339e-23,7.26001280823706e-22,"HAVANA","gene",NA,NA,"protein_coding","MALRD1","1","HGNC:24331","OTTHUMG00000017779.7"
"ENSG00000234661.2",1.61413951290279,2.50738479091667,0.255434521571396,9.81615474483089,9.59332605315238e-23,7.26206748627794e-22,"HAVANA","gene",NA,NA,"lncRNA","CHL1-AS1","2","HGNC:40148","OTTHUMG00000154873.2"
"ENSG00000004939.15",5.31214432108346,2.12033776884786,0.216020638865393,9.81544069115119,9.6614908498291e-23,7.3125122688043e-22,"HAVANA","gene",NA,NA,"protein_coding","SLC4A1","2","HGNC:11027","OTTHUMG00000156843.3"
"ENSG00000118137.10",15.00038013196,-2.01228872695521,0.205013950158516,-9.8153746386493,9.66782051044426e-23,7.31614722248278e-22,"HAVANA","gene",NA,NA,"protein_coding","APOA1","1","HGNC:600","OTTHUMG00000046112.5"
"ENSG00000183760.11",21.0752563464394,-2.65537015615458,0.270565942413282,-9.81413304450038,9.78756636065476e-23,7.40208846628207e-22,"HAVANA","gene",NA,NA,"protein_coding","ACP7","1","HGNC:33781","OTTHUMG00000182799.2"
"ENSG00000235142.10",42.4800921127919,-2.16116896843513,0.220459101080877,-9.80303810475162,1.09249293610342e-22,8.24273016830158e-22,"HAVANA","gene",NA,NA,"lncRNA","LINC02532","2","HGNC:53549","OTTHUMG00000015305.49"
"ENSG00000215910.7",21.128214656117,-2.57152535146721,0.262538970633764,-9.79483291665079,1.18493159754597e-22,8.93172952146435e-22,"HAVANA","gene",NA,NA,"protein_coding","C1orf167","1","HGNC:25262","OTTHUMG00000002228.2"
"ENSG00000179914.5",4.59412456352515,2.45981718526633,0.251267559411855,9.78963297539902,1.24747882361481e-22,9.38547588558189e-22,"HAVANA","gene",NA,NA,"protein_coding","ITLN1","2","HGNC:18259","OTTHUMG00000028604.3"
"ENSG00000226539.1",4.04955267771034,-3.08557678123416,0.315198864040447,-9.78930171790915,1.25157226638954e-22,9.41331668488582e-22,"HAVANA","gene",NA,NA,"processed_pseudogene","MLXP1","1","HGNC:54600","OTTHUMG00000153371.1"
"ENSG00000260469.3",8.37576552160656,-3.45506274953627,0.353134270135239,-9.7839916477466,1.31903466897824e-22,9.90516473209205e-22,"HAVANA","gene",NA,NA,"lncRNA","INSYN1-AS1","2","HGNC:51422","OTTHUMG00000172684.4"
"ENSG00000262668.2",4.95991306414662,-3.89709720899998,0.398402917378287,-9.78179887498076,1.34793192564054e-22,1.01174085159703e-21,"HAVANA","gene",NA,NA,"lncRNA","AJ003147.2","2",NA,"OTTHUMG00000177553.2"
"ENSG00000143194.13",24.4089822790933,-2.11027381260157,0.215896045355373,-9.77449035311404,1.44884669093328e-22,1.08459757754084e-21,"HAVANA","gene",NA,NA,"protein_coding","MAEL","2","HGNC:25929","OTTHUMG00000034432.3"
"ENSG00000251350.2",22.0961414673805,-3.34988082528949,0.342756622292314,-9.7733511401936,1.46523650465422e-22,1.09669553097928e-21,"HAVANA","gene",NA,NA,"lncRNA","LINC02475","2","HGNC:53418","OTTHUMG00000160456.4"
"ENSG00000204610.13",5.23338438371693,-3.57660621159077,0.366241203638153,-9.7657122575549,1.57997858634318e-22,1.17999647812473e-21,"HAVANA","gene",NA,NA,"protein_coding","TRIM15","2","HGNC:16284","OTTHUMG00000031031.4"
"ENSG00000287018.1",1.20290795655336,2.32430126564998,0.238116299873989,9.76120184498078,1.6518589039592e-22,1.23186818064227e-21,"HAVANA","gene",NA,NA,"lncRNA","AL161717.1","2",NA,"OTTHUMG00000194926.1"
"ENSG00000287590.1",0.740609810866117,3.21073780139873,0.328929365566688,9.7611771325652,1.65226151717956e-22,1.23186818064227e-21,"HAVANA","gene",NA,NA,"lncRNA","AC090820.2","2",NA,"OTTHUMG00000193545.1"
"ENSG00000224963.3",4.72637599008778,-2.0685337366773,0.211958027770125,-9.75916674843138,1.6853420252213e-22,1.25575017773488e-21,"HAVANA","gene",NA,NA,"transcribed_unitary_pseudogene","U82695.1","1",NA,"OTTHUMG00000024203.3"
"ENSG00000263893.2",5.68546928171812,-3.53512746745794,0.362493040248765,-9.75226300905505,1.80401178550879e-22,1.34270940878866e-21,"HAVANA","gene",NA,NA,"lncRNA","AC080037.2","1",NA,"OTTHUMG00000178340.2"
"ENSG00000261678.3",9.89751879762941,-2.02342738420602,0.20749614842262,-9.7516382814238,1.81514988943226e-22,1.35078954959148e-21,"HAVANA","gene",NA,NA,"protein_coding","SCRT1","2","HGNC:15950","OTTHUMG00000165229.5"
"ENSG00000255960.1",9.41746900906645,2.165935334447,0.222154811514844,9.74966654864587,1.85075173263001e-22,1.37642836867904e-21,"HAVANA","gene",NA,NA,"processed_pseudogene","AC092851.1","1",NA,"OTTHUMG00000168842.1"
"ENSG00000253477.5",9.96019506783843,-3.84118651390445,0.394237221043429,-9.74333804336882,1.96975466242972e-22,1.46288863551399e-21,"HAVANA","gene",NA,NA,"lncRNA","AC012213.1","1",NA,"OTTHUMG00000165035.1"
"ENSG00000258828.2",2.63019097482761,-2.74387278333566,0.281797254744759,-9.73704582686922,2.0955780793932e-22,1.55488842781057e-21,"HAVANA","gene",NA,NA,"processed_pseudogene","KRT8P2","1","HGNC:20282","OTTHUMG00000170707.2"
"ENSG00000287986.1",3.63108541173747,2.28842931882324,0.235096281476409,9.73400899602435,2.15911900692472e-22,1.60079528972088e-21,"HAVANA","gene",NA,NA,"lncRNA","AL135841.1","2",NA,"OTTHUMG00000194669.1"
"ENSG00000214866.9",2.77810744132775,2.20434711202434,0.226535304059039,9.73070012720779,2.2305239554343e-22,1.65245713166626e-21,"HAVANA","gene",NA,NA,"protein_coding","DCDC2C","1","HGNC:32696","OTTHUMG00000151490.5"
"ENSG00000181378.14",54.0496132350219,-2.08691876166154,0.214763485919468,-9.71728854524222,2.54467298455569e-22,1.88169906914745e-21,"HAVANA","gene",NA,NA,"protein_coding","CFAP65","2","HGNC:25325","OTTHUMG00000133013.9"
"ENSG00000143355.16",13.8110545408502,-3.1510070072879,0.324271275690354,-9.71719434778673,2.547027483526e-22,1.88314948666251e-21,"HAVANA","gene",NA,NA,"protein_coding","LHX9","1","HGNC:14222","OTTHUMG00000035656.9"
"ENSG00000267577.1",2.24979327545668,-2.6721220910134,0.275446530617744,-9.7010555370606,2.98395445272815e-22,2.19974238852447e-21,"HAVANA","gene",NA,NA,"lncRNA","AC010327.4","2",NA,"OTTHUMG00000180668.2"
"ENSG00000259175.1",2.7747768161709,-3.19103687846358,0.328951216906911,-9.70063861890682,2.9961735368521e-22,2.20841037154744e-21,"HAVANA","gene",NA,NA,"lncRNA","AC108451.1","2",NA,"OTTHUMG00000172165.1"
"ENSG00000236651.1",5.62585134832151,-2.9293326586125,0.301979775223462,-9.70042664759526,3.00240499181427e-22,2.21266302350134e-21,"HAVANA","gene",NA,NA,"lncRNA","DLX2-DT","2","HGNC:50638","OTTHUMG00000154065.2"
"ENSG00000163207.7",44.831969628877,-3.38957016494827,0.349834109293407,-9.68907855152976,3.35542177340995e-22,2.46637399760771e-21,"HAVANA","gene",NA,NA,"protein_coding","IVL","2","HGNC:6187","OTTHUMG00000012451.2"
"ENSG00000269466.4",3.35279026087259,-3.80851357273523,0.393132517479878,-9.68760762185021,3.4040881230262e-22,2.50137825113781e-21,"HAVANA","gene",NA,NA,"protein_coding","H3Y1","2","HGNC:43735","OTTHUMG00000193381.1"
"ENSG00000227170.1",12.7020776500697,-2.43132140585375,0.251181223706968,-9.67955076407371,3.6833087461859e-22,2.70158178245203e-21,"HAVANA","gene",NA,NA,"lncRNA","AF178030.1","2",NA,"OTTHUMG00000142828.1"
"ENSG00000179059.10",19.6318172509976,-4.0846280647409,0.422221903738923,-9.67412639792035,3.88394485447994e-22,2.84656261248484e-21,"HAVANA","gene",NA,NA,"protein_coding","ZFP42","2","HGNC:30949","OTTHUMG00000160235.2"
"ENSG00000280335.1",7.60037814379584,-2.10886356319113,0.218073324221718,-9.67043342287486,4.02669078382922e-22,2.94892625272482e-21,"HAVANA","gene",NA,NA,"TEC","AC016866.3","2",NA,"OTTHUMG00000179759.1"
"ENSG00000046774.10",25.4893142220659,-5.50695263473513,0.569490960121247,-9.66995618958144,4.04551224843716e-22,2.96225724931414e-21,"HAVANA","gene",NA,NA,"protein_coding","MAGEC2","2","HGNC:13574","OTTHUMG00000022574.2"
"ENSG00000204595.1",0.632150116058598,2.39528978825548,0.247750775036065,9.66814246254852,4.11784086095537e-22,3.01475787971228e-21,"HAVANA","gene",NA,NA,"protein_coding","DPRX","2","HGNC:32166","OTTHUMG00000170632.1"
"ENSG00000063015.20",58.6863712039197,-2.71506324403696,0.280845820960771,-9.6674511116055,4.14574646329801e-22,3.03426081663012e-21,"HAVANA","gene",NA,NA,"protein_coding","SEZ6","1","HGNC:15955","OTTHUMG00000168010.7"
"ENSG00000266446.1",2.20289812229308,-2.62072016513617,0.271224384766295,-9.66255363578155,4.34885846098037e-22,3.18194576764767e-21,"HAVANA","gene",NA,NA,"lncRNA","AL449423.1","2",NA,"OTTHUMG00000179348.1"
"ENSG00000206585.1",11.0157319253821,-3.66639231828558,0.379682503212446,-9.65646898991842,4.61496911297838e-22,3.37304607479473e-21,"ENSEMBL","gene",NA,NA,"snRNA","RNVU1-7","3","HGNC:37500",NA
"ENSG00000236272.1",10.4063392715096,-3.54163137231136,0.366994504356309,-9.650366232386,4.89804886990579e-22,3.57449385159462e-21,"HAVANA","gene",NA,NA,"lncRNA","SCUBE1-AS2","2","HGNC:40633","OTTHUMG00000150678.1"
"ENSG00000278783.1",0.504005343146406,3.10726747674154,0.322045932404883,9.64852266115574,4.98689528877803e-22,3.6371160494041e-21,"ENSEMBL","gene",NA,NA,"miRNA","MIR6071","3","HGNC:50229",NA
"ENSG00000287342.1",4.81453505080043,2.12580761509392,0.220343302703476,9.64770696005537,5.02671317672358e-22,3.6655986042135e-21,"HAVANA","gene",NA,NA,"lncRNA","AC188616.1","2",NA,"OTTHUMG00000195213.1"
"ENSG00000238250.1",3.71266049479413,-2.35237375172388,0.243939141106967,-9.64328127519467,5.24829733270387e-22,3.82136664452648e-21,"HAVANA","gene",NA,NA,"lncRNA","ST6GAL2-IT1","2","HGNC:41380","OTTHUMG00000153201.1"
"ENSG00000175302.5",42.7492698220926,-2.5795113256595,0.268137902429428,-9.62009213277267,6.57722248275191e-22,4.77157373029443e-21,"HAVANA","gene",NA,NA,"unprocessed_pseudogene","ANKRD30BP1","1","HGNC:19722","OTTHUMG00000074201.1"
"ENSG00000260777.1",3.92473982726291,-2.40604473091616,0.250118142776642,-9.61963296307051,6.60664818036958e-22,4.79219552341418e-21,"HAVANA","gene",NA,NA,"lncRNA","AC061975.1","2",NA,"OTTHUMG00000175995.1"
"ENSG00000282142.2",1.70101179963287,2.42678084390802,0.252431661158803,9.61361515733699,7.00455277442716e-22,5.07467296874044e-21,"HAVANA","gene",NA,NA,"lncRNA","AC245187.2","2",NA,"OTTHUMG00000190745.2"
"ENSG00000242540.3",6.82848962936524,-2.79832755523139,0.291096188954615,-9.61306833071484,7.04186378976164e-22,5.1001616654192e-21,"HAVANA","gene",NA,NA,"lncRNA","AC010729.2","2",NA,"OTTHUMG00000151423.3"
"ENSG00000285844.2",5.74298500781269,-2.39007754677272,0.24863866343017,-9.61265441906613,7.07023646953803e-22,5.11916320470859e-21,"HAVANA","gene",NA,NA,"lncRNA","FO393414.3","2",NA,"OTTHUMG00000193011.2"
"ENSG00000258910.3",122.556195636042,-2.87451650784781,0.299888263265865,-9.58529179016057,9.21966666769706e-22,6.64831773102598e-21,"HAVANA","gene",NA,NA,"lncRNA","LINC01956","1","HGNC:52777","OTTHUMG00000170896.3"
"ENSG00000269526.1",10.3848856663458,-3.03792024981201,0.317132478650709,-9.57934129842939,9.76658164958156e-22,7.02789015967937e-21,"HAVANA","gene",NA,NA,"protein_coding","ERVV-1","2","HGNC:26501","OTTHUMG00000182942.1"
"ENSG00000231133.8",15.9483136705347,-2.44669219705453,0.255440391792875,-9.57832933108889,9.86273438009978e-22,7.09494901126998e-21,"HAVANA","gene",NA,NA,"lncRNA","HAR1B","2","HGNC:33118","OTTHUMG00000140135.8"
"ENSG00000223750.1",1.59833591379251,2.01602420583061,0.210686358568681,9.56884071435225,1.08111079592021e-21,7.7678491650476e-21,"HAVANA","gene",NA,NA,"unprocessed_pseudogene","SIRPB3P","2","HGNC:49209","OTTHUMG00000031678.2"
"ENSG00000188996.4",25.2623014689481,-2.22208302877948,0.232288768793545,-9.56603730916682,1.11081876833161e-21,7.96935118160638e-21,"HAVANA","gene",NA,NA,"protein_coding","HUS1B","2","HGNC:16485","OTTHUMG00000090059.2"
"ENSG00000216998.1",0.528846731633289,2.94243812061518,0.307635424156033,9.56469213091263,1.12535912271568e-21,8.07004274349768e-21,"HAVANA","gene",NA,NA,"unitary_pseudogene","CYP2AC1P","2","HGNC:39976","OTTHUMG00000014821.1"
"ENSG00000270460.1",5.62610901966437,-3.91834084889627,0.409709030561185,-9.56371609268476,1.13602708979057e-21,8.14532443458042e-21,"HAVANA","gene",NA,NA,"lncRNA","AC106900.1","2",NA,"OTTHUMG00000185116.1"
"ENSG00000286015.1",44.7748549721817,-2.74785712386282,0.287652520917671,-9.55269613176546,1.26364095001575e-21,9.0454262535865e-21,"HAVANA","gene",NA,NA,"protein_coding","CR589904.2","2",NA,"OTTHUMG00000193437.1"
"ENSG00000233101.10",132.861540010187,-2.39112255748924,0.250311966352786,-9.55256990838078,1.2651818933823e-21,9.05407371275162e-21,"HAVANA","gene",NA,NA,"lncRNA","HOXB-AS3","2","HGNC:40283","OTTHUMG00000159919.3"
"ENSG00000169760.17",77.1343929779677,2.00552816506536,0.210047827861564,9.54795955513117,1.32275765925847e-21,9.46152873321492e-21,"HAVANA","gene",NA,NA,"protein_coding","NLGN1","1","HGNC:14291","OTTHUMG00000157005.6"
"ENSG00000258986.7",71.7735705438099,-2.93726457536878,0.307647382235538,-9.5475038793601,1.3285871646443e-21,9.50180789044758e-21,"HAVANA","gene",NA,NA,"protein_coding","TMEM179","1","HGNC:20137","OTTHUMG00000170829.4"
"ENSG00000176406.23",251.652968971303,-2.27132877212536,0.237998145669196,-9.54347255832143,1.38127992528781e-21,9.87276163218546e-21,"HAVANA","gene",NA,NA,"protein_coding","RIMS2","1","HGNC:17283","OTTHUMG00000162097.12"
"ENSG00000026559.14",244.940721899561,-2.25972215040669,0.236783646720522,-9.54340462993994,1.38218529144396e-21,9.87775914574587e-21,"HAVANA","gene",NA,NA,"protein_coding","KCNG1","2","HGNC:6248","OTTHUMG00000032745.9"
"ENSG00000109158.11",4.06793116826165,3.15682864212148,0.330818465413561,9.54248015803798,1.39456540474029e-21,9.96326104102404e-21,"HAVANA","gene",NA,NA,"protein_coding","GABRA4","2","HGNC:4078","OTTHUMG00000099431.6"
"ENSG00000196553.15",42.2819059857247,-2.53335620446713,0.265550876941123,-9.54000315739427,1.42827966302217e-21,1.02010850708695e-20,"HAVANA","gene",NA,NA,"protein_coding","CCDC196","2","HGNC:20100","OTTHUMG00000029779.9"
"ENSG00000278637.2",3.18366912576386,-3.1405200352743,0.329514616404859,-9.53074576642054,1.56157348364296e-21,1.11364968147267e-20,"HAVANA","gene",NA,NA,"protein_coding","H4C1","2","HGNC:4781","OTTHUMG00000014419.2"
"ENSG00000179636.15",5.43540026062849,2.17848686024448,0.228648395973295,9.52767173795922,1.60850127856121e-21,1.14643404129526e-20,"HAVANA","gene",NA,NA,"protein_coding","TPPP2","1","HGNC:19293","OTTHUMG00000171071.3"
"ENSG00000260009.1",10.7218901141899,-2.06384019595272,0.216665843064483,-9.52545249755168,1.64324455625566e-21,1.17050024814465e-20,"HAVANA","gene",NA,NA,"lncRNA","LINC02130","2","HGNC:52989","OTTHUMG00000176060.1"
"ENSG00000104938.18",3.17542580809754,2.2212850811093,0.233279006145869,9.5220102220443,1.69860930670392e-21,1.20957746557944e-20,"HAVANA","gene",NA,NA,"protein_coding","CLEC4M","2","HGNC:13523","OTTHUMG00000182432.4"
"ENSG00000253937.1",6.97731170630697,-4.62982302598466,0.486291329878502,-9.52067771214718,1.720533068625e-21,1.22446136835745e-20,"HAVANA","gene",NA,NA,"unprocessed_pseudogene","NATP","2","HGNC:15","OTTHUMG00000163710.1"
"ENSG00000279688.1",0.546021746249037,4.34692065534409,0.457220938017448,9.50726507450148,1.95740936014618e-21,1.38850284934266e-20,"HAVANA","gene",NA,NA,"unprocessed_pseudogene","AQP7P3","2","HGNC:31976","OTTHUMG00000189282.1"
"ENSG00000259803.7",29.8134401575635,-2.30325004408089,0.242265977511219,-9.50711308183682,1.9602705872329e-21,1.39032662967177e-20,"HAVANA","gene",NA,NA,"protein_coding","SLC22A31","2","HGNC:27091","OTTHUMG00000175615.4"
"ENSG00000162631.19",218.24400481436,-2.50306293081594,0.263287534890054,-9.5069557009647,1.96323760627261e-21,1.39222489219243e-20,"HAVANA","gene",NA,NA,"protein_coding","NTNG1","2","HGNC:23319","OTTHUMG00000010965.4"
"ENSG00000241003.1",5.13504770775122,-2.38822747607485,0.251363928363459,-9.50107476288958,2.07735045303344e-21,1.47140538445937e-20,"HAVANA","gene",NA,NA,"processed_pseudogene","AC108860.1","1",NA,"OTTHUMG00000158667.1"
"ENSG00000266602.2",15.5598439146647,-4.04752957141882,0.426120126071276,-9.49856466235488,2.12803162851796e-21,1.50641246043581e-20,"HAVANA","gene",NA,NA,"lncRNA","AP005262.1","2",NA,"OTTHUMG00000178359.26"
"ENSG00000146678.10",20.6382971025458,2.75758293684957,0.290404542762287,9.49566046942597,2.18819772014823e-21,1.54763142563186e-20,"HAVANA","gene",NA,NA,"protein_coding","IGFBP1","1","HGNC:5469","OTTHUMG00000152343.4"
"ENSG00000200959.1",26.892119905103,-4.14967147496203,0.437371402599385,-9.48775217195206,2.36069747849222e-21,1.66741878511812e-20,"ENSEMBL","gene",NA,NA,"snoRNA","SNORA74A","3","HGNC:10119",NA
"ENSG00000186335.9",3.48613748659087,2.0386979213188,0.214899783616233,9.48673789713764,2.38377280964339e-21,1.6834692704896e-20,"HAVANA","gene",NA,NA,"protein_coding","SLC36A2","2","HGNC:18762","OTTHUMG00000130129.3"
"ENSG00000156219.17",233.406041898206,-2.81205128444747,0.296620726687544,-9.48029261424354,2.53571000744972e-21,1.78866116691572e-20,"HAVANA","gene",NA,NA,"protein_coding","ART3","2","HGNC:725","OTTHUMG00000130110.7"
"ENSG00000234693.1",6.79835915661269,-2.53919038077766,0.267922041860853,-9.47734782529168,2.60827977970091e-21,1.83795682078939e-20,"HAVANA","gene",NA,NA,"lncRNA","RIPOR3-AS1","2","HGNC:40760","OTTHUMG00000032727.2"
"ENSG00000271377.1",2.60700079827915,-2.57421315044854,0.271646682089842,-9.47632833445454,2.63387927851295e-21,1.85545002548971e-20,"HAVANA","gene",NA,NA,"processed_pseudogene","IFITM3P8","1","HGNC:54547","OTTHUMG00000184688.1"
"ENSG00000287061.1",2.68457337069746,-2.07135696675617,0.218703027543583,-9.47109415914871,2.76927527784974e-21,1.94968374080501e-20,"HAVANA","gene",NA,NA,"lncRNA","AC124248.2","2",NA,"OTTHUMG00000195866.1"
"ENSG00000273415.3",5.25573016461173,-2.46357901111053,0.260190516901101,-9.4683658745601,2.84255638747034e-21,2.00098261127981e-20,"HAVANA","gene",NA,NA,"lncRNA","LINC02725","2","HGNC:54242","OTTHUMG00000186085.8"
"ENSG00000257924.1",3.99760146966366,-2.36502539780356,0.249809287648704,-9.46732373349302,2.8710515492311e-21,2.02074452363246e-20,"HAVANA","gene",NA,NA,"lncRNA","LINC02416","2","HGNC:53345","OTTHUMG00000169663.1"
"ENSG00000124003.13",5.12283184996811,2.25119651357706,0.237805252521005,9.46655504750977,2.8922505560678e-21,2.03476834274902e-20,"HAVANA","gene",NA,NA,"protein_coding","MOGAT1","2","HGNC:18210","OTTHUMG00000153394.4"
"ENSG00000256955.2",5.58597076598981,-2.42947842975486,0.256711720929857,-9.46383913034762,2.96839823286516e-21,2.08650175082996e-20,"HAVANA","gene",NA,NA,"lncRNA","AC131009.2","2",NA,"OTTHUMG00000168051.2"
"ENSG00000258331.1",7.67159253984208,-2.11002790211841,0.222967678729776,-9.46338013715271,2.98146174267391e-21,2.09537673597634e-20,"HAVANA","gene",NA,NA,"lncRNA","LINC02461","2","HGNC:53398","OTTHUMG00000169352.1"
"ENSG00000087250.9",11.9566401634582,-2.52070211509653,0.266372880024856,-9.46305838214958,2.99065317444819e-21,2.10152821337361e-20,"HAVANA","gene",NA,NA,"protein_coding","MT3","2","HGNC:7408","OTTHUMG00000133282.3"
"ENSG00000226542.1",0.376207223684498,3.15162969672013,0.333068772628739,9.46239922718048,3.0095705789927e-21,2.11389131270401e-20,"HAVANA","gene",NA,NA,"lncRNA","AC114814.1","2",NA,"OTTHUMG00000153145.1"
"ENSG00000248347.3",3.76466902498111,-3.45899661862352,0.365826510535166,-9.45529238316646,3.2212045132526e-21,2.25955941771496e-20,"HAVANA","gene",NA,NA,"unprocessed_pseudogene","AC120036.1","1",NA,"OTTHUMG00000160446.3"
"ENSG00000186471.13",8.35479172423871,-2.91990553835914,0.308835103911673,-9.454577868176,3.243279542332e-21,2.27337999814376e-20,"HAVANA","gene",NA,NA,"protein_coding","AKAP14","2","HGNC:24061","OTTHUMG00000022285.2"
"ENSG00000166736.11",20.8644413084691,-2.51385847367552,0.266128478387029,-9.446033317861,3.51914685873914e-21,2.46350564000865e-20,"HAVANA","gene",NA,NA,"protein_coding","HTR3A","2","HGNC:5297","OTTHUMG00000160494.2"
"ENSG00000185053.14",6.87166787601906,2.80415690900606,0.29697056493226,9.44254158537799,3.63844857265813e-21,2.54590435396599e-20,"HAVANA","gene",NA,NA,"protein_coding","SGCZ","2","HGNC:14075","OTTHUMG00000090827.4"
"ENSG00000228222.1",0.553335152996251,2.85719629437109,0.302734160477483,9.43797122156488,3.80066714231655e-21,2.65708394554773e-20,"HAVANA","gene",NA,NA,"lncRNA","AC073050.1","2",NA,"OTTHUMG00000154028.1"
"ENSG00000262855.1",0.679540775124714,2.72079084372604,0.288406063949921,9.43388917161767,3.95158967640966e-21,2.76178937121498e-20,"HAVANA","gene",NA,NA,"processed_pseudogene","AC012146.3","2",NA,"OTTHUMG00000177800.1"
"ENSG00000176165.12",8.86460437033247,-4.21445665381493,0.446738189608381,-9.43384011451852,3.95343900784348e-21,2.76267886326986e-20,"HAVANA","gene",NA,NA,"protein_coding","FOXG1","2","HGNC:3811","OTTHUMG00000196007.1"
"ENSG00000126233.2",34.2097808454643,-2.86415161765436,0.303884712175208,-9.4251257233467,4.29590608282135e-21,2.99893429153389e-20,"HAVANA","gene",NA,NA,"protein_coding","SLURP1","2","HGNC:18746","OTTHUMG00000164685.2"
"ENSG00000178171.11",13.4992221290946,-4.02651310984109,0.427492200934373,-9.41891594990579,4.55769086246273e-21,3.17936763571038e-20,"HAVANA","gene",NA,NA,"protein_coding","AMER3","2","HGNC:26771","OTTHUMG00000131637.4"
"ENSG00000287519.1",11.8968367019725,-2.27962753333701,0.242491266290321,-9.40086448560065,5.41165891939431e-21,3.76685426163274e-20,"HAVANA","gene",NA,NA,"lncRNA","AC004921.2","2",NA,"OTTHUMG00000195237.1"
"ENSG00000287120.1",2.52462836602631,-3.17936330343686,0.338356713730226,-9.39648357612254,5.64170623700685e-21,3.92299195667632e-20,"HAVANA","gene",NA,NA,"lncRNA","AL138773.1","2",NA,"OTTHUMG00000194855.1"
"ENSG00000167194.7",3.35937850931907,-2.45920528883983,0.261905416162762,-9.38966946491686,6.0188840521334e-21,4.17919905706827e-20,"HAVANA","gene",NA,NA,"protein_coding","C16orf92","2","HGNC:26346","OTTHUMG00000177107.1"
"ENSG00000174502.19",37.3519426900685,-2.40282360224225,0.256584969543963,-9.36463116492316,7.63163700247772e-21,5.27759423771229e-20,"HAVANA","gene",NA,NA,"protein_coding","SLC26A9","2","HGNC:14469","OTTHUMG00000036001.3"
"ENSG00000226320.6",16.3321566842408,-2.69246642387058,0.288088548025207,-9.34596825291018,9.10525052436857e-21,6.27131329244534e-20,"HAVANA","gene",NA,NA,"lncRNA","LINC01811","2","HGNC:52615","OTTHUMG00000155767.32"
"ENSG00000264714.1",13.3486248304016,-2.02466747831845,0.216636778271128,-9.34590836549698,9.11040530853268e-21,6.27396174114993e-20,"HAVANA","gene",NA,NA,"transcribed_processed_pseudogene","KIAA0895LP1","1","HGNC:53865","OTTHUMG00000178481.2"
"ENSG00000286464.1",3.50536425419726,-4.23338990439637,0.453191732920996,-9.34127786734002,9.51783606461593e-21,6.54607415813594e-20,"HAVANA","gene",NA,NA,"lncRNA","AL583809.1","2",NA,"OTTHUMG00000194484.1"
"ENSG00000274281.1",3.84674582443873,-2.93382557914232,0.314162285454085,-9.33856708771335,9.76466174469699e-21,6.70909141242553e-20,"HAVANA","gene",NA,NA,"lncRNA","AC022929.2","2",NA,"OTTHUMG00000186811.1"
"ENSG00000241359.1",19.3276274212145,-2.05704710278803,0.220456910629091,-9.33083520456714,1.05039884053921e-20,7.20466835364836e-20,"HAVANA","gene",NA,NA,"lncRNA","SYNPR-AS1","2","HGNC:40774","OTTHUMG00000158700.1"
"ENSG00000169347.17",2344.87421044141,-2.57457465888085,0.275929884227471,-9.33053940891166,1.05333458654505e-20,7.22377040386109e-20,"HAVANA","gene",NA,NA,"protein_coding","GP2","2","HGNC:4441","OTTHUMG00000131489.3"
"ENSG00000287278.1",1.38790931043856,2.77597426586075,0.29753661171655,9.3298577605142,1.06013081662078e-20,7.26903639561937e-20,"HAVANA","gene",NA,NA,"lncRNA","AL353600.2","2",NA,"OTTHUMG00000194969.1"
"ENSG00000249312.1",2.01892464208127,-3.14465577513181,0.337098223317927,-9.32860382407297,1.07274636828474e-20,7.3526864813336e-20,"HAVANA","gene",NA,NA,"processed_pseudogene","ARL2BPP4","1","HGNC:39448","OTTHUMG00000163039.1"
"ENSG00000242136.1",16.3207274168277,-2.34850627137305,0.251776948099325,-9.32772554875269,1.08167077548648e-20,7.4117343898108e-20,"HAVANA","gene",NA,NA,"lncRNA","AC093904.2","1",NA,"OTTHUMG00000159113.1"
"ENSG00000215834.10",6.49607245735079,-3.01653587362444,0.323548593899369,-9.32328537506381,1.12792480376793e-20,7.71983962121735e-20,"HAVANA","gene",NA,NA,"transcribed_unprocessed_pseudogene","FMO9P","2","HGNC:32210","OTTHUMG00000078309.3"
"ENSG00000237555.1",3.70731248574277,-2.79115475243503,0.29947676498054,-9.32010452502517,1.16225745442945e-20,7.95141434266959e-20,"HAVANA","gene",NA,NA,"processed_pseudogene","AL031681.1","1",NA,"OTTHUMG00000032499.1"
"ENSG00000230316.7",13.7282389934747,-2.69718498046839,0.289421406088053,-9.31923114093298,1.17186385042092e-20,8.01484612043773e-20,"HAVANA","gene",NA,NA,"lncRNA","FEZF1-AS1","2","HGNC:41001","OTTHUMG00000157095.2"
"ENSG00000265728.1",6.97907525448311,-2.1664344510986,0.232619052898381,-9.31322874934498,1.24004220186577e-20,8.47388701916831e-20,"HAVANA","gene",NA,NA,"lncRNA","AP001099.1","2",NA,"OTTHUMG00000179172.1"
"ENSG00000251459.2",12.3937999283721,-2.82071123130514,0.302901324049695,-9.31231066801928,1.25081047773888e-20,8.54503493347637e-20,"HAVANA","gene",NA,NA,"lncRNA","AC013724.1","1",NA,"OTTHUMG00000161225.5"
"ENSG00000173976.16",0.882910232482738,2.24367964215935,0.240966364050833,9.31117357809341,1.26427578767161e-20,8.63210103852738e-20,"HAVANA","gene",NA,NA,"protein_coding","RAX2","2","HGNC:18286","OTTHUMG00000171148.4"
"ENSG00000250266.2",8.45056191942317,2.84121149192451,0.305227599887517,9.30850123963745,1.29648825704962e-20,8.84951594176482e-20,"HAVANA","gene",NA,NA,"lncRNA","LINC01612","1","HGNC:51837","OTTHUMG00000160893.7"
"ENSG00000228742.11",7.92601062970847,-2.86685188849401,0.308018938231343,-9.3073883864271,1.31014077243792e-20,8.93888413664209e-20,"HAVANA","gene",NA,NA,"lncRNA","LINC02577","2","HGNC:53749","OTTHUMG00000157590.11"
"ENSG00000287164.1",3.8926866407225,-2.7206413601916,0.292539750712556,-9.30007410468072,1.40347832475042e-20,9.56209421768949e-20,"HAVANA","gene",NA,NA,"lncRNA","AC112254.1","2",NA,"OTTHUMG00000194801.1"
"ENSG00000259423.3",2.45259553917758,-3.42588430910186,0.368672121989022,-9.2924962446818,1.50711452532573e-20,1.02565137653914e-19,"HAVANA","gene",NA,NA,"lncRNA","AC113146.1","2",NA,"OTTHUMG00000172478.4"
"ENSG00000226679.1",0.885284479897166,2.12362659054953,0.228591948402114,9.29003232788355,1.54241471546969e-20,1.04907849259161e-19,"HAVANA","gene",NA,NA,"lncRNA","AL606748.1","1",NA,"OTTHUMG00000021363.1"
"ENSG00000178597.7",10.3228145793553,-5.12456986500847,0.551808092419365,-9.28686972048587,1.58892538063266e-20,1.0799463042433e-19,"HAVANA","gene",NA,NA,"protein_coding","PSAPL1","2","HGNC:33131","OTTHUMG00000160006.3"
"ENSG00000204983.14",20.801990749332,-3.24403604651744,0.349388220192562,-9.28490389495536,1.61853175244312e-20,1.09897755469883e-19,"HAVANA","gene",NA,NA,"protein_coding","PRSS1","1","HGNC:9475","OTTHUMG00000158923.5"
"ENSG00000279685.2",60.2259471304003,-2.32536003723656,0.250546224921982,-9.28116174155349,1.67640598629612e-20,1.13779020829363e-19,"HAVANA","gene",NA,NA,"lncRNA","MAPT-IT1","2","HGNC:43741","OTTHUMG00000177993.2"
"ENSG00000225255.6",6.46100205756004,-4.85617234140328,0.523469582825283,-9.27689497294844,1.74489327804081e-20,1.18343483792377e-19,"HAVANA","gene",NA,NA,"lncRNA","PSLNR","1","HGNC:54405","OTTHUMG00000140260.2"
"ENSG00000162897.16",13.6121695326906,-2.59848836882608,0.280234798050613,-9.27253998040873,1.81764906543118e-20,1.23121117948265e-19,"HAVANA","gene",NA,NA,"protein_coding","FCAMR","2","HGNC:24692","OTTHUMG00000036579.5"
"ENSG00000205358.4",16.7530112789605,-2.13325949483017,0.23007714038094,-9.27193154130011,1.82804978898236e-20,1.23808121840748e-19,"HAVANA","gene",NA,NA,"protein_coding","MT1H","2","HGNC:7400","OTTHUMG00000133283.2"
"ENSG00000143125.6",9.13968878243047,2.47973907773231,0.267474523174471,9.27093559529332,1.84520173401186e-20,1.24952106115206e-19,"HAVANA","gene",NA,NA,"protein_coding","PROK1","2","HGNC:18454","OTTHUMG00000011569.3"
"ENSG00000234979.1",9.4183208965323,-4.0974761989662,0.442001853078047,-9.27026927699934,1.85676564943557e-20,1.25699649942714e-19,"HAVANA","gene",NA,NA,"lncRNA","Z82185.1","2",NA,"OTTHUMG00000150549.1"
"ENSG00000250535.1",27.0409136577464,-2.00927481730081,0.217166859526772,-9.25221657521418,2.19884626482578e-20,1.48354773338689e-19,"HAVANA","gene",NA,NA,"unprocessed_pseudogene","STK19B","2","HGNC:21668","OTTHUMG00000031025.2"
"ENSG00000278716.1",10.6039865597372,-2.09723144449352,0.226719223040525,-9.25034682268052,2.23765410835569e-20,1.50909358574495e-19,"HAVANA","gene",NA,NA,"lncRNA","AC133540.1","2",NA,"OTTHUMG00000187072.1"
"ENSG00000239437.3",6.18631047735417,-2.68341001596113,0.290126859797172,-9.24909199319602,2.26407780444002e-20,1.52643163496502e-19,"ENSEMBL","gene",NA,NA,"misc_RNA","RN7SL752P","3","HGNC:46768",NA
"ENSG00000259309.2",3.86493146215771,-2.8463851368223,0.307747899484585,-9.24908063252231,2.26431843658869e-20,1.52643163496502e-19,"HAVANA","gene",NA,NA,"lncRNA","AC021818.1","2",NA,"OTTHUMG00000172101.2"
"ENSG00000136231.14",45.2308597635341,-2.22282552343743,0.240427983059725,-9.24528623976879,2.34611905787469e-20,1.57979710559068e-19,"HAVANA","gene",NA,NA,"protein_coding","IGF2BP3","2","HGNC:28868","OTTHUMG00000128445.7"
"ENSG00000248663.6",55.0254049069672,-2.58089691418766,0.279279774284168,-9.2412596680259,2.4361213761511e-20,1.63971024348692e-19,"HAVANA","gene",NA,NA,"lncRNA","LINC00992","2","HGNC:48943","OTTHUMG00000162885.3"
"ENSG00000186442.7",3.74838614357502,-2.80483942404811,0.303517633485705,-9.24110863621442,2.43956286274854e-20,1.64179599317717e-19,"HAVANA","gene",NA,NA,"protein_coding","KRT3","2","HGNC:6440","OTTHUMG00000169799.1"
"ENSG00000151033.10",7.56388826789745,-3.26545854851067,0.353426105609677,-9.23943788158377,2.47795569458081e-20,1.66622957652444e-19,"HAVANA","gene",NA,NA,"protein_coding","LYZL2","2","HGNC:29613","OTTHUMG00000017898.4"
"ENSG00000234068.7",8.54859246280524,-4.48082573386531,0.485551066360138,-9.22833053885591,2.74882629721268e-20,1.84396902687566e-19,"HAVANA","gene",NA,NA,"protein_coding","PAGE2","2","HGNC:31804","OTTHUMG00000021648.6"
"ENSG00000255986.6",2.56696965084881,2.38476738995804,0.258530594477727,9.22431403051406,2.8538166593591e-20,1.91359490762624e-19,"HAVANA","gene",NA,NA,"transcribed_unprocessed_pseudogene","MT1JP","2","HGNC:7402","OTTHUMG00000176920.2"
"ENSG00000233718.8",7.52252902957289,-2.20739321589598,0.239396569421889,-9.22065517156967,2.95290359663954e-20,1.97837521066984e-19,"HAVANA","gene",NA,NA,"lncRNA","MYCNOS","2","HGNC:16911","OTTHUMG00000151741.4"
"ENSG00000225386.2",1.43374038544073,3.16169561386294,0.342949090340128,9.21913981672106,2.99493063907747e-20,2.00597129761221e-19,"HAVANA","gene",NA,NA,"lncRNA","AC099754.1","2",NA,"OTTHUMG00000155650.2"
"ENSG00000287560.1",3.37312675858622,-3.98771649096165,0.433194047070644,-9.20538155574272,3.4045948536461e-20,2.27431873170921e-19,"HAVANA","gene",NA,NA,"lncRNA","AL731533.3","2",NA,"OTTHUMG00000194016.1"
"ENSG00000116996.9",3.65008439986992,-4.05911234321537,0.441038780837813,-9.20352703566009,3.46389187122245e-20,2.31328491148965e-19,"HAVANA","gene",NA,NA,"protein_coding","ZP4","2","HGNC:15770","OTTHUMG00000039586.1"
"ENSG00000205835.9",2.06278023548441,3.1322894221594,0.340393868890397,9.20195605276299,3.51492089788885e-20,2.34572865605035e-19,"HAVANA","gene",NA,NA,"protein_coding","GMNC","2","HGNC:40049","OTTHUMG00000156195.2"
"ENSG00000276831.1",3.67187532657947,-2.15075703498037,0.233745081913641,-9.20129320956143,3.53667380257451e-20,2.35991701784603e-19,"HAVANA","gene",NA,NA,"lncRNA","AC020922.4","2",NA,"OTTHUMG00000186783.1"
"ENSG00000277987.2",7.51630238479422,2.36320218843482,0.256850544686486,9.20068980706021,3.55659169812113e-20,2.37287715160818e-19,"HAVANA","gene",NA,NA,"lncRNA","LINC02351","2","HGNC:53273","OTTHUMG00000187038.3"
"ENSG00000249421.2",13.5330559689225,-2.25409049802767,0.245013123900588,-9.19987657045771,3.58361161476985e-20,2.39023851404181e-19,"HAVANA","gene",NA,NA,"lncRNA","ADAMTS19-AS1","1","HGNC:40797","OTTHUMG00000163040.2"
"ENSG00000233533.1",9.18183963548338,-4.95922639006503,0.539811306940733,-9.18696278922056,4.04089491961267e-20,2.68925233502769e-19,"HAVANA","gene",NA,NA,"processed_pseudogene","MKNK2P1","1","HGNC:44970","OTTHUMG00000017966.1"
"ENSG00000186971.3",0.595086478694716,4.45725572845657,0.485488189611968,9.18097664130425,4.27199091747394e-20,2.8402870504604e-19,"HAVANA","gene",NA,NA,"protein_coding","KRTAP13-4","2","HGNC:18926","OTTHUMG00000057770.1"
"ENSG00000150676.13",10.9534448818653,-2.04211138703023,0.222617244890374,-9.17319495188186,4.59202966465704e-20,3.04714877055012e-19,"HAVANA","gene",NA,NA,"protein_coding","CCDC83","2","HGNC:28535","OTTHUMG00000166978.2"
"ENSG00000168830.8",6.78791674414716,-3.59042620689298,0.391415992289763,-9.17291648174408,4.6039112616683e-20,3.05461000618375e-19,"HAVANA","gene",NA,NA,"protein_coding","HTR1E","2","HGNC:5291","OTTHUMG00000015154.6"
"ENSG00000110148.10",34.943273130333,-3.2281470348739,0.352015254968638,-9.17047482831816,4.70940019008912e-20,3.12157392234601e-19,"HAVANA","gene",NA,NA,"protein_coding","CCKBR","1","HGNC:1571","OTTHUMG00000133380.4"
"ENSG00000237978.6",42.3923335316629,-2.41719617554786,0.26374819858723,-9.16478743170795,4.96447191210657e-20,3.28564510718367e-19,"HAVANA","gene",NA,NA,"lncRNA","KCNMB2-AS1","2","HGNC:51409","OTTHUMG00000157289.2"
"ENSG00000232044.7",63.568723514323,-2.67011832382107,0.291387159272467,-9.16347285339477,5.02534503754359e-20,3.32409610311629e-19,"HAVANA","gene",NA,NA,"lncRNA","SILC1","2","HGNC:26403","OTTHUMG00000151462.19"
"ENSG00000172867.4",7.57577591799253,-2.38208173502476,0.259995054041177,-9.16202711551388,5.09314379908925e-20,3.36847762858043e-19,"HAVANA","gene",NA,NA,"protein_coding","KRT2","2","HGNC:6439","OTTHUMG00000169748.2"
"ENSG00000226792.7",1.34934640478441,2.3681364393995,0.258646720501358,9.15587266990715,5.39202149058996e-20,3.56025013249952e-19,"HAVANA","gene",NA,NA,"protein_coding","C13orf42","1","HGNC:42693","OTTHUMG00000153575.4"
"ENSG00000125823.12",4.10621157111778,-3.0605153306232,0.334369311757435,-9.153098753403,5.53233691986735e-20,3.65138809520381e-19,"HAVANA","gene",NA,NA,"protein_coding","CSTL1","2","HGNC:15958","OTTHUMG00000032068.1"
"ENSG00000235934.2",4.05515502553676,-2.77076591575027,0.302919988995918,-9.14685731019094,5.86138609965335e-20,3.86430450026685e-19,"HAVANA","gene",NA,NA,"lncRNA","AC007405.2","1",NA,"OTTHUMG00000154073.2"
"ENSG00000047936.11",24.231203348979,-2.42032734294895,0.264654821192223,-9.14522294377938,5.95069935537303e-20,3.92102882844068e-19,"HAVANA","gene",NA,NA,"protein_coding","ROS1","2","HGNC:10261","OTTHUMG00000016188.1"
"ENSG00000106178.7",29.4385165879776,2.20030143941414,0.240768388274468,9.13866415430696,6.32284996538127e-20,4.16052385443506e-19,"HAVANA","gene",NA,NA,"protein_coding","CCL24","2","HGNC:10623","OTTHUMG00000156635.1"
"ENSG00000272748.1",1.39513371752816,-2.50240437974632,0.273835666440416,-9.13834349000267,6.34162305278012e-20,4.17230376900158e-19,"HAVANA","gene",NA,NA,"lncRNA","AC063962.1","2",NA,"OTTHUMG00000186424.1"
"ENSG00000277241.1",6.17878398940931,-3.05481746969349,0.334471590043924,-9.1332644105657,6.64642806440007e-20,4.36744436381028e-19,"HAVANA","gene",NA,NA,"processed_pseudogene","AC026355.4","2",NA,"OTTHUMG00000187573.1"
"ENSG00000147381.11",69.6175964169001,-5.58202507341129,0.611255647423409,-9.13206298696932,6.72061956006175e-20,4.41559082724299e-19,"HAVANA","gene",NA,NA,"protein_coding","MAGEA4","2","HGNC:6802","OTTHUMG00000024174.3"
"ENSG00000251604.1",4.03294281224569,-3.98198449810581,0.43618658980786,-9.12908510062142,6.90806044701882e-20,4.53563349344487e-19,"HAVANA","gene",NA,NA,"lncRNA","LINC01385","2","HGNC:50657","OTTHUMG00000162491.1"
"ENSG00000242993.1",0.530101102753813,2.03378458260578,0.222793660007093,9.12855681145069,6.94184872603397e-20,4.55719337440789e-19,"HAVANA","gene",NA,NA,"processed_pseudogene","AP000870.1","1",NA,"OTTHUMG00000158441.2"
"ENSG00000146166.17",7.07327249647679,-2.71889655629609,0.297864284530791,-9.12797101733432,6.97950591020023e-20,4.58128686337434e-19,"HAVANA","gene",NA,NA,"protein_coding","LGSN","2","HGNC:21016","OTTHUMG00000014946.6"
"ENSG00000286463.1",1.16287284693537,2.8186621042184,0.308799864410493,9.12779579615199,6.99080900613673e-20,4.58807752717823e-19,"HAVANA","gene",NA,NA,"lncRNA","AP002755.1","2",NA,"OTTHUMG00000194106.1"
"ENSG00000266120.1",6.98319047694204,-3.57622864455183,0.391908281939442,-9.12516731428613,7.16255349632436e-20,4.69757615344148e-19,"HAVANA","gene",NA,NA,"lncRNA","AC104984.4","2",NA,"OTTHUMG00000179755.1"
"ENSG00000180777.14",723.867542358559,-2.26581724354521,0.24835375754883,-9.12334593165846,7.28400175455519e-20,4.77330767419969e-19,"HAVANA","gene",NA,NA,"protein_coding","ANKRD30B","2","HGNC:24165","OTTHUMG00000178841.3"
"ENSG00000204949.9",13.806967117162,-2.39461497614603,0.263316423767644,-9.09405855465776,9.54094473577548e-20,6.21322090921576e-19,"HAVANA","gene",NA,NA,"lncRNA","FAM83A-AS1","2","HGNC:48658","OTTHUMG00000165086.3"
"ENSG00000162670.11",339.600796559667,-3.53832342350706,0.389320427434293,-9.08846074896556,1.00451032665439e-19,6.53443173795136e-19,"HAVANA","gene",NA,NA,"protein_coding","BRINP3","2","HGNC:22393","OTTHUMG00000035533.7"
"ENSG00000224928.2",2.33885373703218,-2.33015788253088,0.256495726646612,-9.08458754067768,1.04092599237594e-19,6.76764341087409e-19,"HAVANA","gene",NA,NA,"processed_pseudogene","KRT8P30","1","HGNC:33382","OTTHUMG00000154667.1"
"ENSG00000173627.8",7.48363985686536,-3.50502967922288,0.386180206031573,-9.07615052371773,1.12482761170565e-19,7.30124520753526e-19,"HAVANA","gene",NA,NA,"protein_coding","APOBEC4","2","HGNC:32152","OTTHUMG00000035459.3"
"ENSG00000100867.15",8848.16892689979,-2.61864522722278,0.288632039835794,-9.07260756190671,1.16202183642349e-19,7.53858716087331e-19,"HAVANA","gene",NA,NA,"protein_coding","DHRS2","2","HGNC:18349","OTTHUMG00000028771.5"
"ENSG00000170743.17",556.335318628258,-2.03707542796347,0.224718325425495,-9.06501694557551,1.24584885673327e-19,8.07585153918159e-19,"HAVANA","gene",NA,NA,"protein_coding","SYT9","2","HGNC:19265","OTTHUMG00000165499.3"
"ENSG00000134193.15",8.2409073232346,-2.32917068075902,0.257307936416501,-9.05207477545045,1.40277189530949e-19,9.06607331772258e-19,"HAVANA","gene",NA,NA,"protein_coding","REG4","1","HGNC:22977","OTTHUMG00000012175.3"
"ENSG00000282381.1",1.96362949144397,-2.80567318926785,0.310051292496555,-9.04906142037458,1.44202453443219e-19,9.31096973647524e-19,"HAVANA","gene",NA,NA,"lncRNA","AC104073.4","2",NA,"OTTHUMG00000191393.1"
"ENSG00000091513.16",1695.31460230756,2.11079420593835,0.233532889969925,9.03853074489929,1.58791664295188e-19,1.02350445800921e-18,"HAVANA","gene",NA,NA,"protein_coding","TF","1","HGNC:11740","OTTHUMG00000150356.5"
"ENSG00000262902.1",443.987917125166,-2.16867060053957,0.240120975494329,-9.03157500536968,1.69218468172394e-19,1.08939220775858e-18,"HAVANA","gene",NA,NA,"processed_pseudogene","MTCO1P40","2","HGNC:52105","OTTHUMG00000177751.2"
"ENSG00000233754.2",1.45305372563225,2.31950247789478,0.256980574756273,9.0259836958286,1.78088074808621e-19,1.14556923524181e-18,"HAVANA","gene",NA,NA,"lncRNA","AP001628.2","1",NA,"OTTHUMG00000086827.2"
"ENSG00000204544.5",8.62117793443985,-3.29042302799786,0.364614374805744,-9.02439194765949,1.80696049906083e-19,1.16172138365545e-18,"HAVANA","gene",NA,NA,"protein_coding","MUC21","1","HGNC:21661","OTTHUMG00000031216.5"
"ENSG00000213100.2",1.66037937003024,-2.11552537965572,0.234438322294278,-9.02380361262015,1.8166952056929e-19,1.16766658578946e-18,"HAVANA","gene",NA,NA,"processed_pseudogene","KRT18P68","1","HGNC:48895","OTTHUMG00000021413.1"
"ENSG00000161031.13",447.522203655878,-2.20469238591023,0.244332331588749,-9.02333461795425,1.82449238840878e-19,1.17252086289288e-18,"HAVANA","gene",NA,NA,"protein_coding","PGLYRP2","2","HGNC:30013","OTTHUMG00000150690.5"
"ENSG00000238222.3",5.59612699149944,-2.96520245610157,0.328664190598408,-9.02198213533013,1.84716349636024e-19,1.1867722021003e-18,"HAVANA","gene",NA,NA,"processed_pseudogene","MKRN4P","2","HGNC:7115","OTTHUMG00000024109.4"
"ENSG00000171540.8",3.75991091412641,-2.87333264289298,0.318549637345274,-9.02004681857036,1.88008934014235e-19,1.20711713061137e-18,"HAVANA","gene",NA,NA,"protein_coding","OTP","2","HGNC:8518","OTTHUMG00000102171.5"
"ENSG00000261522.5",3.3291582070288,2.64348011314718,0.293193461146833,9.01616326232906,1.94792024552265e-19,1.24916154414389e-18,"HAVANA","gene",NA,NA,"transcribed_unprocessed_pseudogene","AL845331.2","2",NA,"OTTHUMG00000175551.1"
"ENSG00000230257.5",46.9456920793932,-3.31797428296067,0.368117692814373,-9.01335183754341,1.99852858642181e-19,1.28092982709658e-18,"HAVANA","gene",NA,NA,"lncRNA","NFE4","2","HGNC:29902","OTTHUMG00000157208.4"
"ENSG00000253130.2",15.0755270699545,-2.06976935547784,0.229792417292561,-9.0071264311681,2.11526155264255e-19,1.35429882382874e-18,"HAVANA","gene",NA,NA,"lncRNA","AC114550.1","1",NA,"OTTHUMG00000163673.6"
"ENSG00000148965.10",6.819947040179,2.14734820919306,0.238616559574232,8.99915836949711,2.27454605198495e-19,1.45433739958093e-18,"HAVANA","gene",NA,NA,"protein_coding","SAA4","2","HGNC:10516","OTTHUMG00000166483.2"
"ENSG00000105143.12",38.960498695958,-2.97732464581126,0.33087464608114,-8.99834629541588,2.29143048596896e-19,1.46474228929651e-18,"HAVANA","gene",NA,NA,"protein_coding","SLC1A6","1","HGNC:10944","OTTHUMG00000183351.2"
"ENSG00000263618.5",67.9196355928043,-2.65286856465129,0.294914775149432,-8.99537353904053,2.35430244492001e-19,1.50392840181491e-18,"HAVANA","gene",NA,NA,"lncRNA","AP005121.1","2",NA,"OTTHUMG00000178810.1"
"ENSG00000165061.15",121.857689349408,-2.14369812289305,0.238364064450547,-8.99337795667518,2.3974608439248e-19,1.53129381459055e-18,"HAVANA","gene",NA,NA,"protein_coding","ZMAT4","2","HGNC:25844","OTTHUMG00000164049.3"
"ENSG00000284783.1",1.32873011881663,-2.46803616946116,0.27447328929239,-8.99189926941132,2.42994371116343e-19,1.55183422023247e-18,"HAVANA","gene",NA,NA,"transcribed_unprocessed_pseudogene","AC091057.4","2",NA,"OTTHUMG00000192493.1"
"ENSG00000212464.1",19.3335933922432,-2.74660515398606,0.305467799785015,-8.99147195193435,2.43941147667521e-19,1.55767298210728e-18,"ENSEMBL","gene",NA,NA,"snoRNA","SNORA12","3","HGNC:32600",NA
"ENSG00000277129.1",3.14864906594475,-2.46943319369896,0.274682175218306,-8.99014721918654,2.46899487951769e-19,1.57614316692462e-18,"ENSEMBL","gene",NA,NA,"misc_RNA","AC012531.6","3",NA,NA
"ENSG00000287914.1",278.573942824344,-2.02389113242778,0.225260334763561,-8.98467603962373,2.59497640162411e-19,1.65436220095557e-18,"HAVANA","gene",NA,NA,"lncRNA","AL078582.2","2",NA,"OTTHUMG00000195459.1"
"ENSG00000255178.1",6.30054010622393,-2.33679220577551,0.260121931657433,-8.98344938039652,2.62408208388838e-19,1.6722502346248e-18,"HAVANA","gene",NA,NA,"lncRNA","LINC02720","2","HGNC:54237","OTTHUMG00000166793.1"
"ENSG00000224417.2",0.582985472667572,3.49041704282444,0.388609156484342,8.98181883927144,2.66327078250267e-19,1.69654704413911e-18,"HAVANA","gene",NA,NA,"lncRNA","AL606970.1","2",NA,"OTTHUMG00000016045.2"
"ENSG00000264125.1",5.36685104022219,-2.58634846967688,0.287983783097413,-8.98088233253755,2.68603979670353e-19,1.71059639319509e-18,"HAVANA","gene",NA,NA,"lncRNA","AC104984.1","2",NA,"OTTHUMG00000179754.1"
"ENSG00000287407.1",16.4227452987979,-3.32293230712105,0.370155031188549,-8.97713667824881,2.77904564929509e-19,1.76865139555962e-18,"HAVANA","gene",NA,NA,"lncRNA","AL596442.3","2",NA,"OTTHUMG00000194704.1"
"ENSG00000203972.10",12.5266488385445,-5.71145459830302,0.636356112837168,-8.97524905172786,2.82711468800139e-19,1.7987657994973e-18,"HAVANA","gene",NA,NA,"protein_coding","GLYATL3","2","HGNC:21349","OTTHUMG00000014818.5"
"ENSG00000122180.5",4.5958569029758,-2.97657845301956,0.331813385469827,-8.97064007470618,2.94796282033148e-19,1.87391400719227e-18,"HAVANA","gene",NA,NA,"protein_coding","MYOG","2","HGNC:7612","OTTHUMG00000042127.2"
"ENSG00000196361.10",10.4069130598242,-2.5627839366353,0.285797571523505,-8.96712985689077,3.04341214980981e-19,1.93253646252337e-18,"HAVANA","gene",NA,NA,"protein_coding","ELAVL3","2","HGNC:3314","OTTHUMG00000182030.4"
"ENSG00000227455.3",3.76350485050542,-3.50963038057689,0.391431191402287,-8.96614898777938,3.07062532070427e-19,1.94904158869822e-18,"HAVANA","gene",NA,NA,"lncRNA","AL450345.1","1",NA,"OTTHUMG00000015982.4"
"ENSG00000257456.1",1.70363014077326,2.04502383454801,0.228193365527058,8.9618023285849,3.19414069427006e-19,2.02583109163991e-18,"HAVANA","gene",NA,NA,"lncRNA","AC009320.1","2",NA,"OTTHUMG00000169325.1"
"ENSG00000253182.1",9.02016806968288,-2.45603555524036,0.274292692014286,-8.95406850690881,3.42616045837104e-19,2.16925264385565e-18,"HAVANA","gene",NA,NA,"lncRNA","AC084026.1","2",NA,"OTTHUMG00000163796.1"
"ENSG00000129151.9",506.509585991336,2.00067635079015,0.22346396227309,8.95301564708305,3.45900814479137e-19,2.18947126723417e-18,"HAVANA","gene",NA,NA,"protein_coding","BBOX1","2","HGNC:964","OTTHUMG00000166121.6"
"ENSG00000286301.1",0.806990573292414,2.66106821919495,0.29727914875968,8.95141226788883,3.50962982362313e-19,2.22092675802119e-18,"HAVANA","gene",NA,NA,"lncRNA","AL662873.1","2",NA,"OTTHUMG00000195379.1"
"ENSG00000268529.1",23.3077323206635,-2.69457642438588,0.301257087243495,-8.94444160315456,3.73834966466813e-19,2.36316575318973e-18,"HAVANA","gene",NA,NA,"unprocessed_pseudogene","CYP2T3P","2","HGNC:18853","OTTHUMG00000182855.1"
"ENSG00000179136.7",1.42862029558437,2.13907872433239,0.239215216483666,8.94206796614232,3.81954552520396e-19,2.4135376696455e-18,"HAVANA","gene",NA,NA,"lncRNA","LINC00670","2","HGNC:44338","OTTHUMG00000058766.5"
"ENSG00000230928.1",5.28053017483881,2.27029519480131,0.253939616269597,8.94029544563474,3.88131276658613e-19,2.45159782000186e-18,"HAVANA","gene",NA,NA,"lncRNA","AL139241.1","2",NA,"OTTHUMG00000018875.1"
"ENSG00000235990.2",1.37110232050607,-2.40867082645896,0.269448116624579,-8.93927505091809,3.91731706115627e-19,2.47303545131107e-18,"HAVANA","gene",NA,NA,"processed_pseudogene","RPL23AP20","1","HGNC:36622","OTTHUMG00000040031.3"
"ENSG00000258314.3",4.95728252301667,-4.29000364049159,0.48091904996891,-8.92042775342114,4.64490660597451e-19,2.92312459598369e-18,"HAVANA","gene",NA,NA,"lncRNA","AL589182.1","2",NA,"OTTHUMG00000170342.4"
"ENSG00000260757.1",3.99115489699666,-2.06599594837251,0.231773366973382,-8.91386260359144,4.92848899003501e-19,3.09630091152081e-18,"HAVANA","gene",NA,NA,"lncRNA","AC093520.1","2",NA,"OTTHUMG00000176615.1"
"ENSG00000243967.4",4.44892343353106,-3.22523933572797,0.361903885871277,-8.91186710516595,5.01802602416767e-19,3.15131245009665e-18,"HAVANA","gene",NA,NA,"transcribed_unprocessed_pseudogene","NBPF5P","2","HGNC:24491","OTTHUMG00000011317.7"
"ENSG00000107984.10",344.279181806468,-2.18113097493059,0.244759330656811,-8.91132921910489,5.04243441437616e-19,3.16539613198063e-18,"HAVANA","gene",NA,NA,"protein_coding","DKK1","2","HGNC:2891","OTTHUMG00000018247.2"
"ENSG00000241475.1",10.4922725126713,-2.73322435258028,0.306744371123701,-8.91043034487518,5.08348588476473e-19,3.19074818209194e-18,"HAVANA","gene",NA,NA,"lncRNA","AL160408.4","2",NA,"OTTHUMG00000037982.1"
"ENSG00000188505.5",855.155408449374,-2.17006720385677,0.243553428844172,-8.91002526285596,5.10209367784952e-19,3.2020082277413e-18,"HAVANA","gene",NA,NA,"protein_coding","NCCRP1","2","HGNC:33739","OTTHUMG00000182802.2"
"ENSG00000248431.2",51.4696318733875,-3.55879976790018,0.399444259100931,-8.90937768366062,5.13198064275746e-19,3.21992132784848e-18,"HAVANA","gene",NA,NA,"lncRNA","AC021134.1","2",NA,"OTTHUMG00000161384.5"
"ENSG00000251791.1",29.0166078437849,-2.12067662196823,0.238042054519333,-8.90883178709916,5.15730906123471e-19,3.23454217991563e-18,"ENSEMBL","gene",NA,NA,"scaRNA","SCARNA6","3","HGNC:32562",NA
"ENSG00000265646.2",5.47064877780506,-2.79370375984408,0.314233746448299,-8.8905274860532,6.08194877130483e-19,3.80350039985921e-18,"HAVANA","gene",NA,NA,"processed_pseudogene","TUFMP1","1","HGNC:12421","OTTHUMG00000179167.1"
"ENSG00000119919.11",6.75940069266948,-3.87199549318929,0.436130402415654,-8.87806828357518,6.80314731090685e-19,4.24454730649234e-18,"HAVANA","gene",NA,NA,"protein_coding","NKX2-3","2","HGNC:7836","OTTHUMG00000018887.4"
"ENSG00000167800.9",23.4708945122344,-3.34922382740587,0.377431973992455,-8.87371515448987,7.07453675163547e-19,4.40812922058597e-18,"HAVANA","gene",NA,NA,"protein_coding","TBX10","2","HGNC:11593","OTTHUMG00000167291.1"
"ENSG00000270372.1",7.43100630490999,-4.46199473763278,0.502876417732271,-8.87294488326619,7.12365948536701e-19,4.43758322641963e-18,"HAVANA","gene",NA,NA,"lncRNA","AL162413.1","2",NA,"OTTHUMG00000185124.1"
"ENSG00000249853.8",17.600323237075,-2.55203948342738,0.287660393130067,-8.87170964225675,7.20313912843655e-19,4.48651060378829e-18,"HAVANA","gene",NA,NA,"protein_coding","HS3ST5","1","HGNC:19419","OTTHUMG00000015412.3"
"ENSG00000200472.1",0.53237440040791,2.32613805654695,0.262435401459587,8.8636595657814,7.74299462610183e-19,4.81650055227913e-18,"ENSEMBL","gene",NA,NA,"misc_RNA","RN7SKP44","3","HGNC:45768",NA
"ENSG00000227706.4",2.11712294103125,-2.23463143532356,0.252118114727998,-8.86343068896273,7.75891402052865e-19,4.82577658994584e-18,"HAVANA","gene",NA,NA,"lncRNA","AL713998.1","2",NA,"OTTHUMG00000184002.16"
"ENSG00000114248.10",358.279342181601,-2.4044143982002,0.271411739347895,-8.85891820293824,8.0794623729073e-19,5.02123546875066e-18,"HAVANA","gene",NA,NA,"protein_coding","LRRC31","1","HGNC:26261","OTTHUMG00000164421.2"
"ENSG00000287022.1",2.11841192213129,-2.58481370791312,0.291859939742966,-8.85634976211363,8.26771895910968e-19,5.13623463862739e-18,"HAVANA","gene",NA,NA,"lncRNA","AC079841.2","2",NA,"OTTHUMG00000195424.1"
"ENSG00000261399.1",3.76609239578127,2.47743720568689,0.279820702298175,8.85365945171185,8.46955426409903e-19,5.25821361659951e-18,"HAVANA","gene",NA,NA,"lncRNA","AL031710.1","2",NA,"OTTHUMG00000176703.1"
"ENSG00000248339.1",0.90775637622902,3.27153309379739,0.369800096403235,8.84676106257706,9.00960109583777e-19,5.58914914543037e-18,"HAVANA","gene",NA,NA,"lncRNA","LINC02504","2","HGNC:53493","OTTHUMG00000161813.2"
"ENSG00000105668.7",65.2290040404496,-2.168427413541,0.245196773322449,-8.84362132567456,9.26652822901486e-19,5.74481583141954e-18,"HAVANA","gene",NA,NA,"protein_coding","UPK1A","2","HGNC:12577","OTTHUMG00000048115.3"
"ENSG00000235427.1",1.74947694886077,2.80299339380031,0.31721152637351,8.83635416986659,9.88929274697113e-19,6.12614449841462e-18,"HAVANA","gene",NA,NA,"lncRNA","AC006159.1","2",NA,"OTTHUMG00000066050.1"
"ENSG00000270919.1",2.47039289103239,-2.51312090522105,0.284526053057838,-8.83265654660521,1.02218516832087e-18,6.32724695274586e-18,"HAVANA","gene",NA,NA,"lncRNA","AC108451.2","2",NA,"OTTHUMG00000185125.1"
"ENSG00000286697.1",0.452065318839367,2.80633671802404,0.317840518062971,8.82938630709144,1.05251610286895e-18,6.50658664367113e-18,"HAVANA","gene",NA,NA,"lncRNA","AC092623.1","2",NA,"OTTHUMG00000195238.1"
"ENSG00000184478.7",10.8474815657901,-4.43596619604826,0.502914342877646,-8.82052035077371,1.13929038474124e-18,7.03122534238734e-18,"HAVANA","gene",NA,NA,"protein_coding","OR56A3","2","HGNC:14786","OTTHUMG00000165373.2"
"ENSG00000258408.1",8.72447298744378,-2.41931930962908,0.274320320667695,-8.81932225706233,1.15154583467053e-18,7.10594550992596e-18,"HAVANA","gene",NA,NA,"transcribed_processed_pseudogene","NT5CP2","1","HGNC:20047","OTTHUMG00000171604.3"
"ENSG00000150361.12",26.177782089065,-6.19406886161165,0.702435744190958,-8.81798643197716,1.16536370833634e-18,7.18936070903862e-18,"HAVANA","gene",NA,NA,"protein_coding","KLHL1","2","HGNC:6352","OTTHUMG00000017056.4"
"ENSG00000244738.1",0.913769930257205,2.46427771456931,0.279570519175828,8.81451206598598,1.20207430737242e-18,7.41297207699993e-18,"HAVANA","gene",NA,NA,"lncRNA","AC026316.3","2",NA,"OTTHUMG00000158859.1"
"ENSG00000234944.1",1.90818802506018,2.02508232973314,0.229759095113637,8.81393761031113,1.20825313956522e-18,7.45011684897935e-18,"HAVANA","gene",NA,NA,"lncRNA","LINC02623","2","HGNC:54101","OTTHUMG00000018021.1"
"ENSG00000278041.1",12.3805673454455,-3.52855817241215,0.400372083995528,-8.8131973068621,1.21626210255403e-18,7.49853523785401e-18,"HAVANA","gene",NA,NA,"lncRNA","AL133325.3","2",NA,"OTTHUMG00000186718.1"
"ENSG00000230433.1",7.354161633577,-2.18887515836219,0.248525083263869,-8.80746172424847,1.28011497654521e-18,7.88611399334974e-18,"HAVANA","gene",NA,NA,"lncRNA","AL031770.1","2",NA,"OTTHUMG00000014117.2"
"ENSG00000258752.2",16.7583405905981,-2.29158942243982,0.260312189851649,-8.80323516061922,1.32927623938534e-18,8.1837091530393e-18,"HAVANA","gene",NA,NA,"lncRNA","AL357093.2","1",NA,"OTTHUMG00000170970.2"
"ENSG00000283247.2",4.25805399671819,2.87390315764747,0.326552659029003,8.80073420989116,1.3592392608264e-18,8.36495221402602e-18,"HAVANA","gene",NA,NA,"protein_coding","CCDC201","2","HGNC:54081","OTTHUMG00000191722.2"
"ENSG00000286728.1",3.36930900111266,-2.58941155859815,0.294462981561897,-8.79367431812085,1.44746751472712e-18,8.89649373067045e-18,"HAVANA","gene",NA,NA,"lncRNA","AC009236.2","2",NA,"OTTHUMG00000195800.1"
"ENSG00000227509.1",0.525753683108078,3.22087258230462,0.366493642551871,8.78834503070204,1.51779217892798e-18,9.32155150524796e-18,"HAVANA","gene",NA,NA,"lncRNA","LINC01839","1","HGNC:41330","OTTHUMG00000156714.1"
"ENSG00000170608.3",65.6155245438809,-2.20755224590228,0.251253088752298,-8.78616958249073,1.54745945378264e-18,9.49888307888868e-18,"HAVANA","gene",NA,NA,"protein_coding","FOXA3","1","HGNC:5023","OTTHUMG00000182484.4"
"ENSG00000094796.5",48.8749644963145,-2.6239820798123,0.298822275484514,-8.78107924035363,1.61913421516819e-18,9.93248658754262e-18,"HAVANA","gene",NA,NA,"protein_coding","KRT31","2","HGNC:6448","OTTHUMG00000133423.2"
"ENSG00000171431.4",10.7930944821098,-3.46197942817003,0.394290407723312,-8.78027809035474,1.63070954806343e-18,1.0000933749068e-17,"HAVANA","gene",NA,NA,"protein_coding","KRT20","2","HGNC:20412","OTTHUMG00000133366.4"
"ENSG00000250048.2",1.98023617033535,2.2614584725047,0.25776662952571,8.7732786694142,1.7353786098288e-18,1.06319679279921e-17,"HAVANA","gene",NA,NA,"lncRNA","LINC00603","2","HGNC:43918","OTTHUMG00000162195.2"
"ENSG00000198054.12",5.63412146630601,-4.81383557610406,0.548713365092035,-8.77295120248556,1.74043473094109e-18,1.0660218353284e-17,"HAVANA","gene",NA,NA,"lncRNA","DSCR8","2","HGNC:16707","OTTHUMG00000090610.2"
"ENSG00000256394.3",2.47904854540475,-3.56636280859609,0.40669594801771,-8.76911320601794,1.80078916621239e-18,1.10214370149764e-17,"HAVANA","gene",NA,NA,"protein_coding","ASIC5","2","HGNC:17537","OTTHUMG00000161941.2"
"ENSG00000223042.1",0.658628563107748,2.35458754168941,0.268613042871942,8.76572305095374,1.85581715785338e-18,1.1352425949024e-17,"ENSEMBL","gene",NA,NA,"misc_RNA","RN7SKP161","3","HGNC:45885",NA
"ENSG00000259676.1",2.69124443329003,-3.13386875453053,0.357673026766231,-8.76182580180636,1.92112996551957e-18,1.17444604629377e-17,"HAVANA","gene",NA,NA,"lncRNA","AC103982.1","2",NA,"OTTHUMG00000172506.1"
"ENSG00000277581.1",1.67354443824225,-2.26832827401566,0.258911119490919,-8.76103072929326,1.9347304815242e-18,1.18260956072754e-17,"HAVANA","gene",NA,NA,"lncRNA","AL023803.3","2",NA,"OTTHUMG00000186879.1"
"ENSG00000270276.2",2.62309991555127,-2.18988174620407,0.250171634362458,-8.75351736732588,2.06804044879183e-18,1.26280675378048e-17,"HAVANA","gene",NA,NA,"protein_coding","H4C15","2","HGNC:29607","OTTHUMG00000188201.2"
"ENSG00000279484.2",2.61773608842858,2.21253181428433,0.252771834912887,8.75307889839404,2.07609438148106e-18,1.26756316830327e-17,"HAVANA","gene",NA,NA,"lncRNA","KLHL30-AS1","2","HGNC:31018","OTTHUMG00000152904.1"
"ENSG00000243273.1",2.56034426989223,-2.59922251396297,0.297040283318205,-8.75040410319885,2.12590090761469e-18,1.29747659215057e-17,"HAVANA","gene",NA,NA,"lncRNA","AC020636.1","2",NA,"OTTHUMG00000159849.1"
"ENSG00000231402.1",12.5177072089565,-2.20016836331019,0.251529747844302,-8.74714971953181,2.18809299893154e-18,1.33475344510836e-17,"HAVANA","gene",NA,NA,"processed_pseudogene","WASF5P","1","HGNC:21665","OTTHUMG00000031266.3"
"ENSG00000241054.1",1.42240291900004,-2.35147725813334,0.269143960251244,-8.73687544739348,2.39646458329674e-18,1.45833377601609e-17,"HAVANA","gene",NA,NA,"lncRNA","AL035454.1","2",NA,"OTTHUMG00000159257.1"
"ENSG00000152977.10",217.251770546371,-2.45612781748992,0.28113344971613,-8.73651932905869,2.4040278854707e-18,1.46275052061089e-17,"HAVANA","gene",NA,NA,"protein_coding","ZIC1","1","HGNC:12872","OTTHUMG00000159456.2"
"ENSG00000236452.1",11.0706549923406,-2.91517311073544,0.333702308803387,-8.73584938980154,2.41832009952339e-18,1.47107308237894e-17,"HAVANA","gene",NA,NA,"lncRNA","AC123023.1","2",NA,"OTTHUMG00000155764.1"
"ENSG00000285294.1",12.9168145546829,2.46645647850835,0.282392590469544,8.73414020675007,2.45516428925015e-18,1.4927274251012e-17,"HAVANA","gene",NA,NA,"lncRNA","LINC00842","2","HGNC:44989","OTTHUMG00000192454.2"
"ENSG00000286640.1",0.95903374060248,2.42317858931114,0.277481161027523,8.7327679484186,2.48514619219656e-18,1.5103812516572e-17,"HAVANA","gene",NA,NA,"transcribed_unprocessed_pseudogene","AC093151.5","2",NA,"OTTHUMG00000193822.1"
"ENSG00000286746.1",2.80321729668996,2.30467731992657,0.264155769701547,8.7246904450752,2.66909745789459e-18,1.62074092785462e-17,"HAVANA","gene",NA,NA,"lncRNA","AL590807.1","2",NA,"OTTHUMG00000194842.1"
"ENSG00000153820.13",62.7555429624298,2.83905333092615,0.325531741898242,8.72127957283384,2.75075310961122e-18,1.66947785003133e-17,"HAVANA","gene",NA,NA,"protein_coding","SPHKAP","2","HGNC:30619","OTTHUMG00000153584.2"
"ENSG00000165863.17",275.920763078243,-2.22324147257055,0.254993681955083,-8.71881003295669,2.8114080176337e-18,1.70477861188243e-17,"HAVANA","gene",NA,NA,"protein_coding","C10orf82","1","HGNC:28500","OTTHUMG00000019105.3"
"ENSG00000279024.1",6.37735404860989,-2.13447536320175,0.244951594442396,-8.7138659703793,2.93683577802777e-18,1.77880912927068e-17,"HAVANA","gene",NA,NA,"TEC","AC112255.1","2",NA,"OTTHUMG00000176214.1"
"ENSG00000167080.9",151.848431645831,-2.13345435369679,0.245055506568069,-8.70600454393045,3.14774231271948e-18,1.90462660018174e-17,"HAVANA","gene",NA,NA,"protein_coding","B4GALNT2","2","HGNC:24136","OTTHUMG00000161307.2"
"ENSG00000286570.1",3.1834605306908,-2.54440964611443,0.292643243093086,-8.6945784882007,3.48119690996562e-18,2.10002699517065e-17,"HAVANA","gene",NA,NA,"lncRNA","AC104304.3","2",NA,"OTTHUMG00000195760.1"
"ENSG00000272071.1",3.05398458202315,-2.01150203391206,0.2314640267878,-8.69034407560943,3.61343434664439e-18,2.17651042931522e-17,"HAVANA","gene",NA,NA,"lncRNA","AC122710.2","2",NA,"OTTHUMG00000185412.1"
"ENSG00000266019.1",15.7776260381947,-4.35519978191287,0.501393168521117,-8.68619689167034,3.74775115301131e-18,2.25542969150574e-17,"ENSEMBL","gene",NA,NA,"miRNA","MIR3609","3","HGNC:38956",NA
"ENSG00000268287.1",1.22499517711477,2.0564851904813,0.236879716387588,8.68155881745667,3.90381090489652e-18,2.34728389123485e-17,"HAVANA","gene",NA,NA,"lncRNA","AC008687.3","2",NA,"OTTHUMG00000183342.1"
"ENSG00000204091.8",4.14246186781838,-2.44560640201139,0.281914364167704,-8.67499749163742,4.13559595727744e-18,2.48509221514063e-17,"HAVANA","gene",NA,NA,"lncRNA","TDRG1","2","HGNC:43642","OTTHUMG00000014660.16"
"ENSG00000255021.1",7.17131073320065,2.70285034439827,0.311712687705379,8.67096672995524,4.28466902589033e-18,2.57337962931435e-17,"HAVANA","gene",NA,NA,"lncRNA","AC093496.1","2",NA,"OTTHUMG00000167094.1"
"ENSG00000242888.1",4.16542457858603,-2.91498571591245,0.336207297103077,-8.67020359471481,4.31348409771387e-18,2.59036128254539e-17,"HAVANA","gene",NA,NA,"processed_pseudogene","AL133368.1","1",NA,"OTTHUMG00000158132.1"
"ENSG00000234577.1",0.585445418741821,2.16291478322775,0.24947088596731,8.67000882624506,4.32086891243796e-18,2.59414573427196e-17,"HAVANA","gene",NA,NA,"lncRNA","SYNE1-AS1","2","HGNC:40793","OTTHUMG00000015843.1"
"ENSG00000277526.5",1.39619589350503,2.1024722812645,0.242749529695069,8.66107664103629,4.67329194395488e-18,2.80151923216815e-17,"HAVANA","gene",NA,NA,"lncRNA","AC245123.1","2",NA,"OTTHUMG00000163607.4"
"ENSG00000182601.7",57.8043500055384,2.7323095135867,0.31561075256037,8.65721301134713,4.83438768463461e-18,2.89519392463555e-17,"HAVANA","gene",NA,NA,"protein_coding","HS3ST4","2","HGNC:5200","OTTHUMG00000059978.4"
"ENSG00000230628.1",9.82454936546141,-2.32394381661606,0.268543423089805,-8.65388468604908,4.97755024461271e-18,2.97832436891963e-17,"HAVANA","gene",NA,NA,"lncRNA","AL160408.3","2",NA,"OTTHUMG00000037983.1"
"ENSG00000229989.4",8.50439168927153,-2.03673767374338,0.235412545927685,-8.65178049758245,5.07020941110035e-18,3.03263087248212e-17,"HAVANA","gene",NA,NA,"lncRNA","MIR181A1HG","1","HGNC:48659","OTTHUMG00000035888.5"
"ENSG00000254826.1",1.84347258871843,2.84003781643109,0.328740709320441,8.63914244847222,5.66365232850986e-18,3.37914798329897e-17,"HAVANA","gene",NA,NA,"lncRNA","AP001922.3","2",NA,"OTTHUMG00000165339.1"
"ENSG00000123838.11",89.1444067589725,2.23757424312414,0.259090009893425,8.63628143765385,5.80723437381482e-18,3.46136599713197e-17,"HAVANA","gene",NA,NA,"protein_coding","C4BPA","2","HGNC:1325","OTTHUMG00000036173.6"
"ENSG00000183674.12",13.9743400643861,-3.46997141592548,0.402188404081688,-8.62772616194249,6.25836991685482e-18,3.72516465047229e-17,"HAVANA","gene",NA,NA,"lncRNA","LINC00518","2","HGNC:28626","OTTHUMG00000159175.6"
"ENSG00000162896.6",5110.18944983562,2.28707531622395,0.265091106873284,8.62750675871291,6.27038320718044e-18,3.73092473243933e-17,"HAVANA","gene",NA,NA,"protein_coding","PIGR","2","HGNC:8968","OTTHUMG00000036581.2"
"ENSG00000198033.12",5.03964548293587,-3.3651205260347,0.390149051398051,-8.62521775710131,6.39708157325309e-18,3.80394908991629e-17,"HAVANA","gene",NA,NA,"protein_coding","TUBA3C","2","HGNC:12408","OTTHUMG00000016481.3"
"ENSG00000212443.1",25.8906805562085,-2.24078822937418,0.25982963861799,-8.62406706676239,6.46172445922329e-18,3.84048156359494e-17,"ENSEMBL","gene",NA,NA,"snoRNA","SNORA53","3","HGNC:32646",NA
"ENSG00000165643.11",8.01416280873322,-3.08210189025226,0.358034931753658,-8.60838319645544,7.40982059768077e-18,4.39035994106957e-17,"HAVANA","gene",NA,NA,"protein_coding","SOHLH1","2","HGNC:27845","OTTHUMG00000020915.3"
"ENSG00000235263.1",2.28788570708487,2.47726148717592,0.287986123348973,8.60201685542343,7.83272867164961e-18,4.63234206466773e-17,"HAVANA","gene",NA,NA,"lncRNA","AL928921.1","2",NA,"OTTHUMG00000001278.1"
"ENSG00000268510.1",2.85548794511173,-2.27894684662232,0.265016948980545,-8.59924942683427,8.02391279775015e-18,4.74423870344576e-17,"HAVANA","gene",NA,NA,"unprocessed_pseudogene","IFNL3P1","2","HGNC:44483","OTTHUMG00000182804.1"
"ENSG00000250420.8",8.78726027639359,-2.59563797049836,0.301956419318165,-8.59606818877857,8.24937962232006e-18,4.87333881264308e-17,"HAVANA","gene",NA,NA,"transcribed_unprocessed_pseudogene","AACSP1","2","HGNC:18226","OTTHUMG00000163584.3"
"ENSG00000286293.1",5.33196433806094,-3.69731145528355,0.430287612805046,-8.59265139235772,8.49850817833178e-18,5.01618241744333e-17,"HAVANA","gene",NA,NA,"lncRNA","AP005901.5","2",NA,"OTTHUMG00000194992.1"
"ENSG00000137090.12",9.2476202088126,-3.2514676249213,0.378501222986925,-8.59037547953608,8.66855701807824e-18,5.11214385445751e-17,"HAVANA","gene",NA,NA,"protein_coding","DMRT1","1","HGNC:2934","OTTHUMG00000019435.3"
"ENSG00000251026.2",8.84584966885827,-3.65299529669297,0.425607109670271,-8.58302226088996,9.24124644488841e-18,5.44585629981062e-17,"HAVANA","gene",NA,NA,"lncRNA","LINC02163","2","HGNC:53024","OTTHUMG00000162778.5"
"ENSG00000287813.1",4.23053153582066,-3.38854055393259,0.394800784640673,-8.58291240990483,9.25007901206094e-18,5.4503909170808e-17,"HAVANA","gene",NA,NA,"lncRNA","AC016705.3","2",NA,"OTTHUMG00000195879.1"
"ENSG00000171759.10",100.198500727405,-2.06155824718015,0.240464640982943,-8.5732282249613,1.00623815746235e-17,5.91882997225554e-17,"HAVANA","gene",NA,NA,"protein_coding","PAH","1","HGNC:8582","OTTHUMG00000169966.5"
"ENSG00000213070.3",1.33333493466541,-2.11577140066632,0.246859940831497,-8.57073607625352,1.02825659698822e-17,6.04686063111646e-17,"HAVANA","gene",NA,NA,"processed_pseudogene","HMGB3P6","1","HGNC:39283","OTTHUMG00000034279.3"
"ENSG00000259447.1",3.09219486462598,-3.00879632653934,0.351156889638978,-8.56823948302041,1.05079094522565e-17,6.17710358107494e-17,"HAVANA","gene",NA,NA,"lncRNA","AC013652.2","2",NA,"OTTHUMG00000172479.1"
"ENSG00000172782.12",10.1687641212304,-2.52312245920709,0.294742769458998,-8.56042190225157,1.12455226602773e-17,6.6042288631268e-17,"HAVANA","gene",NA,NA,"protein_coding","FADS6","2","HGNC:30459","OTTHUMG00000179188.6"
"ENSG00000258116.1",3.51712737175665,-2.28511781533458,0.266976913449618,-8.559233777215,1.13620114117184e-17,6.67100449430673e-17,"HAVANA","gene",NA,NA,"processed_pseudogene","PPIAP45","1","HGNC:53669","OTTHUMG00000169662.1"
"ENSG00000254529.1",2.25753153115896,2.45422203041946,0.287099630219916,8.5483287754134,1.24883555403048e-17,7.31975916241748e-17,"HAVANA","gene",NA,NA,"unprocessed_pseudogene","MRGPRX7P","2","HGNC:54331","OTTHUMG00000166458.1"
"ENSG00000259925.1",9.18155730625109,-2.51709767997734,0.294499792251172,-8.54702701396329,1.26299638725005e-17,7.40185405665443e-17,"HAVANA","gene",NA,NA,"lncRNA","AC130456.2","2",NA,"OTTHUMG00000177221.2"
"ENSG00000279082.4",3.60294728969341,-2.1137018606931,0.24735322168522,-8.54527726096482,1.28228048631568e-17,7.51303144177381e-17,"HAVANA","gene",NA,NA,"lncRNA","LINC01727","2","HGNC:52515","OTTHUMG00000189116.2"
"ENSG00000254948.1",3.38994787818808,-3.02522949255274,0.354148789261878,-8.54225564022955,1.31626834593027e-17,7.70557385795687e-17,"HAVANA","gene",NA,NA,"unprocessed_pseudogene","OR7E158P","1","HGNC:31232","OTTHUMG00000165308.1"
"ENSG00000233217.2",5.05413154941228,-2.95819759177307,0.346414477987645,-8.53947447276892,1.34833642931036e-17,7.89233944144888e-17,"HAVANA","gene",NA,NA,"transcribed_unitary_pseudogene","MROH3P","2","HGNC:33122","OTTHUMG00000035782.6"
"ENSG00000251985.1",0.624319142733785,2.29501238056456,0.268782801898585,8.53853879174347,1.35929761077332e-17,7.95261308244596e-17,"ENSEMBL","gene",NA,NA,"snRNA","RNU6-1161P","3","HGNC:48124",NA
"ENSG00000275216.2",21.9176840972679,-4.91985572583534,0.576658737481124,-8.53165903169269,1.44263722323138e-17,8.43195673600286e-17,"HAVANA","gene",NA,NA,"lncRNA","AL161431.1","2",NA,"OTTHUMG00000187241.2"
"ENSG00000287097.1",18.637603146965,-2.470233366875,0.289590297090336,-8.53009714653672,1.46224871213897e-17,8.540331073824e-17,"HAVANA","gene",NA,NA,"lncRNA","AL590550.1","2",NA,"OTTHUMG00000194677.1"
"ENSG00000227965.1",1.48889488571103,-2.72811638787251,0.319835374072667,-8.5297518943376,1.46661917667849e-17,8.56481286624406e-17,"HAVANA","gene",NA,NA,"processed_pseudogene","AC098592.2","1",NA,"OTTHUMG00000152465.1"
"ENSG00000258871.1",1.00578373105831,2.06168949369383,0.241754287698497,8.52803693089017,1.4885202541693e-17,8.6884753139926e-17,"HAVANA","gene",NA,NA,"lncRNA","AC004828.1","2",NA,"OTTHUMG00000171341.1"
"ENSG00000279225.1",2.6830719425115,-2.01745654852265,0.236654369187558,-8.52490725376692,1.52932307282222e-17,8.91903450017196e-17,"HAVANA","gene",NA,NA,"TEC","AC138305.3","2",NA,"OTTHUMG00000177081.2"
"ENSG00000234586.2",2.23196738662365,-2.79956818050936,0.328417693203492,-8.52441338711525,1.53586184516744e-17,8.95498856054182e-17,"HAVANA","gene",NA,NA,"processed_pseudogene","AL161449.1","1",NA,"OTTHUMG00000019560.2"
"ENSG00000036565.15",8.1156564349924,-2.04438926386275,0.239869884166545,-8.5229092887847,1.55594646386445e-17,9.06767973284829e-17,"HAVANA","gene",NA,NA,"protein_coding","SLC18A1","2","HGNC:10934","OTTHUMG00000097017.5"
"ENSG00000282390.1",11.6234398630757,-2.43893609837597,0.286171890465738,-8.52262636419902,1.55975328638281e-17,9.08765413481706e-17,"HAVANA","gene",NA,NA,"lncRNA","AL392083.1","2",NA,"OTTHUMG00000191406.1"
"ENSG00000203688.6",79.355810979858,-2.2019815991057,0.258431543079374,-8.52056050460291,1.58782990190407e-17,9.24786416243911e-17,"HAVANA","gene",NA,NA,"lncRNA","LINC02487","2","HGNC:53466","OTTHUMG00000016027.5"
"ENSG00000256947.1",0.978923878385737,2.30624888870555,0.270681601169142,8.52015385879305,1.59341498745974e-17,9.27926486558843e-17,"HAVANA","gene",NA,NA,"lncRNA","AP002518.2","2",NA,"OTTHUMG00000168244.1"
"ENSG00000236318.2",6.42613748245469,-3.45551712693894,0.405949877891186,-8.51217678618241,1.70698056726542e-17,9.92734146366668e-17,"HAVANA","gene",NA,NA,"lncRNA","AC019117.2","2",NA,"OTTHUMG00000152729.2"
"ENSG00000287457.1",4.28724257643132,-2.60319776836376,0.306032859017884,-8.50626882589633,1.79620218276617e-17,1.0438627677866e-16,"HAVANA","gene",NA,NA,"lncRNA","AC005821.2","2",NA,"OTTHUMG00000195068.1"
"ENSG00000185149.6",132.342131242424,3.50346406898874,0.411882919188363,8.50597076444078,1.80082342208741e-17,1.04642146940215e-16,"HAVANA","gene",NA,NA,"protein_coding","NPY2R","2","HGNC:7957","OTTHUMG00000161485.2"
"ENSG00000228184.1",7.62008392594719,-3.29031300765129,0.386886431951342,-8.50459653251708,1.82228213684767e-17,1.05863389325054e-16,"HAVANA","gene",NA,NA,"processed_pseudogene","SNX19P1","1","HGNC:16765","OTTHUMG00000074199.1"
"ENSG00000169618.7",22.4996299921488,2.34041064382052,0.275200598989622,8.50438063148537,1.82567629981938e-17,1.06047710383543e-16,"HAVANA","gene",NA,NA,"protein_coding","PROKR1","2","HGNC:4524","OTTHUMG00000129567.3"
"ENSG00000286308.1",7.45733603465774,-5.08969216982617,0.59886261256883,-8.4989312456723,1.91344188709268e-17,1.11078396717085e-16,"HAVANA","gene",NA,NA,"lncRNA","AC084114.1","2",NA,"OTTHUMG00000195517.1"
"ENSG00000232057.1",2.01478604508883,2.25324618352445,0.265130674072993,8.49862503236465,1.91849531720227e-17,1.11358263444585e-16,"HAVANA","gene",NA,NA,"lncRNA","AC093390.1","2",NA,"OTTHUMG00000151406.1"
"ENSG00000269621.1",2.38049784247915,-2.5082054530248,0.295555897636661,-8.48639960522201,2.13137632021608e-17,1.23460572484043e-16,"HAVANA","gene",NA,NA,"lncRNA","AL589765.7","2",NA,"OTTHUMG00000183004.1"
"ENSG00000243537.1",3.96629764649176,-2.30495237987001,0.271612090678161,-8.48619210623139,2.13518361107813e-17,1.23666159099073e-16,"HAVANA","gene",NA,NA,"processed_pseudogene","KC877373.1","1",NA,"OTTHUMG00000158698.2"
"ENSG00000254416.6",20.9380629034294,-2.68514584007126,0.316460903908247,-8.48492122379129,2.15864921164429e-17,1.24979919915261e-16,"HAVANA","gene",NA,NA,"lncRNA","LINC02732","2","HGNC:54249","OTTHUMG00000166588.7"
"ENSG00000179674.4",4.96925452988095,-2.88946625780972,0.340577576852696,-8.48401789839339,2.17548275184677e-17,1.25908889394756e-16,"HAVANA","gene",NA,NA,"protein_coding","ARL14","2","HGNC:22974","OTTHUMG00000159031.2"
"ENSG00000188162.12",3.18026706283623,-2.87742707783718,0.339261787234363,-8.48143582952196,2.22431731781124e-17,1.2865754279408e-16,"HAVANA","gene",NA,NA,"protein_coding","OTOG","1","HGNC:8516","OTTHUMG00000149905.6"
"ENSG00000271065.1",3.87825294495278,-2.51570107348445,0.296660468283219,-8.48006843663016,2.25061519736109e-17,1.30162933492962e-16,"HAVANA","gene",NA,NA,"lncRNA","AC107031.1","2",NA,"OTTHUMG00000185219.1"
"ENSG00000270930.1",42.2786036045209,-2.13251503040348,0.251484548665832,-8.47970597683566,2.25763735392988e-17,1.30537539979219e-16,"HAVANA","gene",NA,NA,"processed_pseudogene","GRAMD4P8","1","HGNC:49143","OTTHUMG00000184418.1"
"ENSG00000278275.2",7.79721767738762,-2.27261130642116,0.268089788742294,-8.47705284517848,2.30970053486625e-17,1.33499520600123e-16,"HAVANA","gene",NA,NA,"transcribed_processed_pseudogene","AC103705.1","1",NA,"OTTHUMG00000187750.2"
"ENSG00000253775.2",0.598250861533589,2.70383907671742,0.318987767293203,8.47630960792344,2.3244965010128e-17,1.34322310171901e-16,"HAVANA","gene",NA,NA,"lncRNA","AC100802.1","2",NA,"OTTHUMG00000163744.3"
"ENSG00000130643.9",14.4047366776801,-2.05960198093663,0.243022179451367,-8.47495477814524,2.3517087154211e-17,1.35845628835092e-16,"HAVANA","gene",NA,NA,"protein_coding","CALY","2","HGNC:17938","OTTHUMG00000019310.3"
"ENSG00000267014.6",2.12025093166623,2.44783991476967,0.288840997134575,8.47469694071574,2.35692295226818e-17,1.36130414277479e-16,"HAVANA","gene",NA,NA,"lncRNA","LINC01532","2","HGNC:51272","OTTHUMG00000181996.9"
"ENSG00000218690.2",4.81667377670163,-2.09499842595746,0.24730996122612,-8.47114453283977,2.42993505318159e-17,1.40279778766032e-16,"HAVANA","gene",NA,NA,"transcribed_unprocessed_pseudogene","H2AC10P","1","HGNC:4732","OTTHUMG00000014438.3"
"ENSG00000235277.1",6.94811515487125,-3.92662481247863,0.46375125753436,-8.46709253869289,2.51594202559923e-17,1.45070143755517e-16,"HAVANA","gene",NA,NA,"lncRNA","AF127577.3","2",NA,"OTTHUMG00000074318.1"
"ENSG00000237525.7",2.71733702519059,-2.42925190553914,0.286983146952039,-8.46478941826196,2.56615921743036e-17,1.47876699671745e-16,"HAVANA","gene",NA,NA,"lncRNA","AC012668.3","2",NA,"OTTHUMG00000154833.4"
"ENSG00000232451.2",0.730590784596327,2.90383889390124,0.343102408954344,8.46347567990306,2.59524551490912e-17,1.49498872934106e-16,"HAVANA","gene",NA,NA,"lncRNA","AC018467.1","1",NA,"OTTHUMG00000151813.3"
"ENSG00000260746.2",1.1902231549877,3.20613978245075,0.37912528525422,8.4566762153595,2.75106411627425e-17,1.5830348523985e-16,"HAVANA","gene",NA,NA,"unprocessed_pseudogene","KIF18BP1","2","HGNC:51808","OTTHUMG00000176018.2"
"ENSG00000285838.2",0.837658661535208,2.64259024475829,0.312791290032357,8.44841377931245,2.95287208600883e-17,1.6971221406032e-16,"HAVANA","gene",NA,NA,"lncRNA","AL646090.2","2",NA,"OTTHUMG00000192720.4"
"ENSG00000139269.3",5.53808284082279,-2.10880395863751,0.249962737036512,-8.43647330653719,3.27056329877695e-17,1.87588516274876e-16,"HAVANA","gene",NA,NA,"protein_coding","INHBE","2","HGNC:24029","OTTHUMG00000169995.3"
"ENSG00000180210.15",2.98509599874468,-2.01540157702332,0.239119094985659,-8.42844264337899,3.50295794006834e-17,2.00653652449395e-16,"HAVANA","gene",NA,NA,"protein_coding","F2","1","HGNC:3535","OTTHUMG00000150344.4"
"ENSG00000263527.1",2.83977807504456,-2.5808457243184,0.306269165865362,-8.42672397995482,3.55477039270163e-17,2.035241987504e-16,"ENSEMBL","gene",NA,NA,"miRNA","MIR4526","3","HGNC:41618",NA
"ENSG00000234493.4",15.5157315655771,-2.79833569183217,0.332136895467764,-8.42524793245611,3.59987163636681e-17,2.06081790056559e-16,"HAVANA","gene",NA,NA,"transcribed_unprocessed_pseudogene","RHOXF1P1","1","HGNC:51580","OTTHUMG00000022289.4"
"ENSG00000259023.3",3.5568813466107,-2.78247115045473,0.330258324888191,-8.42513554017675,3.60332886513965e-17,2.06230421608936e-16,"HAVANA","gene",NA,NA,"lncRNA","LINC00524","2","HGNC:20118","OTTHUMG00000171679.3"
"ENSG00000269186.3",0.440122930445946,3.65807993154681,0.434456734729362,8.41989463881957,3.76823040222716e-17,2.15436657005613e-16,"HAVANA","gene",NA,NA,"lncRNA","LINC01082","2","HGNC:49125","OTTHUMG00000183863.4"
"ENSG00000131050.11",4.18343323960629,-3.74302404301605,0.444656533776452,-8.41778712037957,3.83662121112407e-17,2.19294347679497e-16,"HAVANA","gene",NA,NA,"protein_coding","BPIFA2","2","HGNC:16203","OTTHUMG00000032244.3"
"ENSG00000254205.1",3.05693695505074,-3.2682361765471,0.388286387413046,-8.41707637066983,3.85996061688553e-17,2.20575755194401e-16,"HAVANA","gene",NA,NA,"lncRNA","AC009686.1","1",NA,"OTTHUMG00000164567.2"
"ENSG00000230710.2",0.891994049137749,2.71180950566524,0.322817292118558,8.40044685298116,4.44782816291171e-17,2.53715260489463e-16,"HAVANA","gene",NA,NA,"lncRNA","LINC00332","2","HGNC:42049","OTTHUMG00000016770.3"
"ENSG00000232690.1",0.394828475437394,2.12931080873976,0.253802706404801,8.38963003547972,4.8767440238441e-17,2.77454941434949e-16,"HAVANA","gene",NA,NA,"unprocessed_pseudogene","HSPE1P9","1","HGNC:49328","OTTHUMG00000153155.1"
"ENSG00000196990.9",5.50106023343211,-2.15051490420117,0.256342043938898,-8.3892399044527,4.89295313467392e-17,2.78344080601078e-16,"HAVANA","gene",NA,NA,"protein_coding","FAM163B","2","HGNC:33277","OTTHUMG00000159557.3"
"ENSG00000285557.1",3.82884588902551,-3.0455820136986,0.363270982993907,-8.38377452720928,5.12569338508501e-17,2.91100011948107e-16,"HAVANA","gene",NA,NA,"lncRNA","AC069410.1","2",NA,"OTTHUMG00000193154.1"
"ENSG00000244345.1",2.67800490789887,-2.34018867315525,0.279496510727433,-8.37287258815699,5.62303926757127e-17,3.19080671928626e-16,"HAVANA","gene",NA,NA,"lncRNA","AC104435.2","1",NA,"OTTHUMG00000159191.1"
"ENSG00000254101.7",25.3723806085969,-2.34539755999501,0.280130141267422,-8.37252838763968,5.6394932566839e-17,3.19976458938566e-16,"HAVANA","gene",NA,NA,"lncRNA","LINC02055","2","HGNC:52895","OTTHUMG00000164139.20"
"ENSG00000276747.1",2.09625990898928,-2.19622860757693,0.262537036035253,-8.36540489960444,5.99088348012061e-17,3.39672458618436e-16,"HAVANA","gene",NA,NA,"protein_coding","PADI6","2","HGNC:20449","OTTHUMG00000002372.7"
"ENSG00000251138.7",10.0680141077613,-3.55695839671163,0.425556723375524,-8.35836494016066,6.35934646244468e-17,3.59924735990224e-16,"HAVANA","gene",NA,NA,"lncRNA","LINC02882","2","HGNC:54802","OTTHUMG00000169693.15"
"ENSG00000179826.7",30.6207834660016,2.13454819200387,0.255408839545986,8.35737790359264,6.4127620433355e-17,3.62905066733055e-16,"HAVANA","gene",NA,NA,"protein_coding","MRGPRX3","2","HGNC:17980","OTTHUMG00000166435.2"
"ENSG00000244125.1",24.0047946275238,-3.30906827347941,0.39597827308611,-8.35669151160679,6.4501682117284e-17,3.64978810704981e-16,"HAVANA","gene",NA,NA,"lncRNA","AC078882.1","2",NA,"OTTHUMG00000153687.1"
"ENSG00000227352.1",0.446814819561728,2.26196406372257,0.270777621586507,8.35358568580943,6.62213339255098e-17,3.74620865317177e-16,"HAVANA","gene",NA,NA,"lncRNA","ARHGEF7-AS1","2","HGNC:39816","OTTHUMG00000017355.1"
"ENSG00000238122.1",3.22271294398343,-2.69324751711153,0.32250621474059,-8.35099416387327,6.76907661916211e-17,3.82843183595864e-16,"HAVANA","gene",NA,NA,"lncRNA","AL359258.1","2",NA,"OTTHUMG00000011319.2"
"ENSG00000170788.14",2.35418063451466,-2.82779029152682,0.339353065045149,-8.33288566629154,7.88953450244211e-17,4.44900656793787e-16,"HAVANA","gene",NA,NA,"protein_coding","DYDC1","2","HGNC:23460","OTTHUMG00000018609.3"
"ENSG00000167104.11",4.06689583035371,-3.70236968943724,0.444343811170262,-8.33221842268122,7.93413944371608e-17,4.47363329114319e-16,"HAVANA","gene",NA,NA,"protein_coding","BPIFB6","2","HGNC:16504","OTTHUMG00000032238.3"
"ENSG00000236212.2",16.1983638605879,-2.67644843702704,0.321315423473752,-8.32966064340101,8.10744158222129e-17,4.5670491029303e-16,"HAVANA","gene",NA,NA,"lncRNA","AC009262.1","2",NA,"OTTHUMG00000153006.4"
"ENSG00000077327.16",354.984657224336,-2.46541190636461,0.29619576303975,-8.32358937569862,8.53388751098723e-17,4.8016271362466e-16,"HAVANA","gene",NA,NA,"protein_coding","SPAG6","2","HGNC:11215","OTTHUMG00000017808.4"
"ENSG00000266242.1",22.5004711839035,-2.7437756528532,0.329676933524888,-8.32261943083763,8.60403558825418e-17,4.83995943446352e-16,"HAVANA","gene",NA,NA,"processed_pseudogene","GRAMD4P7","1","HGNC:49142","OTTHUMG00000178701.1"
"ENSG00000146857.4",11.377695110718,-3.33889350460672,0.401246038440619,-8.3213120747131,8.69948629611775e-17,4.89172948503039e-16,"HAVANA","gene",NA,NA,"protein_coding","STRA8","2","HGNC:30653","OTTHUMG00000155415.3"
"ENSG00000158786.5",4.72239941506461,-2.53072306123589,0.304252352001796,-8.31784222730004,8.95791454363605e-17,5.03311464507568e-16,"HAVANA","gene",NA,NA,"protein_coding","PLA2G2F","2","HGNC:30040","OTTHUMG00000002704.1"
"ENSG00000074317.11",5.20737982226313,-2.11479528031164,0.254414809787615,-8.31239062724793,9.3793085008932e-17,5.26247418055736e-16,"HAVANA","gene",NA,NA,"protein_coding","SNCB","2","HGNC:11140","OTTHUMG00000130661.3"
"ENSG00000237136.8",6.19993040156814,-2.37262267353896,0.285645989831197,-8.306164826403,9.88449063792271e-17,5.53943088621917e-16,"HAVANA","gene",NA,NA,"protein_coding","C4orf51","2","HGNC:37264","OTTHUMG00000161367.3"
"ENSG00000261949.6",5.02182109167023,-2.96688612158409,0.357311801174649,-8.30335329488296,1.0121333157698e-16,5.66950861201111e-16,"HAVANA","gene",NA,NA,"protein_coding","GFY","2","HGNC:44663","OTTHUMG00000177824.2"
"ENSG00000197408.10",11.7357752382545,-2.2575276190308,0.271882529987415,-8.30331989015733,1.01241805341977e-16,5.67044060548762e-16,"HAVANA","gene",NA,NA,"protein_coding","CYP2B6","2","HGNC:2615","OTTHUMG00000182714.7"
"ENSG00000287394.1",9.21627264274895,-5.34534355768034,0.644164614778863,-8.29810181286557,1.05788000960572e-16,5.92091486684695e-16,"HAVANA","gene",NA,NA,"lncRNA","AC244102.4","2",NA,"OTTHUMG00000194441.1"
"ENSG00000149972.11",25.1752440309545,-2.50574581442994,0.302194548939041,-8.29182995930015,1.11519279201617e-16,6.23513673304873e-16,"HAVANA","gene",NA,NA,"protein_coding","CNTN5","2","HGNC:2175","OTTHUMG00000167579.3"
"ENSG00000285715.1",5.75353764305663,-2.19777053851843,0.265091724356807,-8.29060410637448,1.12674724961381e-16,6.29753391612201e-16,"HAVANA","gene",NA,NA,"lncRNA","AC063960.1","2",NA,"OTTHUMG00000193243.2"
"ENSG00000287136.1",4.56293157344157,-3.49075736065479,0.421197902888962,-8.28768931828,1.15469717744371e-16,6.44848371270873e-16,"HAVANA","gene",NA,NA,"lncRNA","AC073578.5","2",NA,"OTTHUMG00000194472.1"
"ENSG00000274827.4",3.46973253229741,-3.62190913763144,0.437160193565895,-8.28508448605007,1.18025270379189e-16,6.58812851435039e-16,"HAVANA","gene",NA,NA,"lncRNA","LINC01297","2","HGNC:50443","OTTHUMG00000170514.4"
"ENSG00000233693.1",6.74819027608155,-2.34663452219969,0.283452284796341,-8.27876382751947,1.24460497161441e-16,6.9376409761543e-16,"HAVANA","gene",NA,NA,"lncRNA","PBX1-AS1","2","HGNC:40425","OTTHUMG00000034481.1"
"ENSG00000251144.1",3.18292999786045,-2.30035465766972,0.27803934127437,-8.27348621646936,1.30097847878717e-16,7.24597522886462e-16,"HAVANA","gene",NA,NA,"lncRNA","AC113346.1","1",NA,"OTTHUMG00000163136.1"
"ENSG00000231405.1",1.37805268144317,-2.4917183815706,0.30145885642847,-8.26553384793933,1.39070975769263e-16,7.73765003960678e-16,"HAVANA","gene",NA,NA,"lncRNA","AL008638.1","2",NA,"OTTHUMG00000150945.1"
"ENSG00000249332.2",8.8291043295897,-4.09133921846631,0.49517259355087,-8.26245085400914,1.42711501433136e-16,7.93835833468193e-16,"HAVANA","gene",NA,NA,"lncRNA","LINC02149","1","HGNC:53010","OTTHUMG00000161792.3"
"ENSG00000111218.12",12.5488983697546,-2.00144603835774,0.242318084366314,-8.25958179552188,1.46183730149916e-16,8.12772718055294e-16,"HAVANA","gene",NA,NA,"protein_coding","PRMT8","2","HGNC:5188","OTTHUMG00000128493.6"
"ENSG00000236583.1",4.35751600750119,-2.51068531424768,0.304173588103315,-8.25412005658724,1.53025470618687e-16,8.50417619457289e-16,"HAVANA","gene",NA,NA,"processed_pseudogene","AP004290.1","1",NA,"OTTHUMG00000140386.1"
"ENSG00000263709.1",1.31222662904326,2.24300148134789,0.272052303845209,8.24474356454672,1.65514789315323e-16,9.18653099640536e-16,"HAVANA","gene",NA,NA,"lncRNA","AC024619.3","2",NA,"OTTHUMG00000179540.1"
"ENSG00000234282.1",0.62630284757766,2.36598361637091,0.287098542482735,8.24101577078954,1.70754717375146e-16,9.47077854763052e-16,"HAVANA","gene",NA,NA,"unprocessed_pseudogene","AL109809.2","2",NA,"OTTHUMG00000154773.1"
"ENSG00000284636.1",12.8262787956137,-2.2978127770326,0.279022752804742,-8.23521649734634,1.79233209882077e-16,9.9311575145484e-16,"HAVANA","gene",NA,NA,"unprocessed_pseudogene","AC073648.6","2",NA,"OTTHUMG00000192245.1"
"ENSG00000159556.10",8.02645896299558,-2.5205585038439,0.306305719851225,-8.22889792938947,1.88943689916767e-16,1.04554079278266e-15,"HAVANA","gene",NA,NA,"protein_coding","ISL2","2","HGNC:18524","OTTHUMG00000143723.4"
"ENSG00000225017.1",3.6815136113591,-3.42825929518609,0.416968733407064,-8.22186178607129,2.00368026091377e-16,1.10799078139865e-15,"HAVANA","gene",NA,NA,"processed_pseudogene","AP004289.1","1",NA,"OTTHUMG00000140387.1"
"ENSG00000230916.2",31.7244338405308,-2.02051123595942,0.245789560860723,-8.22049247691339,2.02669201130638e-16,1.12045712279816e-15,"HAVANA","gene",NA,NA,"processed_pseudogene","MTCO1P53","2","HGNC:52118","OTTHUMG00000022350.3"
"ENSG00000121211.8",1.80722556664973,-2.0597097861968,0.250622840498357,-8.21836422451011,2.06297622149115e-16,1.14012216831977e-15,"HAVANA","gene",NA,NA,"protein_coding","MND1","1","HGNC:24839","OTTHUMG00000161523.6"
"ENSG00000230524.8",6.19311230745957,-2.08359330197761,0.253571233905656,-8.2169939779243,2.08667541807302e-16,1.15308672756492e-15,"HAVANA","gene",NA,NA,"transcribed_unprocessed_pseudogene","COL6A4P1","2","HGNC:33484","OTTHUMG00000154983.2"
"ENSG00000142700.12",9.25378989165086,-2.72172060170235,0.331419456353122,-8.21231388057799,2.16966209937227e-16,1.19797754040481e-15,"HAVANA","gene",NA,NA,"protein_coding","DMRTA2","2","HGNC:13908","OTTHUMG00000007884.4"
"ENSG00000224269.1",1.37789858668463,-2.76656947372295,0.337005546298833,-8.20926985952257,2.22537565958645e-16,1.22732528894655e-15,"HAVANA","gene",NA,NA,"lncRNA","AP000697.1","2",NA,"OTTHUMG00000086642.1"
"ENSG00000126545.14",52.3815710935884,3.49348516312005,0.425736018067757,8.20575430515736,2.29147602306396e-16,1.26290827407102e-15,"HAVANA","gene",NA,NA,"protein_coding","CSN1S1","2","HGNC:2445","OTTHUMG00000160843.4"
"ENSG00000170950.6",2.09285658306167,-3.29674513642075,0.401907307797899,-8.20274991884082,2.34949627040852e-16,1.29443843508823e-15,"HAVANA","gene",NA,NA,"protein_coding","PGK2","2","HGNC:8898","OTTHUMG00000014824.4"
"ENSG00000286250.1",16.1464497938942,2.226803947509,0.271686582356346,8.19622348735762,2.48056959469513e-16,1.36555313434268e-15,"HAVANA","gene",NA,NA,"lncRNA","AL161945.1","2",NA,"OTTHUMG00000193044.1"
"ENSG00000254545.1",1.61293724561718,-2.14195905554557,0.261339279874211,-8.19608539740579,2.48341938776567e-16,1.36696487669868e-15,"HAVANA","gene",NA,NA,"lncRNA","AL354919.2","2",NA,"OTTHUMG00000165113.1"
"ENSG00000203811.1",2.28649684223418,-2.8452521974394,0.34738228208544,-8.19055071075732,2.60033578483816e-16,1.42951333851516e-15,"HAVANA","gene",NA,NA,"protein_coding","H3C14","2","HGNC:20503","OTTHUMG00000012190.1"
"ENSG00000276308.1",0.844881781318294,2.23163832932421,0.272529780327738,8.18860355973022,2.64274480324795e-16,1.45232740908017e-15,"HAVANA","gene",NA,NA,"lncRNA","AC078880.4","2",NA,"OTTHUMG00000187123.1"
"ENSG00000270980.1",1.69592587620123,-2.49767878441515,0.30504869251547,-8.18780360544731,2.6603647613393e-16,1.46167518022667e-15,"HAVANA","gene",NA,NA,"processed_pseudogene","AC060764.1","1",NA,"OTTHUMG00000184843.1"
"ENSG00000280217.1",13.8257885913288,-2.45498406612728,0.299840734694369,-8.18762690342815,2.66427242319646e-16,1.46365430335217e-15,"HAVANA","gene",NA,NA,"TEC","AC126564.1","2",NA,"OTTHUMG00000168351.1"
"ENSG00000216588.9",9.92729058349972,-2.14790551522838,0.262341266680166,-8.18744813734167,2.66823148782384e-16,1.46566120822793e-15,"HAVANA","gene",NA,NA,"protein_coding","IGSF23","1","HGNC:40040","OTTHUMG00000151531.5"
"ENSG00000226057.7",6.33131538096347,-3.90516524869441,0.477101486744351,-8.18518775814871,2.71879428145602e-16,1.49240873080382e-15,"HAVANA","gene",NA,NA,"transcribed_unprocessed_pseudogene","PHF2P2","2","HGNC:38808","OTTHUMG00000016472.3"
"ENSG00000213005.3",2.51820607530792,-2.96403923742794,0.362325007895312,-8.18060904668316,2.82412785855015e-16,1.54880913121724e-15,"HAVANA","gene",NA,NA,"processed_pseudogene","PTTG3P","1","HGNC:13422","OTTHUMG00000164788.1"
"ENSG00000161992.6",1.6921941744844,-2.79857731611205,0.342526928174609,-8.17038628474031,3.07403578595406e-16,1.68374362072778e-15,"HAVANA","gene",NA,NA,"protein_coding","PRR35","1","HGNC:14139","OTTHUMG00000154104.2"
"ENSG00000179046.8",7.27137731222041,-2.28349652336203,0.279525814395119,-8.16917939512461,3.10494161424888e-16,1.70008860272759e-15,"HAVANA","gene",NA,NA,"protein_coding","TRIML2","1","HGNC:26378","OTTHUMG00000160225.2"
"ENSG00000144285.22",23.5592730096916,-2.84495906054533,0.348288480856672,-8.16839837351983,3.12510490014896e-16,1.71054239422069e-15,"HAVANA","gene",NA,NA,"protein_coding","SCN1A","1","HGNC:10585","OTTHUMG00000044173.20"
"ENSG00000198128.4",1.53039133229685,2.27251054563482,0.278618209902661,8.15636044187043,3.4527104125302e-16,1.88555061967767e-15,"HAVANA","gene",NA,NA,"protein_coding","OR2L3","2","HGNC:15009","OTTHUMG00000040195.3"
"ENSG00000206658.1",0.372019858643693,2.53678762513395,0.311059803414496,8.1553051769714,3.48299262800466e-16,1.90165443655502e-15,"ENSEMBL","gene",NA,NA,"snRNA","RNU6-1039P","3","HGNC:48002",NA
"ENSG00000250387.3",14.3120467284439,-3.42940845998342,0.420872930319034,-8.14832271912529,3.69006508249731e-16,2.01104559324816e-15,"HAVANA","gene",NA,NA,"lncRNA","LINC02197","2","HGNC:53063","OTTHUMG00000163654.2"
"ENSG00000156885.6",2.88678146676176,-2.36575264887429,0.29033760898401,-8.14828177841949,3.6913143094374e-16,2.01149759514497e-15,"HAVANA","gene",NA,NA,"protein_coding","COX6A2","2","HGNC:2279","OTTHUMG00000132463.4"
"ENSG00000225438.1",43.8333354579669,-2.60300887294112,0.319846017133605,-8.13831885814542,4.00804138281479e-16,2.18284941060198e-15,"HAVANA","gene",NA,NA,"unprocessed_pseudogene","KRT41P","2","HGNC:6457","OTTHUMG00000133601.1"
"ENSG00000223729.1",6.53523112808388,-4.04660729293842,0.497651464580832,-8.13140838708642,4.24331156002181e-16,2.30783354342882e-15,"HAVANA","gene",NA,NA,"lncRNA","LINC02247","2","HGNC:53140","OTTHUMG00000020883.2"
"ENSG00000246528.3",5.87613333262604,-2.04957698849881,0.25206431956244,-8.13116664848355,4.25178345028487e-16,2.31191629898023e-15,"HAVANA","gene",NA,NA,"lncRNA","AC079089.1","2",NA,"OTTHUMG00000165122.3"
"ENSG00000163646.12",2.56740186417704,-2.59752808887458,0.319457304233672,-8.13106494811771,4.25535258689994e-16,2.31359444437558e-15,"HAVANA","gene",NA,NA,"protein_coding","CLRN1","2","HGNC:12605","OTTHUMG00000140368.7"
"ENSG00000236663.1",3.61446709324019,-2.53560730034428,0.31212557216579,-8.12367689949306,4.52268761551839e-16,2.45643309896254e-15,"HAVANA","gene",NA,NA,"lncRNA","FRGCA","1","HGNC:51844","OTTHUMG00000086845.1"
"ENSG00000256357.1",9.76695308382459,-2.47600231368087,0.305428662026826,-8.1066468917819,5.20358007926169e-16,2.81794417991893e-15,"HAVANA","gene",NA,NA,"lncRNA","AL132708.1","2",NA,"OTTHUMG00000167713.1"
"ENSG00000197658.9",2.5935470806613,-3.24724558395483,0.400871888945394,-8.10045721214731,5.4753018836333e-16,2.9617445325152e-15,"HAVANA","gene",NA,NA,"protein_coding","SLC22A24","1","HGNC:28542","OTTHUMG00000165372.3"
"ENSG00000248238.2",3.93965599595305,-3.66995794974972,0.45336958171416,-8.09484821604893,5.73357995355176e-16,3.09655975171531e-15,"HAVANA","gene",NA,NA,"lncRNA","LINC02438","2","HGNC:53370","OTTHUMG00000160243.2"
"ENSG00000283047.1",11.196149570966,-2.23769556397479,0.276652182078606,-8.08847971905383,6.04140441764998e-16,3.25803338191817e-15,"HAVANA","gene",NA,NA,"unprocessed_pseudogene","FRG1FP","2","HGNC:51765","OTTHUMG00000191577.1"
"ENSG00000256124.6",190.314901531856,2.01368429202204,0.249045881420717,8.08559563617233,6.18611130252311e-16,3.33532064487826e-15,"HAVANA","gene",NA,NA,"lncRNA","LINC01152","2","HGNC:16752","OTTHUMG00000168039.8"
"ENSG00000225537.1",9.56251891799899,-3.45771870366688,0.427746167184628,-8.08357612278597,6.28946667163387e-16,3.38875785242891e-15,"HAVANA","gene",NA,NA,"lncRNA","AC073325.1","2",NA,"OTTHUMG00000155418.1"
"ENSG00000229224.2",2.37736682006244,2.31009492873813,0.285822290622136,8.08227701104017,6.35685046096744e-16,3.42313932319827e-15,"HAVANA","gene",NA,NA,"lncRNA","AC105398.1","1",NA,"OTTHUMG00000152025.2"
"ENSG00000264319.1",0.535348723856811,3.63459409511503,0.449842093996196,8.07971095551981,6.49204649122845e-16,3.49358584066893e-15,"ENSEMBL","gene",NA,NA,"miRNA","MIR4801","3","HGNC:41840",NA
"ENSG00000257191.1",3.29679885332153,-2.75632196117112,0.341157467105659,-8.07932473105584,6.51263904780209e-16,3.50427377336251e-15,"HAVANA","gene",NA,NA,"lncRNA","AC090709.1","2",NA,"OTTHUMG00000170062.1"
"ENSG00000164438.6",9.00775003183256,-5.28638814260131,0.654429269153477,-8.07786019326337,6.59131106161969e-16,3.54620677105221e-15,"HAVANA","gene",NA,NA,"protein_coding","TLX3","1","HGNC:13532","OTTHUMG00000163207.4"
"ENSG00000287709.1",1.2899027543793,2.31109887742415,0.286370835003541,8.07030114430322,7.0124989462697e-16,3.76900184558875e-15,"HAVANA","gene",NA,NA,"lncRNA","AC008780.1","2",NA,"OTTHUMG00000194175.1"
"ENSG00000235124.1",3.70618134093909,-2.010721854456,0.249171799893957,-8.06962045990648,7.05170304019815e-16,3.78922266325587e-15,"HAVANA","gene",NA,NA,"processed_pseudogene","KRT8P17","1","HGNC:33369","OTTHUMG00000021690.2"
"ENSG00000243321.3",3.30398465910494,-2.43407869150405,0.302252736593831,-8.05312374979416,8.07072281194385e-16,4.32999249630717e-15,"HAVANA","gene",NA,NA,"lncRNA","LINC01998","2","HGNC:52832","OTTHUMG00000159740.1"
"ENSG00000185306.13",21.4988140316502,-2.40820519738507,0.29908327232327,-8.05195549279036,8.14815398772304e-16,4.37006669150129e-15,"HAVANA","gene",NA,NA,"protein_coding","C12orf56","1","HGNC:26967","OTTHUMG00000168782.5"
"ENSG00000260963.2",5.82100979581347,-2.37721385110642,0.295377130087785,-8.04806333652141,8.41144184135942e-16,4.50976027998579e-15,"HAVANA","gene",NA,NA,"lncRNA","AC026462.3","2",NA,"OTTHUMG00000173224.12"
"ENSG00000120094.9",12.5570677256387,-2.06285443890667,0.256458983197369,-8.04360374976264,8.72342847769505e-16,4.67389239953444e-15,"HAVANA","gene",NA,NA,"protein_coding","HOXB1","2","HGNC:5111","OTTHUMG00000159929.5"
"ENSG00000181355.21",10.5106918349212,-3.24366876397847,0.403616743245872,-8.0365069543275,9.24357054961075e-16,4.94870337503465e-15,"HAVANA","gene",NA,NA,"transcribed_unitary_pseudogene","OFCC1","2","HGNC:21017","OTTHUMG00000159104.9"
"ENSG00000265962.1",9.20740241322904,-2.44064466041526,0.303721251511262,-8.03580470010266,9.29667238036889e-16,4.97657624294384e-15,"HAVANA","gene",NA,NA,"lncRNA","GACAT2","2","HGNC:50516","OTTHUMG00000178955.1"
"ENSG00000288032.1",4.76763274830954,-2.21940163094654,0.276237013329925,-8.03441075543265,9.40296914014772e-16,5.03179103657408e-15,"HAVANA","gene",NA,NA,"lncRNA","AC104472.5","2",NA,"OTTHUMG00000195853.1"
"ENSG00000238176.1",4.69366601782406,-4.50120126849788,0.560947487182302,-8.02428279179551,1.02120807439539e-15,5.45562877389419e-15,"HAVANA","gene",NA,NA,"lncRNA","AL390061.1","2",NA,"OTTHUMG00000017965.1"
"ENSG00000101074.5",2.21885939941695,-2.81038050468667,0.350357900266792,-8.02145606691503,1.04498957407666e-15,5.58018841886011e-15,"HAVANA","gene",NA,NA,"protein_coding","R3HDML","2","HGNC:16249","OTTHUMG00000032524.2"
"ENSG00000250874.1",5.92149633196436,-4.5498778831011,0.567437659219051,-8.01828678301502,1.07230218047999e-15,5.72412228042297e-15,"HAVANA","gene",NA,NA,"lncRNA","AC010595.1","2",NA,"OTTHUMG00000162578.1"
"ENSG00000284471.1",2.29251556418895,2.07086039191617,0.25849028584953,8.01136640439029,1.13440920179977e-15,6.04690085205016e-15,"HAVANA","gene",NA,NA,"TEC","CR769775.2","2",NA,"OTTHUMG00000191984.1"
"ENSG00000226690.8",7.12114215660071,-2.01606388773617,0.251872811641199,-8.00429341539299,1.20154583542412e-15,6.39622899724106e-15,"HAVANA","gene",NA,NA,"protein_coding","AC013470.2","2",NA,"OTTHUMG00000152383.5"
"ENSG00000183629.13",0.528442491542818,2.30070595926699,0.287707230401086,7.9966914841161,1.27806944876771e-15,6.7952843513995e-15,"HAVANA","gene",NA,NA,"protein_coding","GOLGA8G","2","HGNC:25328","OTTHUMG00000167134.3"
"ENSG00000283647.1",1.2680380829522,2.66653986370721,0.333577073094355,7.99377438914382,1.30869151125504e-15,6.95500946247687e-15,"HAVANA","gene",NA,NA,"lncRNA","AL512643.1","2",NA,"OTTHUMG00000191616.1"
"ENSG00000220891.1",3.79469596804422,-3.16565574866878,0.396110531928236,-7.99184948014031,1.32929276911889e-15,7.06292742247823e-15,"HAVANA","gene",NA,NA,"lncRNA","LL22NC03-63E9.3","1",NA,"OTTHUMG00000151164.2"
"ENSG00000179813.7",5.91130183894278,-2.29997303082318,0.28785466406316,-7.99004955611395,1.34884522468218e-15,7.16363759167757e-15,"HAVANA","gene",NA,NA,"protein_coding","FAM216B","2","HGNC:26883","OTTHUMG00000016809.4"
"ENSG00000235343.2",3.62351173838855,-3.53898372366325,0.442947502690866,-7.98962338011671,1.3535160661684e-15,7.18605438055497e-15,"HAVANA","gene",NA,NA,"lncRNA","LINC01665","2","HGNC:52453","OTTHUMG00000153504.3"
"ENSG00000227674.3",9.20677771385196,-4.28318895155604,0.536393676693273,-7.98515929188573,1.40340962925542e-15,7.44517277573104e-15,"HAVANA","gene",NA,NA,"lncRNA","LINC00355","2","HGNC:27061","OTTHUMG00000017028.5"
"ENSG00000156395.13",16.2549758865876,-2.23763051146018,0.280365277806649,-7.98112565495122,1.45004755779454e-15,7.68408124034247e-15,"HAVANA","gene",NA,NA,"protein_coding","SORCS3","2","HGNC:16699","OTTHUMG00000019011.2"
"ENSG00000136695.15",11.620387480673,-2.71653057900165,0.340871041619369,-7.96937917077462,1.59473464489014e-15,8.42843208347342e-15,"HAVANA","gene",NA,NA,"protein_coding","IL36RN","2","HGNC:15561","OTTHUMG00000131337.5"
"ENSG00000115844.11",185.219892456257,-2.10264379506329,0.263885836863265,-7.96800548319234,1.61255711532259e-15,8.51886772467806e-15,"HAVANA","gene",NA,NA,"protein_coding","DLX2","2","HGNC:2915","OTTHUMG00000132276.4"
"ENSG00000224559.2",562.385833617333,-2.044824345981,0.256757230471192,-7.96403802233108,1.66514054428375e-15,8.79180994893481e-15,"HAVANA","gene",NA,NA,"lncRNA","LINC01087","2","HGNC:49144","OTTHUMG00000153621.1"
"ENSG00000088386.17",99.6240295378751,-2.14482063783842,0.269316802785714,-7.96393175491906,1.66657195548512e-15,8.79839805920574e-15,"HAVANA","gene",NA,NA,"protein_coding","SLC15A1","2","HGNC:10920","OTTHUMG00000017255.5"
"ENSG00000006377.11",36.1516265168549,-2.26306362583918,0.284177212968942,-7.96356471441119,1.67152528192398e-15,8.82357605299446e-15,"HAVANA","gene",NA,NA,"protein_coding","DLX6","2","HGNC:2919","OTTHUMG00000154201.7"
"ENSG00000280023.1",1.63091245564219,-2.18088650437912,0.274134692892625,-7.95552901884386,1.78367706986233e-15,9.39696155895142e-15,"HAVANA","gene",NA,NA,"TEC","AD000813.1","2",NA,"OTTHUMG00000186386.1"
"ENSG00000142619.4",86.6610492081081,-2.03796733963763,0.256509309611701,-7.94500341029595,1.94185443029776e-15,1.02067192271603e-14,"HAVANA","gene",NA,NA,"protein_coding","PADI3","2","HGNC:18337","OTTHUMG00000002373.1"
"ENSG00000240253.6",53.5264669112031,-2.49835825642056,0.314691109809434,-7.93908114510598,2.03684494070524e-15,1.06977900799373e-14,"HAVANA","gene",NA,NA,"transcribed_unprocessed_pseudogene","FAR2P3","2","HGNC:49285","OTTHUMG00000154049.2"
"ENSG00000214429.3",4.93418728071307,-3.40305301521129,0.42865349399073,-7.93893684040492,2.03921573481688e-15,1.07090678346023e-14,"HAVANA","gene",NA,NA,"processed_pseudogene","CYCSP6","1","HGNC:24421","OTTHUMG00000152870.1"
"ENSG00000272595.2",3.60308147310747,-2.11912046926919,0.267361579011997,-7.92604710482392,2.26231806431146e-15,1.18573086600111e-14,"HAVANA","gene",NA,NA,"transcribed_unprocessed_pseudogene","OR10AH1P","2","HGNC:19647","OTTHUMG00000185863.2"
"ENSG00000066032.18",24.9159455617305,-2.2177931625783,0.279906391546359,-7.92333876452757,2.31216519253402e-15,1.21132678375402e-14,"HAVANA","gene",NA,NA,"protein_coding","CTNNA2","1","HGNC:2510","OTTHUMG00000152903.13"
"ENSG00000103355.13",39.5177623845421,-3.26057015409918,0.411940035065718,-7.91515724753243,2.46940785851344e-15,1.29172759582246e-14,"HAVANA","gene",NA,NA,"protein_coding","PRSS33","2","HGNC:30405","OTTHUMG00000177360.3"
"ENSG00000287225.1",3.56661065781236,-3.41152665302426,0.431311706790333,-7.90965466347208,2.58103861102026e-15,1.34894250958853e-14,"HAVANA","gene",NA,NA,"lncRNA","Z84468.2","2",NA,"OTTHUMG00000194335.1"
"ENSG00000286559.1",5.33733108683083,2.34679369665458,0.296858683589855,7.90542378034979,2.67023614626873e-15,1.39449546291405e-14,"HAVANA","gene",NA,NA,"lncRNA","AC099845.1","2",NA,"OTTHUMG00000195019.1"
"ENSG00000253868.4",2.44662104510972,-3.47491951251357,0.439626588075912,-7.90425239683989,2.695463818374e-15,1.40751685600325e-14,"HAVANA","gene",NA,NA,"lncRNA","FER1L6-AS2","2","HGNC:26534","OTTHUMG00000165000.3"
"ENSG00000204006.10",0.584580732035461,2.51830105927253,0.318615326671786,7.90389177312458,2.70327758717938e-15,1.41128941050195e-14,"HAVANA","gene",NA,NA,"protein_coding","C1orf185","2","HGNC:28096","OTTHUMG00000008084.7"
"ENSG00000230533.4",16.3145360478864,-2.09474902106073,0.265131879886672,-7.90078138455516,2.77160395625935e-15,1.44632987195714e-14,"HAVANA","gene",NA,NA,"lncRNA","AL356234.2","1",NA,"OTTHUMG00000015659.8"
"ENSG00000205426.10",3677.4249522745,-2.22437198493814,0.2816212875002,-7.89845116000529,2.82390388174678e-15,1.47330104513218e-14,"HAVANA","gene",NA,NA,"protein_coding","KRT81","2","HGNC:6458","OTTHUMG00000167574.2"
"ENSG00000227773.1",2.95611439576842,-2.55040305032854,0.3230314400456,-7.89521617452629,2.89812474250445e-15,1.51103663525289e-14,"HAVANA","gene",NA,NA,"lncRNA","ASH1L-IT1","2","HGNC:41449","OTTHUMG00000014015.1"
"ENSG00000288002.1",2.6512455853742,2.13595300083393,0.270656574282387,7.891746234124,2.97987185239771e-15,1.55281336141369e-14,"HAVANA","gene",NA,NA,"lncRNA","AC091912.3","2",NA,"OTTHUMG00000195099.1"
"ENSG00000278060.1",1.44841089836391,-2.70340033025969,0.342599409880954,-7.89084934851191,3.0013679139016e-15,1.56299496472854e-14,"HAVANA","gene",NA,NA,"lncRNA","AC012366.1","2",NA,"OTTHUMG00000187934.1"
"ENSG00000226321.5",23.2862366542522,-2.07279420880963,0.262817165782702,-7.88682962407191,3.09960122756016e-15,1.6120483587973e-14,"HAVANA","gene",NA,NA,"protein_coding","CROCC2","1","HGNC:51677","OTTHUMG00000151855.4"
"ENSG00000169836.5",10.8603612484475,-2.17337460978657,0.275584616132711,-7.88641485248927,3.10991575159776e-15,1.61723720459187e-14,"HAVANA","gene",NA,NA,"protein_coding","TACR3","2","HGNC:11528","OTTHUMG00000131124.2"
"ENSG00000250538.6",39.9633860064685,3.41287408876192,0.433055581635668,7.88091467582835,3.2499318323035e-15,1.68785077599632e-14,"HAVANA","gene",NA,NA,"lncRNA","AC104407.1","2",NA,"OTTHUMG00000161487.2"
"ENSG00000267209.5",0.966868414982425,-2.31035684845275,0.293222283158419,-7.87919943725604,3.29485237021201e-15,1.71062393863088e-14,"HAVANA","gene",NA,NA,"lncRNA","LINC01897","2","HGNC:52716","OTTHUMG00000179890.1"
"ENSG00000278862.1",2.22730681085295,-2.85149854137568,0.361967723938326,-7.87777017892771,3.33274984429092e-15,1.72973724450198e-14,"HAVANA","gene",NA,NA,"TEC","AC092724.1","2",NA,"OTTHUMG00000176843.1"
"ENSG00000124205.18",198.102310095451,2.37778615924637,0.301860187428817,7.8771108555251,3.35037646817202e-15,1.73832073413603e-14,"HAVANA","gene",NA,NA,"protein_coding","EDN3","2","HGNC:3178","OTTHUMG00000032867.6"
"ENSG00000084453.16",63.2648933046797,2.40363973556084,0.305872352268065,7.85830990521923,3.89351039118634e-15,2.01271129522807e-14,"HAVANA","gene",NA,NA,"protein_coding","SLCO1A2","1","HGNC:10956","OTTHUMG00000156259.10"
"ENSG00000224239.1",4.75541557161317,2.02638517980719,0.257917738444915,7.85671118250744,3.94350726814931e-15,2.03789702531586e-14,"HAVANA","gene",NA,NA,"lncRNA","AC090044.1","2",NA,"OTTHUMG00000154884.1"
"ENSG00000288611.1",7.86095190956229,-2.10891240346096,0.268885541017264,-7.84316031082368,4.39346519302683e-15,2.2650480727205e-14,"HAVANA","gene",NA,NA,"protein_coding","NPBWR1","2","HGNC:4522","OTTHUMG00000164275.1"
"ENSG00000042304.12",0.837112457233768,2.29989041529184,0.293470505945521,7.83687072021741,4.6191318735505e-15,2.37857489318363e-14,"HAVANA","gene",NA,NA,"protein_coding","C2orf83","2","HGNC:25344","OTTHUMG00000153552.2"
"ENSG00000287231.1",0.848602101560041,2.69373276081346,0.343757279162893,7.83614754972798,4.64579918089471e-15,2.39179280847481e-14,"HAVANA","gene",NA,NA,"lncRNA","AL136119.1","2",NA,"OTTHUMG00000194911.1"
"ENSG00000187772.8",7.69113465475274,-4.84869716475846,0.619465671149068,-7.82722496270769,4.98756176533686e-15,2.56360995791534e-14,"HAVANA","gene",NA,NA,"protein_coding","LIN28B","2","HGNC:32207","OTTHUMG00000015290.4"
"ENSG00000118733.17",16.3149388706145,-3.88533366604219,0.496725030892927,-7.82190029573869,5.20318146042596e-15,2.67185877565925e-14,"HAVANA","gene",NA,NA,"protein_coding","OLFM3","2","HGNC:17990","OTTHUMG00000010941.2"
"ENSG00000283599.2",5.36888199447404,-2.68148818088802,0.343265903476967,-7.8116939484144,5.64244391673325e-15,2.89246188798085e-14,"HAVANA","gene",NA,NA,"protein_coding","BX276092.9","2",NA,"OTTHUMG00000191693.2"
"ENSG00000233399.2",1.2889994865771,-2.28522567956055,0.292589270583544,-7.81035365720305,5.7027739487016e-15,2.92151304407927e-14,"HAVANA","gene",NA,NA,"lncRNA","LINC01648","2","HGNC:52435","OTTHUMG00000003683.2"
"ENSG00000265185.6",8.1395975616404,-2.89178674867871,0.370871411938096,-7.7972759711158,6.32578013571319e-15,3.2330715415193e-14,"HAVANA","gene",NA,NA,"snoRNA","SNORD3B-1","2","HGNC:10168","OTTHUMG00000178499.2"
"ENSG00000124196.6",2.69013499864487,-2.03550724446518,0.26110449852933,-7.79575708549705,6.40234457436063e-15,3.27150521072544e-14,"HAVANA","gene",NA,NA,"protein_coding","GTSF1L","2","HGNC:16198","OTTHUMG00000032510.2"
"ENSG00000112494.10",3.97853846781458,-2.92206857959274,0.374965816751685,-7.79289324266012,6.54919542523051e-15,3.34440367536553e-14,"HAVANA","gene",NA,NA,"protein_coding","UNC93A","2","HGNC:12570","OTTHUMG00000016021.4"
"ENSG00000224204.1",2.61588891665027,2.49596304110047,0.320308754303437,7.79236598302893,6.57659110695388e-15,3.357677748659e-14,"HAVANA","gene",NA,NA,"lncRNA","PHEX-AS1","2","HGNC:40445","OTTHUMG00000021240.1"
"ENSG00000204538.4",16.5581065808485,-2.06652178368619,0.265432754169164,-7.78548144954698,6.94482338022707e-15,3.54265851944931e-14,"HAVANA","gene",NA,NA,"protein_coding","PSORS1C2","2","HGNC:17199","OTTHUMG00000031081.5"
"ENSG00000285218.1",0.345731485768045,2.74894335470798,0.353418272053939,7.7781585505812,7.35878080776065e-15,3.74863570972688e-14,"HAVANA","gene",NA,NA,"protein_coding","AC026316.4","2",NA,"OTTHUMG00000192431.1"
"ENSG00000249550.7",13.9395304040632,-2.26467178394306,0.291194571206682,-7.77717721370452,7.41606868930135e-15,3.77741708382339e-14,"HAVANA","gene",NA,NA,"lncRNA","LINC01234","2","HGNC:49757","OTTHUMG00000169644.11"
"ENSG00000226431.1",2.10359514368327,-2.7378765344156,0.352112750445639,-7.77556771503023,7.51097876362819e-15,3.82372747386491e-14,"HAVANA","gene",NA,NA,"lncRNA","AL121929.1","1",NA,"OTTHUMG00000018994.1"
"ENSG00000183072.10",54.3259447788093,-2.87369655109309,0.369651911754246,-7.77406110915395,7.60090416475071e-15,3.86663111630077e-14,"HAVANA","gene",NA,NA,"protein_coding","NKX2-5","1","HGNC:2488","OTTHUMG00000130522.6"
"ENSG00000287784.1",1.28405013539198,-2.73363531158607,0.351784165739661,-7.7707741786454,7.80078631099126e-15,3.9662068572598e-14,"HAVANA","gene",NA,NA,"lncRNA","AC112482.2","2",NA,"OTTHUMG00000195640.1"
"ENSG00000276740.1",5.92946865993035,-2.14982771113466,0.276713340333061,-7.76915095075308,7.90139605631986e-15,4.01608195478766e-14,"HAVANA","gene",NA,NA,"lncRNA","AL445649.1","2",NA,"OTTHUMG00000187292.1"
"ENSG00000253301.6",20.8578504156625,-3.07953393255435,0.396922006579217,-7.7585366432429,8.5914921784437e-15,4.35997125779645e-14,"HAVANA","gene",NA,NA,"lncRNA","LINC01606","2","HGNC:51656","OTTHUMG00000164416.14"
"ENSG00000139800.8",34.5427385309863,-3.09922943334554,0.399632755564545,-7.75519371270601,8.82087257070033e-15,4.47346252632849e-14,"HAVANA","gene",NA,NA,"protein_coding","ZIC5","1","HGNC:20322","OTTHUMG00000017280.3"
"ENSG00000109182.12",81.2999714488862,-2.18444036634565,0.281913451977381,-7.7486205465673,9.28961572506835e-15,4.70769504324122e-14,"HAVANA","gene",NA,NA,"protein_coding","CWH43","1","HGNC:26133","OTTHUMG00000128627.8"
"ENSG00000242440.2",3.90067094157576,-3.22196483562054,0.415891955224718,-7.74711988328706,9.40002027483925e-15,4.76062337597832e-14,"HAVANA","gene",NA,NA,"lncRNA","LINC02046","1","HGNC:52886","OTTHUMG00000159505.13"
"ENSG00000207611.1",2.3998592517183,-2.68942648558422,0.347176785826881,-7.74656196893678,9.44139473631448e-15,4.77905147191576e-14,"ENSEMBL","gene",NA,NA,"miRNA","MIR149","3","HGNC:31536",NA
"ENSG00000288060.1",1.65157575783742,-2.94592046290271,0.38064882862678,-7.73920800841645,1.00038001237161e-14,5.05571797391601e-14,"HAVANA","gene",NA,NA,"lncRNA","AL355338.1","2",NA,"OTTHUMG00000194897.1"
"ENSG00000286700.1",1.55404692087166,3.24381482081207,0.419261170239754,7.7369788834895,1.01806959915838e-14,5.14403232394833e-14,"HAVANA","gene",NA,NA,"lncRNA","AC108075.1","2",NA,"OTTHUMG00000194617.1"
"ENSG00000286935.1",8.54402173899831,-2.4342810760074,0.314646770651947,-7.73655191490946,1.02149283454625e-14,5.15980759540545e-14,"HAVANA","gene",NA,NA,"lncRNA","AC079296.2","2",NA,"OTTHUMG00000194246.1"
"ENSG00000224817.2",11.9854746330144,-4.74058349368933,0.6136606888904,-7.72508909159732,1.11775139177665e-14,5.63462428240942e-14,"HAVANA","gene",NA,NA,"lncRNA","AC010789.1","2",NA,"OTTHUMG00000018941.3"
"ENSG00000173335.5",725.393677562025,-2.86153990194933,0.370672906801826,-7.71985178695352,1.1646505208636e-14,5.86672342073127e-14,"HAVANA","gene",NA,NA,"protein_coding","CST9","2","HGNC:13261","OTTHUMG00000032076.1"
"ENSG00000248870.1",1.56908400414957,-2.79323222574724,0.36199142099842,-7.71629398852365,1.19760898887548e-14,6.02704271607396e-14,"HAVANA","gene",NA,NA,"lncRNA","AC026782.2","2",NA,"OTTHUMG00000162768.1"
"ENSG00000215165.3",2.44174638377694,-2.34701942250823,0.304199893429762,-7.71538541991681,1.20617177753085e-14,6.06822323443273e-14,"HAVANA","gene",NA,NA,"processed_pseudogene","TCEA1P3","1","HGNC:30569","OTTHUMG00000019941.2"
"ENSG00000237761.3",2.45088034864313,-3.08023120938287,0.399347674410476,-7.7131567472628,1.22743181358132e-14,6.17323726524048e-14,"HAVANA","gene",NA,NA,"lncRNA","AL161646.1","2",NA,"OTTHUMG00000019009.4"
"ENSG00000226148.1",3.58112766148559,-2.57147333974956,0.333394933052381,-7.71299466433566,1.22899227945366e-14,6.18019459369925e-14,"HAVANA","gene",NA,NA,"processed_pseudogene","SLC25A39P1","1","HGNC:43859","OTTHUMG00000041390.1"
"ENSG00000174015.10",11.088209173277,-2.50292685546956,0.324660052317115,-7.70937735519367,1.26433058091445e-14,6.35148140207731e-14,"HAVANA","gene",NA,NA,"protein_coding","CBY2","1","HGNC:30720","OTTHUMG00000016861.5"
"ENSG00000092345.14",6.29050843415325,-2.0817081539623,0.270045946241268,-7.70871839750717,1.27087488765197e-14,6.38301875116949e-14,"HAVANA","gene",NA,NA,"protein_coding","DAZL","2","HGNC:2685","OTTHUMG00000157050.11"
"ENSG00000261540.1",4.69641487624745,-4.31733559858564,0.56005871938586,-7.70871954876423,1.27086342515828e-14,6.38301875116949e-14,"HAVANA","gene",NA,NA,"lncRNA","AC079414.1","2",NA,"OTTHUMG00000176848.1"
"ENSG00000101435.5",18.681014070661,-2.9260674433024,0.379620365812738,-7.70787794020987,1.27927010520579e-14,6.42451055979135e-14,"HAVANA","gene",NA,NA,"protein_coding","CST9L","2","HGNC:16233","OTTHUMG00000032073.2"
"ENSG00000258773.2",1.5512289567887,-2.30115854810006,0.298749004601387,-7.70264841943301,1.33274679054833e-14,6.68956508487907e-14,"HAVANA","gene",NA,NA,"lncRNA","AC087636.1","2",NA,"OTTHUMG00000171817.5"
"ENSG00000080572.13",3.9935632667415,-2.2920843425548,0.297627266510015,-7.70119071895475,1.34804112965239e-14,6.76420721843801e-14,"HAVANA","gene",NA,NA,"protein_coding","DNAAF6","2","HGNC:28570","OTTHUMG00000022160.3"
"ENSG00000255545.8",41.1205580462763,2.08421601701036,0.271049308070009,7.68943492920495,1.47786274161652e-14,7.39471581732087e-14,"HAVANA","gene",NA,NA,"lncRNA","B3GAT1-DT","2","HGNC:27449","OTTHUMG00000167181.8"
"ENSG00000287704.1",2.8140837090639,-3.6008853973783,0.468437933802036,-7.6870064047803,1.50617598210079e-14,7.53009405222258e-14,"HAVANA","gene",NA,NA,"lncRNA","AC012405.1","2",NA,"OTTHUMG00000194073.1"
"ENSG00000259798.1",2.38265585459354,-2.01752517211639,0.262527391649091,-7.68500825549331,1.52987128092587e-14,7.64377235052231e-14,"HAVANA","gene",NA,NA,"lncRNA","AC138625.1","2",NA,"OTTHUMG00000177001.1"
"ENSG00000287141.1",3.77005903357151,-2.6110275504738,0.339874804216743,-7.68232160218829,1.56231024612346e-14,7.80259396349161e-14,"HAVANA","gene",NA,NA,"lncRNA","AC093675.2","2",NA,"OTTHUMG00000195095.1"
"ENSG00000229740.3",0.768645258645319,2.6577679422473,0.346374855724369,7.67309721916492,1.67892138435827e-14,8.37101920330987e-14,"HAVANA","gene",NA,NA,"lncRNA","U91324.1","2",NA,"OTTHUMG00000151596.6"
"ENSG00000226969.1",1.54596221117623,-2.08164191241052,0.271431632169438,-7.66912056554661,1.73179597583124e-14,8.6265694741188e-14,"HAVANA","gene",NA,NA,"lncRNA","AL391845.1","2",NA,"OTTHUMG00000041087.1"
"ENSG00000287570.1",3.36628780178105,2.079293475772,0.271186911976209,7.6673813666731,1.75543255281324e-14,8.73976655983395e-14,"HAVANA","gene",NA,NA,"lncRNA","AL035447.1","2",NA,"OTTHUMG00000195147.1"
"ENSG00000224374.1",4.14917419124026,-2.00432931006532,0.261694002619464,-7.65905710487322,1.87303107151606e-14,9.30784344324595e-14,"HAVANA","gene",NA,NA,"lncRNA","AL023693.1","2",NA,"OTTHUMG00000015628.1"
"ENSG00000253154.2",209.017155242648,-2.17696926615852,0.284350819238194,-7.6559275334281,1.91921931234643e-14,9.53242766478512e-14,"HAVANA","gene",NA,NA,"lncRNA","AC100801.1","2",NA,"OTTHUMG00000163604.3"
"ENSG00000206014.7",2.63841311479416,-2.67671585730108,0.350435207186839,-7.6382618024848,2.20173821351755e-14,1.08983653073278e-13,"HAVANA","gene",NA,NA,"transcribed_unprocessed_pseudogene","OR7E161P","1","HGNC:31234","OTTHUMG00000165472.2"
"ENSG00000250803.6",7.40297860155746,-2.30424311060445,0.301715550175212,-7.63713739403332,2.22104453286064e-14,1.09893879551124e-13,"HAVANA","gene",NA,NA,"protein_coding","AC010255.2","2",NA,"OTTHUMG00000162972.2"
"ENSG00000285969.1",1.65888605112566,-2.78871618020185,0.365191543573171,-7.63631094224144,2.23534096319283e-14,1.10578405313958e-13,"HAVANA","gene",NA,NA,"lncRNA","AC087591.1","2",NA,"OTTHUMG00000192748.1"
"ENSG00000152192.8",19.0364744004039,-3.0365653227425,0.397678328981689,-7.63573245370964,2.24540180163973e-14,1.11041701400247e-13,"HAVANA","gene",NA,NA,"protein_coding","POU4F1","2","HGNC:9218","OTTHUMG00000017119.5"
"ENSG00000280147.1",3.19102018304761,-3.76493011232612,0.493717028220976,-7.62568414116157,2.42743532224858e-14,1.19808824857247e-13,"HAVANA","gene",NA,NA,"TEC","AC084026.3","2",NA,"OTTHUMG00000173472.1"
"ENSG00000223783.1",9.2709684244677,-2.36621273737986,0.310345162085185,-7.62445504702398,2.45067445962422e-14,1.20893547529444e-13,"HAVANA","gene",NA,NA,"lncRNA","LINC01983","1","HGNC:52813","OTTHUMG00000155824.1"
"ENSG00000205293.5",3.02646518539972,-2.20964490911477,0.28985951431743,-7.6231581161588,2.47543351154168e-14,1.22089787459298e-13,"HAVANA","gene",NA,NA,"lncRNA","LINC01602","2","HGNC:51634","OTTHUMG00000164281.3"
"ENSG00000258551.6",16.8622507566343,-2.06560477395306,0.270994756845271,-7.6223053095173,2.49184792567024e-14,1.22861412080746e-13,"HAVANA","gene",NA,NA,"lncRNA","CRAT37","2",NA,"OTTHUMG00000171693.3"
"ENSG00000287373.1",5.20826719454434,2.62981078812731,0.345096986735628,7.62049768386405,2.52699500505415e-14,1.24517464457621e-13,"HAVANA","gene",NA,NA,"lncRNA","AL122014.1","2",NA,"OTTHUMG00000195241.1"
"ENSG00000287902.1",4.38478432382532,-3.02468708774777,0.397096143331843,-7.61701451534902,2.59610151289477e-14,1.27817514626234e-13,"HAVANA","gene",NA,NA,"lncRNA","AL023754.2","2",NA,"OTTHUMG00000195075.1"
"ENSG00000196866.3",1.34095890175337,-2.55073643287251,0.335138482926043,-7.61099235934476,2.71999313931757e-14,1.33752305557533e-13,"HAVANA","gene",NA,NA,"protein_coding","H2AC7","2","HGNC:4729","OTTHUMG00000014437.2"
"ENSG00000176840.12",8.05642542526677,-2.42103194958337,0.318102386174043,-7.61085755659422,2.72283190108098e-14,1.33878157205244e-13,"HAVANA","gene",NA,NA,"lncRNA","MIR7-3HG","1","HGNC:30049","OTTHUMG00000150589.48"
"ENSG00000258179.1",0.361570927520951,2.51692363112206,0.331296308631025,7.59719793293936,3.02611509055217e-14,1.48348689233966e-13,"HAVANA","gene",NA,NA,"processed_pseudogene","AC079598.3","2",NA,"OTTHUMG00000169868.1"
"ENSG00000287887.1",4.15043900500284,-2.67880051157039,0.352804115589679,-7.5928833967626,3.12864067716125e-14,1.53249335285549e-13,"HAVANA","gene",NA,NA,"lncRNA","AL391560.2","2",NA,"OTTHUMG00000193861.1"
"ENSG00000236420.1",5.09012386097046,-2.44073348960289,0.32145595932906,-7.59274612515249,3.13195810002734e-14,1.53380468744056e-13,"HAVANA","gene",NA,NA,"processed_pseudogene","CHCHD3P1","1","HGNC:44697","OTTHUMG00000017649.1"
"ENSG00000154162.15",30.3353088849986,2.28979535781643,0.301750854543036,7.58836412007529,3.23969456562428e-14,1.58478422135041e-13,"HAVANA","gene",NA,NA,"protein_coding","CDH12","2","HGNC:1751","OTTHUMG00000090591.5"
"ENSG00000287023.1",8.69996569911131,-2.82658624095727,0.372780156160073,-7.58244824529641,3.3909436879078e-14,1.65775624579247e-13,"HAVANA","gene",NA,NA,"lncRNA","AC018978.1","2",NA,"OTTHUMG00000194956.1"
"ENSG00000260978.1",5.63850813189697,-2.64902317161515,0.349446468740104,-7.58062652962542,3.43890198936852e-14,1.68085895032285e-13,"HAVANA","gene",NA,NA,"lncRNA","AC126407.1","2",NA,"OTTHUMG00000176418.1"
"ENSG00000225647.2",2.01707166617541,-2.11249406280731,0.278780881612072,-7.57761454297599,3.51966241876549e-14,1.71928044946018e-13,"HAVANA","gene",NA,NA,"lncRNA","AC005487.1","2",NA,"OTTHUMG00000154871.6"
"ENSG00000177324.14",0.680681374805409,2.08695954648144,0.275660619199081,7.57075694215956,3.7105573562249e-14,1.81031367552683e-13,"HAVANA","gene",NA,NA,"protein_coding","BEND2","2","HGNC:28509","OTTHUMG00000021211.3"
"ENSG00000231150.5",1.12195147975944,-2.28573444072594,0.302062134694338,-7.56710020287355,3.81647515262116e-14,1.86066271051267e-13,"HAVANA","gene",NA,NA,"lncRNA","DNAH8-AS1","2","HGNC:40188","OTTHUMG00000014637.1"
"ENSG00000252297.1",1.75408348738664,-2.05385730409159,0.271760003762484,-7.55761434963274,4.10529073898052e-14,1.99781086139722e-13,"ENSEMBL","gene",NA,NA,"snRNA","RNU6-875P","3","HGNC:47838",NA
"ENSG00000249984.1",0.511739825386108,2.02741632892702,0.268370339813429,7.55454693814703,4.20320367087481e-14,2.04442119666611e-13,"HAVANA","gene",NA,NA,"lncRNA","AC026780.2","2",NA,"OTTHUMG00000162675.1"
"ENSG00000277720.1",1.00531345110316,-2.20719873432152,0.292336290397075,-7.5502043599292,4.34575800797476e-14,2.11247226219633e-13,"HAVANA","gene",NA,NA,"unprocessed_pseudogene","H3C5P","2","HGNC:54427","OTTHUMG00000187721.1"
"ENSG00000254538.1",4.51743396654495,-2.7252014384625,0.361023455844508,-7.54854399165752,4.40151041507846e-14,2.13805499327191e-13,"HAVANA","gene",NA,NA,"lncRNA","AC027018.1","2",NA,"OTTHUMG00000165228.1"
"ENSG00000238269.9",4.72618011352304,-2.64361917286058,0.350250130395017,-7.54780353651566,4.42659986450739e-14,2.14980638123213e-13,"HAVANA","gene",NA,NA,"protein_coding","PAGE2B","2","HGNC:31805","OTTHUMG00000021645.2"
"ENSG00000253593.2",1.30580435226714,-2.13723231001532,0.283165967230786,-7.5476312740416,4.43245690856994e-14,2.15199645814335e-13,"HAVANA","gene",NA,NA,"lncRNA","AC110741.1","2",NA,"OTTHUMG00000164540.2"
"ENSG00000196593.9",2.47202833105524,-2.76051450681785,0.365938942220957,-7.54364782841565,4.57004247067796e-14,2.21587627537882e-13,"HAVANA","gene",NA,NA,"transcribed_unprocessed_pseudogene","ANKRD20A19P","2","HGNC:42737","OTTHUMG00000016572.3"
"ENSG00000248428.1",0.793954656229312,2.07974279700993,0.275812680748865,7.54041761735964,4.68468776052024e-14,2.26985629658702e-13,"HAVANA","gene",NA,NA,"lncRNA","AC010395.1","2",NA,"OTTHUMG00000163296.1"
"ENSG00000242207.1",3.49617138983053,-2.73172135963978,0.363239031693722,-7.52045105643584,5.4587585928609e-14,2.63425789871037e-13,"HAVANA","gene",NA,NA,"lncRNA","HOXB-AS4","2","HGNC:40285","OTTHUMG00000159902.1"
"ENSG00000244062.1",1.0139910232892,2.47591437921309,0.329341692790386,7.51776781808466,5.57193385958815e-14,2.68751989542805e-13,"HAVANA","gene",NA,NA,"processed_pseudogene","AC080128.1","1",NA,"OTTHUMG00000159746.1"
"ENSG00000259496.2",1.67174989448275,-2.55377439081578,0.339868054458248,-7.51401715258738,5.73400669541638e-14,2.76402314898278e-13,"HAVANA","gene",NA,NA,"processed_pseudogene","GEMIN8P1","1","HGNC:31818","OTTHUMG00000172100.2"
"ENSG00000249690.1",4.04422629924471,-3.23030410892399,0.430029990531977,-7.51181122257979,5.83148409850126e-14,2.80988034958458e-13,"HAVANA","gene",NA,NA,"lncRNA","AC110813.1","2",NA,"OTTHUMG00000161447.1"
"ENSG00000205449.11",1.92909300628373,-2.29899124989247,0.306158155709697,-7.50916219939735,5.95069590450471e-14,2.86616910409994e-13,"HAVANA","gene",NA,NA,"transcribed_unprocessed_pseudogene","NBPF22P","2","HGNC:28731","OTTHUMG00000162585.3"
"ENSG00000231898.9",4.7522040730429,-3.14785097364041,0.420269224858251,-7.49008204134414,6.88305754160418e-14,3.30494374442029e-13,"HAVANA","gene",NA,NA,"lncRNA","MYO3B-AS1","1","HGNC:40713","OTTHUMG00000154003.11"
"ENSG00000184544.12",0.437478547764046,2.00692388604076,0.268612934283263,7.47143428292391,7.93253825545723e-14,3.79554486985874e-13,"HAVANA","gene",NA,NA,"protein_coding","DHRS7C","1","HGNC:32423","OTTHUMG00000177944.4"
"ENSG00000228695.10",13.5200060058346,2.20314285578009,0.294897044443267,7.47088822113964,7.96552983131365e-14,3.81095001216534e-13,"HAVANA","gene",NA,NA,"transcribed_unprocessed_pseudogene","CES1P1","2","HGNC:18546","OTTHUMG00000154668.3"
"ENSG00000259791.1",1.16890499950318,3.7730162633411,0.505311471846648,7.46671404382076,8.22221795772036e-14,3.92983302428554e-13,"HAVANA","gene",NA,NA,"lncRNA","AC092325.1","2",NA,"OTTHUMG00000176019.1"
"ENSG00000260498.6",1.60252483703185,-2.34088192098779,0.313569246526528,-7.4652790314045,8.3123274938123e-14,3.97092043302969e-13,"HAVANA","gene",NA,NA,"lncRNA","AC126696.3","2",NA,"OTTHUMG00000176390.3"
"ENSG00000155918.8",37.9216362444829,-2.09730237709357,0.280944750848307,-7.46517730180333,8.31875217641013e-14,3.97359338755543e-13,"HAVANA","gene",NA,NA,"protein_coding","RAET1L","2","HGNC:16798","OTTHUMG00000015809.2"
"ENSG00000286592.1",2.38416985263443,-2.69510360199557,0.361207189288507,-7.46137862677729,8.56218138602922e-14,4.08742636712495e-13,"HAVANA","gene",NA,NA,"lncRNA","LINC02885","2","HGNC:41188","OTTHUMG00000150934.5"
"ENSG00000262768.2",4.24958569534852,-2.2106830350382,0.296468828773725,-7.45671322068557,8.87074910675496e-14,4.2296734644171e-13,"HAVANA","gene",NA,NA,"lncRNA","AC100791.2","2",NA,"OTTHUMG00000177464.2"
"ENSG00000286944.1",3.52852129185379,-3.62614810061673,0.48655076973977,-7.45276408165207,9.14046490946352e-14,4.35654271600077e-13,"HAVANA","gene",NA,NA,"lncRNA","AL137018.1","2",NA,"OTTHUMG00000195011.1"
"ENSG00000253139.1",0.5943724034993,2.96154643637058,0.397401621378258,7.45227567542231,9.17437682488469e-14,4.37227090102681e-13,"HAVANA","gene",NA,NA,"lncRNA","AC013644.1","2",NA,"OTTHUMG00000164413.1"
"ENSG00000248713.1",9.68878203060921,-2.30147887240131,0.309128966720727,-7.44504436713145,9.69118437964498e-14,4.61122895648814e-13,"HAVANA","gene",NA,NA,"protein_coding","C4orf54","1","HGNC:27741","OTTHUMG00000161583.1"
"ENSG00000224371.6",1.03722653190176,2.2256972634674,0.299017634748396,7.44336455386712,9.81527336814024e-14,4.66975860222314e-13,"HAVANA","gene",NA,NA,"lncRNA","AL391361.2","2",NA,"OTTHUMG00000015959.2"
"ENSG00000249736.1",1.40866911096995,2.54344755115207,0.341788436009296,7.44158456865664,9.94846625938157e-14,4.73082896761261e-13,"HAVANA","gene",NA,NA,"lncRNA","LINC02242","1","HGNC:53127","OTTHUMG00000162355.1"
"ENSG00000259240.1",2.49527711770913,-3.16589916441789,0.425685201823816,-7.43718398209247,1.02854256572906e-13,4.88815338994934e-13,"HAVANA","gene",NA,NA,"lncRNA","MIR4713HG","2","HGNC:53124","OTTHUMG00000172467.1"
"ENSG00000249781.7",1.81194987583595,-2.58820229711474,0.348048390816044,-7.4363288709549,1.03521923735686e-13,4.91842063286069e-13,"HAVANA","gene",NA,NA,"lncRNA","LINC02112","1","HGNC:27756","OTTHUMG00000161688.4"
"ENSG00000183668.18",7.37039829265538,-2.55914405191945,0.344143416496544,-7.43627199954049,1.03566479454801e-13,4.92004960900297e-13,"HAVANA","gene",NA,NA,"protein_coding","PSG9","2","HGNC:9526","OTTHUMG00000182826.1"
"ENSG00000271917.1",5.25784959145776,-2.00128970319917,0.269684798963686,-7.42084726647368,1.1637345513452e-13,5.51260849861069e-13,"HAVANA","gene",NA,NA,"lncRNA","AL357568.1","2",NA,"OTTHUMG00000185515.1"
"ENSG00000227154.4",0.902932524739231,2.00963871807444,0.271442009862514,7.40356556854381,1.32575653512581e-13,6.26585731457806e-13,"HAVANA","gene",NA,NA,"unprocessed_pseudogene","MKRN6P","2","HGNC:7118","OTTHUMG00000014568.2"
"ENSG00000260403.1",1.92705484217524,-3.09957762231059,0.41896214030177,-7.39822844154372,1.38013280977467e-13,6.51642484638854e-13,"HAVANA","gene",NA,NA,"lncRNA","AC120498.3","2",NA,"OTTHUMG00000172993.1"
"ENSG00000241280.1",8.0262313436012,-2.49730725930461,0.337577030541889,-7.39774046621554,1.3852124374571e-13,6.53911990132717e-13,"HAVANA","gene",NA,NA,"lncRNA","AC106712.1","2",NA,"OTTHUMG00000159237.3"
"ENSG00000203737.5",3.46272838591302,-2.26649689612275,0.306621357695981,-7.39184286819972,1.44807594980526e-13,6.82578893695102e-13,"HAVANA","gene",NA,NA,"protein_coding","GPR52","2","HGNC:4508","OTTHUMG00000034901.3"
"ENSG00000205628.4",13.1225556560918,-3.20362302819511,0.433513421321613,-7.38990506551912,1.46933683357839e-13,6.92396259434843e-13,"HAVANA","gene",NA,NA,"lncRNA","LINC01446","2","HGNC:50773","OTTHUMG00000156039.25"
"ENSG00000287786.1",1.90292213930827,-2.33441244667792,0.316203900845713,-7.38261748332117,1.55207470142417e-13,7.30450873725267e-13,"HAVANA","gene",NA,NA,"lncRNA","AC113615.2","2",NA,"OTTHUMG00000195268.1"
"ENSG00000231401.2",3.68474406165146,-2.49155755202598,0.337565718211629,-7.38095552245607,1.5715750662535e-13,7.39337798745143e-13,"HAVANA","gene",NA,NA,"lncRNA","AC023481.1","2",NA,"OTTHUMG00000154972.4"
"ENSG00000112238.12",8.57660002695794,-3.99201327306793,0.541236703769219,-7.37572534395248,1.6345267431931e-13,7.68651121578144e-13,"HAVANA","gene",NA,NA,"protein_coding","PRDM13","2","HGNC:13998","OTTHUMG00000015269.4"
"ENSG00000225972.1",1166.32000495415,-2.25976949013769,0.306463463068125,-7.37369951874283,1.65957011993897e-13,7.8004517263098e-13,"HAVANA","gene",NA,NA,"unprocessed_pseudogene","MTND1P23","2","HGNC:42092","OTTHUMG00000002338.1"
"ENSG00000257048.1",1.85989009031016,-2.24498536958532,0.304686067360979,-7.36819175563272,1.7295789265354e-13,8.12234134192425e-13,"HAVANA","gene",NA,NA,"lncRNA","LINC02417","2","HGNC:53347","OTTHUMG00000168183.1"
"ENSG00000212901.4",4.09393192024481,-2.59271871147978,0.351888299626035,-7.3680162546898,1.73185676225393e-13,8.13224125057195e-13,"HAVANA","gene",NA,NA,"protein_coding","KRTAP3-1","2","HGNC:16778","OTTHUMG00000133595.3"
"ENSG00000255595.5",3.22410809403389,2.27506639582647,0.309082269219214,7.36071467824282,1.82928187614644e-13,8.57710850324683e-13,"HAVANA","gene",NA,NA,"lncRNA","AC007368.1","2",NA,"OTTHUMG00000168466.7"
"ENSG00000185915.5",18.4680834862777,-2.07022433005469,0.281308251624761,-7.35927338816985,1.84913977729068e-13,8.6685212064576e-13,"HAVANA","gene",NA,NA,"protein_coding","KLHL34","2","HGNC:26634","OTTHUMG00000021234.1"
"ENSG00000197446.9",5.99273837539235,-2.26651934609863,0.307995351154497,-7.35894011907243,1.85376157609872e-13,8.6893373555317e-13,"HAVANA","gene",NA,NA,"protein_coding","CYP2F1","2","HGNC:2632","OTTHUMG00000167412.7"
"ENSG00000214919.3",3.0506937198652,-2.0904179349663,0.284855889926721,-7.33851048508796,2.15983993217315e-13,1.00944230953483e-12,"HAVANA","gene",NA,NA,"lncRNA","AC104472.1","2",NA,"OTTHUMG00000187172.1"
"ENSG00000218549.2",35.099057500274,-2.76956880910703,0.377406959294637,-7.33841478250237,2.16138456773376e-13,1.01006569098834e-12,"HAVANA","gene",NA,NA,"unprocessed_pseudogene","OR4K12P","2","HGNC:15403","OTTHUMG00000074203.2"
"ENSG00000176136.6",6.31491896618955,-2.02381610284578,0.275842301325658,-7.33685911522495,2.18664569541408e-13,1.02147226274657e-12,"HAVANA","gene",NA,NA,"protein_coding","MC5R","2","HGNC:6933","OTTHUMG00000131720.5"
"ENSG00000286685.1",1.10783980138316,-2.19526927887885,0.299219823760271,-7.33664384695864,2.1901640151653e-13,1.02301606675022e-12,"HAVANA","gene",NA,NA,"lncRNA","AL158077.2","2",NA,"OTTHUMG00000194923.1"
"ENSG00000279940.1",1.22981611334904,2.77117633628276,0.377885602037043,7.33337370184087,2.24429982498197e-13,1.04717963201097e-12,"HAVANA","gene",NA,NA,"TEC","AC073862.3","2",NA,"OTTHUMG00000168340.1"
"ENSG00000152591.15",2.11674940106218,-2.61820432656202,0.357332004098331,-7.32709160258015,2.35201068337703e-13,1.09636925316787e-12,"HAVANA","gene",NA,NA,"protein_coding","DSPP","2","HGNC:3054","OTTHUMG00000161061.5"
"ENSG00000188729.6",2.54084323659446,2.44150877889875,0.333780690493111,7.31470947373194,2.57938842381144e-13,1.19967478288327e-12,"HAVANA","gene",NA,NA,"protein_coding","OSTN","2","HGNC:29961","OTTHUMG00000156190.2"
"ENSG00000265386.2",1.90592977134159,-2.0678268738694,0.283085120340766,-7.30461167079439,2.78068647084817e-13,1.2911677536183e-12,"ENSEMBL","gene",NA,NA,"misc_RNA","RN7SL219P","3","HGNC:46235",NA
"ENSG00000286417.1",6.89015450888454,-2.01871826323373,0.276451948049848,-7.30223924075849,2.83017446997616e-13,1.31376474039878e-12,"HAVANA","gene",NA,NA,"lncRNA","AL133334.1","2",NA,"OTTHUMG00000194623.1"
"ENSG00000286500.1",1.00093716664594,2.51670056633091,0.345023790135272,7.29428125911026,3.00257610328611e-13,1.39230953453772e-12,"HAVANA","gene",NA,NA,"lncRNA","AL512643.2","2",NA,"OTTHUMG00000194913.1"
"ENSG00000276122.1",3.43322957954186,-2.84869080413368,0.390784214222532,-7.28967727061639,3.10698377189587e-13,1.43960921191036e-12,"HAVANA","gene",NA,NA,"lncRNA","AC026336.3","2",NA,"OTTHUMG00000168377.1"
"ENSG00000251129.2",21.137957307239,-2.91433070299337,0.3997930696378,-7.28959785529465,3.10881565235051e-13,1.44031871099616e-12,"HAVANA","gene",NA,NA,"lncRNA","LINC02506","2","HGNC:53495","OTTHUMG00000160440.9"
"ENSG00000176115.9",0.393621166905629,4.04361251834949,0.555563422984233,7.27839946090953,3.37803838202946e-13,1.56248135627565e-12,"HAVANA","gene",NA,NA,"unprocessed_pseudogene","AQP7P4","2","HGNC:32056","OTTHUMG00000013311.3"
"ENSG00000229404.6",17.3756537351962,-2.96303777100179,0.40752221616316,-7.27086193950092,3.5720087202806e-13,1.64981141221097e-12,"HAVANA","gene",NA,NA,"lncRNA","LINC00858","2","HGNC:27276","OTTHUMG00000018638.8"
"ENSG00000257869.1",4.28517172060799,-4.2379124146799,0.583099199437713,-7.26790984924443,3.65092294677121e-13,1.68496020017155e-12,"HAVANA","gene",NA,NA,"lncRNA","AL139023.1","2",NA,"OTTHUMG00000170385.1"
"ENSG00000286853.1",0.756025839294453,2.15661186703655,0.297027955109341,7.26063601064979,3.85274422363062e-13,1.7755384354958e-12,"HAVANA","gene",NA,NA,"lncRNA","AC008786.1","2",NA,"OTTHUMG00000195505.1"
"ENSG00000287624.1",2.85159239947793,-2.50984569945027,0.34595368160781,-7.25486049978089,4.02076010760005e-13,1.8501211751356e-12,"HAVANA","gene",NA,NA,"lncRNA","AL590666.5","2",NA,"OTTHUMG00000195767.1"
"ENSG00000238554.1",11.9593280379608,-5.64262255298772,0.778064126086108,-7.25213046561055,4.10266401109444e-13,1.88672137427083e-12,"ENSEMBL","gene",NA,NA,"snRNA","RNU1-88P","3","HGNC:48430",NA
"ENSG00000182583.12",6.0882137493776,-2.90646268149052,0.400912799702636,-7.24961309203969,4.17963848216489e-13,1.92119811647817e-12,"HAVANA","gene",NA,NA,"protein_coding","VCX","2","HGNC:12667","OTTHUMG00000028608.1"
"ENSG00000270938.1",2.29851817613308,-2.26846900439279,0.313141620163531,-7.24422707913479,4.34912224923012e-13,1.99680351663263e-12,"HAVANA","gene",NA,NA,"transcribed_processed_pseudogene","RAP2CP1","1","HGNC:49146","OTTHUMG00000184396.1"
"ENSG00000250563.1",3.12243493548657,-3.51639312580708,0.485490456270145,-7.24297065038582,4.3896193082785e-13,2.01462459104917e-12,"HAVANA","gene",NA,NA,"processed_pseudogene","KNOP1P5","1","HGNC:48923","OTTHUMG00000160537.1"
"ENSG00000286051.1",6.43333015035197,-4.85145376675982,0.669930946260403,-7.24172214142509,4.43022781406385e-13,2.03267778751004e-12,"HAVANA","gene",NA,NA,"lncRNA","AC244102.3","2",NA,"OTTHUMG00000193170.2"
"ENSG00000287623.1",3.36491435940844,-2.3110928042391,0.319540418792581,-7.23255234180334,4.73999857886927e-13,2.17231042580473e-12,"HAVANA","gene",NA,NA,"lncRNA","AC037193.1","2",NA,"OTTHUMG00000195839.1"
"ENSG00000261480.1",0.333744339242687,2.42607192045114,0.335487431563627,7.23148378210117,4.77745156119954e-13,2.18821897033528e-12,"HAVANA","gene",NA,NA,"lncRNA","AC055876.5","2",NA,"OTTHUMG00000176339.1"
"ENSG00000139515.6",4.53134289943262,-4.26764583708421,0.590595724146364,-7.22600192077683,4.97420711747052e-13,2.27572825628354e-12,"HAVANA","gene",NA,NA,"protein_coding","PDX1","2","HGNC:6107","OTTHUMG00000016638.3"
"ENSG00000250921.2",0.909587839037462,2.62172860351121,0.362918859408786,7.22400761366368,5.0477429699654e-13,2.3076084512504e-12,"HAVANA","gene",NA,NA,"lncRNA","LINC02063","1","HGNC:52908","OTTHUMG00000161635.3"
"ENSG00000263499.1",4.29659207993384,-2.0023128842375,0.277267933168354,-7.22158116648027,5.13865352680723e-13,2.34849652264938e-12,"HAVANA","gene",NA,NA,"lncRNA","AC007431.1","2",NA,"OTTHUMG00000178406.1"
"ENSG00000228876.4",0.628297541829444,2.59889578516523,0.360181042434126,7.21552630200004,5.37257744178758e-13,2.45189736365063e-12,"HAVANA","gene",NA,NA,"lncRNA","AC010745.2","2",NA,"OTTHUMG00000151750.8"
"ENSG00000171199.11",293.094296757273,2.95940135528925,0.410595991382637,7.20757488480048,5.69571186860845e-13,2.5956582861698e-12,"HAVANA","gene",NA,NA,"protein_coding","OPRPN","1","HGNC:17279","OTTHUMG00000160845.2"
"ENSG00000286208.1",650.808518103479,-2.0281147810538,0.281412509576595,-7.20691053892824,5.72355787798109e-13,2.60760420249214e-12,"HAVANA","gene",NA,NA,"lncRNA","AC093838.1","2",NA,"OTTHUMG00000193314.1"
"ENSG00000237457.6",8.19437403985788,-2.74890407043618,0.381690739500755,-7.20191449766818,5.93729220477842e-13,2.70369422612807e-12,"HAVANA","gene",NA,NA,"lncRNA","LINC01351","1","HGNC:50577","OTTHUMG00000035535.1"
"ENSG00000232906.1",1.68589934606715,-2.30122563423534,0.319674509398342,-7.19865227467297,6.0810609171557e-13,2.76811048494945e-12,"HAVANA","gene",NA,NA,"processed_pseudogene","AC092685.1","2",NA,"OTTHUMG00000156561.1"
"ENSG00000274701.1",1.40350308082023,-2.66832821639534,0.371205568860041,-7.18827636285112,6.56143492213658e-13,2.98167833747096e-12,"ENSEMBL","gene",NA,NA,"misc_RNA","Metazoa_SRP","3",NA,NA
"ENSG00000281961.1",0.394263988189022,2.42301520777162,0.337080789746153,7.18823285538262,6.56352560351561e-13,2.98234552033795e-12,"HAVANA","gene",NA,NA,"lncRNA","AF067845.4","2",NA,"OTTHUMG00000190601.1"
"ENSG00000257766.1",0.322107454503327,3.24269249859913,0.451120105227146,7.18809128882958,6.57033288317835e-13,2.98515550908558e-12,"HAVANA","gene",NA,NA,"lncRNA","AC025265.3","2",NA,"OTTHUMG00000170058.1"
"ENSG00000265612.1",3.98842662889101,-2.40472402713963,0.334736966720152,-7.1839213060386,6.77398641995056e-13,3.0753500367652e-12,"ENSEMBL","gene",NA,NA,"miRNA","MIR4539","3","HGNC:41546",NA
"ENSG00000249916.1",3.9971452244382,-3.40861211775247,0.474689303795829,-7.18072240199152,6.93440252295175e-13,3.14519762259413e-12,"HAVANA","gene",NA,NA,"lncRNA","AC119150.1","2",NA,"OTTHUMG00000162969.1"
"ENSG00000230223.8",4.45181447131784,-4.16424849971043,0.580030943815673,-7.17935576387762,7.00406709988508e-13,3.17559245533732e-12,"HAVANA","gene",NA,NA,"lncRNA","ATXN8OS","2","HGNC:10561","OTTHUMG00000017057.3"
"ENSG00000163736.4",6.75804870097695,2.11786515310337,0.295046255307589,7.17807840297948,7.0698016695141e-13,3.20478945961227e-12,"HAVANA","gene",NA,NA,"protein_coding","PPBP","2","HGNC:9240","OTTHUMG00000130008.3"
"ENSG00000252608.1",0.358000153780448,2.55228070043043,0.355635910805555,7.17666754926191,7.14310988048295e-13,3.23710172506563e-12,"ENSEMBL","gene",NA,NA,"snRNA","RNU6-1191P","3","HGNC:48154",NA
"ENSG00000154438.8",2.89603074640132,-3.71143972582859,0.517527442061263,-7.17148391406315,7.41891558323848e-13,3.35796169667412e-12,"HAVANA","gene",NA,NA,"protein_coding","ASZ1","2","HGNC:1350","OTTHUMG00000064565.11"
"ENSG00000163012.4",0.452582707959753,2.07710669853216,0.289665537858129,7.17070699500843,7.46114394203389e-13,3.37611830622255e-12,"HAVANA","gene",NA,NA,"protein_coding","ZSWIM2","2","HGNC:30990","OTTHUMG00000154259.2"
"ENSG00000112280.17",41.7793884856346,-2.04552535542342,0.285492004149747,-7.16491294218696,7.78360019129085e-13,3.51970066224393e-12,"HAVANA","gene",NA,NA,"protein_coding","COL9A1","2","HGNC:2217","OTTHUMG00000014988.8"
"ENSG00000259446.6",4.37941353515078,2.32498825413481,0.324703045923852,7.16035246149203,8.04698941352896e-13,3.63640127147871e-12,"HAVANA","gene",NA,NA,"lncRNA","AC055874.1","2",NA,"OTTHUMG00000172252.2"
"ENSG00000022355.18",3.70520237607433,-3.20168406469225,0.447290110704094,-7.15795853311483,8.18873145949453e-13,3.69940711196967e-12,"HAVANA","gene",NA,NA,"protein_coding","GABRA1","2","HGNC:4075","OTTHUMG00000163586.11"
"ENSG00000283444.1",1.55806871867425,-2.0848698971111,0.291523478447851,-7.15163632175187,8.5749503864462e-13,3.8695099652881e-12,"HAVANA","gene",NA,NA,"unitary_pseudogene","GPR141BP","2","HGNC:53813","OTTHUMG00000191699.1"
"ENSG00000182111.9",7.64669040882706,-3.57982004896278,0.501248865999776,-7.14180179105756,9.21153652778548e-13,4.15051928003576e-12,"HAVANA","gene",NA,NA,"protein_coding","ZNF716","2","HGNC:32458","OTTHUMG00000156689.2"
"ENSG00000170688.4",1.34429372556991,2.22519895512507,0.311705170585394,7.13879385108068,9.41534132596997e-13,4.23876153850048e-12,"HAVANA","gene",NA,NA,"unprocessed_pseudogene","OR5E1P","2","HGNC:8342","OTTHUMG00000154333.1"
"ENSG00000286042.1",84.4888008914527,-2.30970173323327,0.323556172022132,-7.13848763507835,9.43633570393636e-13,4.2478139958244e-12,"HAVANA","gene",NA,NA,"lncRNA","LCAL1","2","HGNC:25837","OTTHUMG00000193469.1"
"ENSG00000283682.1",0.675239143105801,2.04216420630591,0.286264436810211,7.13383831069396,9.76079845779727e-13,4.3909845456626e-12,"ENSEMBL","gene",NA,NA,"miRNA","MIR548AH","3","HGNC:41605",NA
"ENSG00000179381.8",3.09227417329989,-2.89866396185056,0.406573543052613,-7.12949480206453,1.00737982655988e-12,4.52923869092379e-12,"HAVANA","gene",NA,NA,"unprocessed_pseudogene","OR4K11P","2","HGNC:15402","OTTHUMG00000074202.2"
"ENSG00000267683.1",0.374007962206631,2.67658792130228,0.375788865504879,7.12258442704585,1.05921829068077e-12,4.75695053491897e-12,"HAVANA","gene",NA,NA,"lncRNA","AC008991.1","2",NA,"OTTHUMG00000181983.1"
"ENSG00000225172.6",1.39463006704888,-2.36816638426483,0.332584202113207,-7.12050172322599,1.07534888643862e-12,4.82758294127382e-12,"HAVANA","gene",NA,NA,"lncRNA","AC096631.1","2",NA,"OTTHUMG00000035890.3"
"ENSG00000148704.13",9.84218037272691,-3.54293574566394,0.497669405069362,-7.11905475718393,1.08669734565608e-12,4.8762451840763e-12,"HAVANA","gene",NA,NA,"protein_coding","VAX1","2","HGNC:12660","OTTHUMG00000019117.5"
"ENSG00000259047.1",2.12674280469368,-2.89569436494445,0.407400841355966,-7.10772799414605,1.17968760948501e-12,5.28262766337292e-12,"HAVANA","gene",NA,NA,"processed_pseudogene","AL163153.1","2",NA,"OTTHUMG00000170704.1"
"ENSG00000232915.1",2.64694409025244,-2.83213383841577,0.39857714049087,-7.10561030903037,1.19791981135336e-12,5.36226648247589e-12,"HAVANA","gene",NA,NA,"processed_pseudogene","RNF14P1","1","HGNC:54669","OTTHUMG00000153619.1"
"ENSG00000244588.5",7.31734093257382,-2.43368495396847,0.342907014113348,-7.09721543684729,1.27295547941565e-12,5.68805232408167e-12,"HAVANA","gene",NA,NA,"protein_coding","RAD21L1","2","HGNC:16271","OTTHUMG00000031664.8"
"ENSG00000249436.2",5.76483057836545,2.31704428119912,0.326912834804051,7.08765161388645,1.36406830095485e-12,6.07930346965087e-12,"HAVANA","gene",NA,NA,"lncRNA","LINCR-0003","1",NA,"OTTHUMG00000162504.15"
"ENSG00000250820.1",1.31471582574556,-2.27143642948634,0.320650546962503,-7.08383768873461,1.4021612742724e-12,6.2415262148463e-12,"HAVANA","gene",NA,NA,"lncRNA","AC138965.1","2",NA,"OTTHUMG00000185647.1"
"ENSG00000249413.2",3.24700828504407,-3.41304753577288,0.482413185023685,-7.07494662610706,1.49506292875396e-12,6.64580301694213e-12,"HAVANA","gene",NA,NA,"lncRNA","AC116049.1","2",NA,"OTTHUMG00000185534.1"
"ENSG00000265078.2",2.85050596103335,-3.37340733768312,0.477306135303132,-7.06759684859426,1.57639725194838e-12,6.99566435169016e-12,"ENSEMBL","gene",NA,NA,"misc_RNA","RN7SL664P","3","HGNC:46680",NA
"ENSG00000273768.1",6.33694384400614,-2.66223105919521,0.376719576624736,-7.06687739205854,1.58458837815169e-12,7.03006104243423e-12,"ENSEMBL","gene",NA,NA,"snRNA","RNVU1-29","3","HGNC:54433",NA
"ENSG00000237612.1",0.345704078989747,2.77306269986706,0.392682387513739,7.06184638792855,1.64304567243316e-12,7.28266427664657e-12,"HAVANA","gene",NA,NA,"lncRNA","AP002856.4","1",NA,"OTTHUMG00000150045.1"
"ENSG00000278928.1",6.98686470214974,2.1476011346273,0.304202200952607,7.05978171065858,1.66764366533013e-12,7.38964187994509e-12,"HAVANA","gene",NA,NA,"TEC","AC136621.1","2",NA,"OTTHUMG00000177971.1"
"ENSG00000233290.3",1.99060676029454,2.256685588565,0.319849062998305,7.05547037534061,1.72017829468211e-12,7.61487873946379e-12,"HAVANA","gene",NA,NA,"lncRNA","AL157944.1","2",NA,"OTTHUMG00000009845.4"
"ENSG00000203852.3",1.08598112997658,-2.19916778018299,0.311900671407631,-7.05085939782684,1.77816103380114e-12,7.8669955794083e-12,"HAVANA","gene",NA,NA,"protein_coding","H3C15","2","HGNC:20505","OTTHUMG00000012094.1"
"ENSG00000284376.1",2.34374733501187,-2.91076045503942,0.412837883418239,-7.05061374440431,1.78130332809585e-12,7.87944256754429e-12,"HAVANA","gene",NA,NA,"lncRNA","AC092017.3","2",NA,"OTTHUMG00000041139.2"
"ENSG00000260062.3",0.611077639041633,2.44066014648957,0.346422719671225,7.04532355385321,1.85031045220644e-12,8.17563163010334e-12,"HAVANA","gene",NA,NA,"transcribed_unprocessed_pseudogene","GOLGA2P11","2","HGNC:26788","OTTHUMG00000173103.1"
"ENSG00000224141.6",7.39673113971997,-4.76664938663889,0.676662734128794,-7.04435037755696,1.86328744131828e-12,8.23221148225368e-12,"HAVANA","gene",NA,NA,"lncRNA","MIR548XHG","2","HGNC:52006","OTTHUMG00000074544.5"
"ENSG00000259269.2",4.58123800286931,-2.17701413471122,0.30915293575492,-7.04186790073715,1.8967961662475e-12,8.37765945601012e-12,"HAVANA","gene",NA,NA,"lncRNA","AC109630.1","2",NA,"OTTHUMG00000172480.21"
"ENSG00000188467.11",1.41478975325848,-2.19492242107272,0.311796472421707,-7.03959991601211,1.92792594383935e-12,8.50916001560049e-12,"HAVANA","gene",NA,NA,"protein_coding","SLC24A5","2","HGNC:20611","OTTHUMG00000131494.5"
"ENSG00000286172.1",2.04399966703865,-2.68937782732591,0.38209895717284,-7.03843278512113,1.94414043622794e-12,8.57993444175395e-12,"HAVANA","gene",NA,NA,"snRNA","RNVU1-8","2","HGNC:48315","OTTHUMG00000193751.1"
"ENSG00000149735.7",4.22127743165615,-2.02641366197812,0.288236633870008,-7.03038206757582,2.05968750805248e-12,9.07148634958579e-12,"HAVANA","gene",NA,NA,"protein_coding","GPHA2","2","HGNC:18054","OTTHUMG00000165631.2"
"ENSG00000176988.9",2.90032990807789,-2.54156889604977,0.362306640197783,-7.01496636843953,2.30004274335677e-12,1.00994453152069e-11,"HAVANA","gene",NA,NA,"protein_coding","FMR1NB","2","HGNC:26372","OTTHUMG00000022608.5"
"ENSG00000205864.1",0.970756250997528,-2.09475944373057,0.298659056989839,-7.01388220013646,2.3179457963416e-12,1.01752595842703e-11,"HAVANA","gene",NA,NA,"protein_coding","KRTAP5-6","2","HGNC:23600","OTTHUMG00000043932.2"
"ENSG00000280916.2",160.701980383511,-2.04246773184149,0.29142606907981,-7.00852788595979,2.40838626539255e-12,1.0560661355936e-11,"HAVANA","gene",NA,NA,"lncRNA","FOXCUT","2","HGNC:50650","OTTHUMG00000189532.2"
"ENSG00000235060.1",2.22493537390365,-2.64143401168001,0.376930882804992,-7.00774102674569,2.42196562263022e-12,1.06182625347926e-11,"HAVANA","gene",NA,NA,"processed_pseudogene","VDAC1P4","1","HGNC:12675","OTTHUMG00000035114.1"
"ENSG00000279512.1",3.57302404284207,-2.07088764365952,0.295696127644784,-7.00343173295542,2.49767641649701e-12,1.09431803488223e-11,"HAVANA","gene",NA,NA,"TEC","AC011755.1","2",NA,"OTTHUMG00000187122.1"
"ENSG00000236502.1",4.7414062214772,-2.74672161842098,0.39228908027674,-7.00177944408575,2.52731728891327e-12,1.10639410920902e-11,"HAVANA","gene",NA,NA,"lncRNA","SIX3-AS1","2","HGNC:40532","OTTHUMG00000152423.1"
"ENSG00000224245.1",2.52984026226466,-2.5107131598854,0.358793394702041,-6.99765713906304,2.60278071715713e-12,1.13844051831352e-11,"HAVANA","gene",NA,NA,"unprocessed_pseudogene","AL358232.1","2",NA,"OTTHUMG00000020267.1"
"ENSG00000252213.1",5.68922217741343,-3.68840042528555,0.527643674882553,-6.99032434361417,2.74251472636494e-12,1.19819332974781e-11,"ENSEMBL","gene",NA,NA,"snoRNA","SNORA74D","3","HGNC:52219",NA
"ENSG00000241151.1",1.60669445404378,2.72506261022874,0.390513608797436,6.97815018180906,2.99091850279067e-12,1.30386629179892e-11,"HAVANA","gene",NA,NA,"lncRNA","LINC02066","1","HGNC:52911","OTTHUMG00000159875.1"
"ENSG00000273132.1",1.68912872054512,-2.14105948596547,0.307219495677907,-6.9691524010904,3.18856147419683e-12,1.38825863530326e-11,"HAVANA","gene",NA,NA,"lncRNA","AL355312.3","2",NA,"OTTHUMG00000186262.1"
"ENSG00000077080.10",5.88783012548687,-2.43894124466338,0.34998727153587,-6.96865698561102,3.19980795678606e-12,1.39302861617101e-11,"HAVANA","gene",NA,NA,"protein_coding","ACTL6B","1","HGNC:160","OTTHUMG00000159661.4"
"ENSG00000271461.1",0.853010948467604,2.28315690358567,0.327669204001321,6.96787148656322,3.21771943450014e-12,1.400571800735e-11,"HAVANA","gene",NA,NA,"processed_pseudogene","CKAP2LP1","1","HGNC:54420","OTTHUMG00000184919.1"
"ENSG00000265125.5",2.80774452951224,-2.34424649445614,0.336515023425161,-6.96624617408052,3.25509363789653e-12,1.41619629669109e-11,"HAVANA","gene",NA,NA,"lncRNA","AC011824.2","2",NA,"OTTHUMG00000179665.1"
"ENSG00000212505.1",3.088696755635,-2.23028954852881,0.320211738374066,-6.96504619054101,3.28296018902955e-12,1.42780158547935e-11,"ENSEMBL","gene",NA,NA,"rRNA_pseudogene","RNA5SP299","3","HGNC:43199",NA
"ENSG00000224294.1",3.17783265835944,-3.20396489515709,0.460081514269163,-6.96390703774868,3.30963047068275e-12,1.4391395521003e-11,"HAVANA","gene",NA,NA,"lncRNA","PINCR","2","HGNC:53590","OTTHUMG00000021384.1"
"ENSG00000233342.2",2.50118821577115,-2.76225312255598,0.396726580429047,-6.96261167973342,3.34021608418367e-12,1.45217561336878e-11,"HAVANA","gene",NA,NA,"lncRNA","AL139393.2","2",NA,"OTTHUMG00000015961.4"
"ENSG00000134438.10",1.88915718994864,-2.59371768588881,0.37298450884255,-6.95395552468831,3.55183626922076e-12,1.54110193496075e-11,"HAVANA","gene",NA,NA,"protein_coding","RAX","2","HGNC:18662","OTTHUMG00000132757.6"
"ENSG00000230452.1",0.471333475225419,2.03731472921985,0.293068904856135,6.95165776874194,3.61018356516326e-12,1.56585093795919e-11,"HAVANA","gene",NA,NA,"lncRNA","LINC01381","1","HGNC:50653","OTTHUMG00000152010.1"
"ENSG00000278971.1",3.85194222235034,-2.49282607252475,0.358662208264603,-6.95034496270561,3.64394064022505e-12,1.58006331860967e-11,"HAVANA","gene",NA,NA,"TEC","AC091305.1","2",NA,"OTTHUMG00000178786.1"
"ENSG00000239835.1",3.46961973544816,-3.23302443900509,0.465268918641215,-6.94872214642428,3.68609717570123e-12,1.5980537117713e-11,"HAVANA","gene",NA,NA,"processed_pseudogene","AC092910.1","1",NA,"OTTHUMG00000159402.1"
"ENSG00000231467.2",2.38947355498094,-2.3043266903447,0.331780045834129,-6.94534442103468,3.77538088358506e-12,1.63557734092197e-11,"HAVANA","gene",NA,NA,"lncRNA","AL022314.1","2",NA,"OTTHUMG00000150536.2"
"ENSG00000231310.3",3.79278698496178,-2.08861661703488,0.300791392506888,-6.9437379827518,3.81858466701117e-12,1.6530983229105e-11,"HAVANA","gene",NA,NA,"lncRNA","TBL1XR1-AS1","2","HGNC:41243","OTTHUMG00000157220.4"
"ENSG00000249647.2",1.78870559810598,-3.09550399671919,0.445847178177647,-6.942970928675,3.83938455072528e-12,1.66195260051724e-11,"HAVANA","gene",NA,NA,"lncRNA","C5orf66-AS2","1","HGNC:27964","OTTHUMG00000163309.2"
"ENSG00000207606.1",2.11179188843158,-2.0609486468518,0.296934381033016,-6.94075451849628,3.90011220818953e-12,1.68762984008635e-11,"ENSEMBL","gene",NA,NA,"miRNA","MIR554","3","HGNC:32810",NA
"ENSG00000145526.12",21.5228258700134,-2.32216266222257,0.334727427507197,-6.93747351245259,3.99174134867302e-12,1.72603184128993e-11,"HAVANA","gene",NA,NA,"protein_coding","CDH18","1","HGNC:1757","OTTHUMG00000090578.5"
"ENSG00000214043.8",1.22680510597412,2.07832622783561,0.299593930778073,6.93714396162166,4.00106056975171e-12,1.72974925010652e-11,"HAVANA","gene",NA,NA,"lncRNA","LINC02347","2","HGNC:53269","OTTHUMG00000168469.22"
"ENSG00000259910.1",1.61519588024925,-3.04727311977722,0.439356319387674,-6.93576713321018,4.04022654163424e-12,1.74589387218992e-11,"HAVANA","gene",NA,NA,"lncRNA","AC120498.1","2",NA,"OTTHUMG00000172994.1"
"ENSG00000261045.2",2.45562695057549,-3.00270365785137,0.433248954813363,-6.93066567037626,4.18864909488347e-12,1.80823732326426e-11,"HAVANA","gene",NA,NA,"lncRNA","LINC02129","2","HGNC:52988","OTTHUMG00000177036.2"
"ENSG00000185247.15",8.96217025015549,-2.60977879473063,0.376638077705456,-6.92914219037505,4.23400077670304e-12,1.82732165761501e-11,"HAVANA","gene",NA,NA,"protein_coding","MAGEA11","1","HGNC:6798","OTTHUMG00000022633.6"
"ENSG00000280323.1",0.803195375798488,2.33505613385347,0.337181483480372,6.92522053628547,4.35296854218716e-12,1.87748220072188e-11,"HAVANA","gene",NA,NA,"TEC","AC053503.5","2",NA,"OTTHUMG00000150115.1"
"ENSG00000258548.6",5.40827464543198,3.03556235655855,0.438420386872934,6.92386222778081,4.39493358156364e-12,1.89472930705223e-11,"HAVANA","gene",NA,NA,"lncRNA","LINC00645","2","HGNC:44299","OTTHUMG00000170580.5"
"ENSG00000263680.2",2.79857511752319,-2.42782117324351,0.350727243710684,-6.92224860423512,4.44530223407693e-12,1.91489327490223e-11,"HAVANA","gene",NA,NA,"lncRNA","AC007639.1","2",NA,"OTTHUMG00000178302.2"
"ENSG00000242370.1",0.934686933831991,2.5347788501636,0.366328044541095,6.91942341826151,4.53485553656918e-12,1.9513645478447e-11,"HAVANA","gene",NA,NA,"lncRNA","KCNAB1-AS1","2","HGNC:40316","OTTHUMG00000158616.1"
"ENSG00000227863.3",8.41599308609071,-2.85943084045692,0.413666520857715,-6.91240575748805,4.76502561364752e-12,2.04875147760794e-11,"HAVANA","gene",NA,NA,"lncRNA","AC002383.1","2",NA,"OTTHUMG00000153911.13"
"ENSG00000255394.4",2.66775971729385,-3.55244200348177,0.514086878967564,-6.91019776777051,4.83978506976252e-12,2.07977489184969e-11,"HAVANA","gene",NA,NA,"lncRNA","C8orf49","2","HGNC:32200","OTTHUMG00000165224.3"
"ENSG00000169906.5",33.2124579726814,-2.9292700779725,0.424126627824879,-6.90659318655651,4.96430883969624e-12,2.1321383819798e-11,"HAVANA","gene",NA,NA,"protein_coding","S100G","2","HGNC:1436","OTTHUMG00000021194.1"
"ENSG00000286642.1",2.06522386068593,-2.86835671933242,0.415378813862507,-6.90539965835105,5.00622842051121e-12,2.14956447057441e-11,"HAVANA","gene",NA,NA,"lncRNA","AC091646.1","2",NA,"OTTHUMG00000194914.1"
"ENSG00000169605.7",0.861407664635163,2.21460734794795,0.320765336083282,6.90413551223926,5.05100664906795e-12,2.16762565887536e-11,"HAVANA","gene",NA,NA,"protein_coding","GKN1","2","HGNC:23217","OTTHUMG00000129574.4"
"ENSG00000261340.1",0.686917576666777,3.01380162126186,0.436566532184486,6.90341883557001,5.07656670042804e-12,2.17820446549801e-11,"HAVANA","gene",NA,NA,"lncRNA","LINC01616","2","HGNC:51900","OTTHUMG00000173210.1"
"ENSG00000230157.1",1.21983438873522,-2.25729989024437,0.327138536495565,-6.90013446421031,5.19533393051682e-12,2.22776737323065e-11,"HAVANA","gene",NA,NA,"processed_pseudogene","ATP5MC1P1","1","HGNC:19815","OTTHUMG00000152474.1"
"ENSG00000234111.6",12.3594198867592,-2.27654465841827,0.33048490617097,-6.88849813080582,5.63844748140162e-12,2.41237737840643e-11,"HAVANA","gene",NA,NA,"lncRNA","LINC02433","2","HGNC:27959","OTTHUMG00000161533.1"
"ENSG00000198077.10",171.156318330069,-2.32968785451405,0.3383188194744,-6.88607230934823,5.73538460032332e-12,2.45231839537252e-11,"HAVANA","gene",NA,NA,"protein_coding","CYP2A7","2","HGNC:2611","OTTHUMG00000182715.3"
"ENSG00000251803.1",2.39843629266408,-2.30309375499974,0.334653074511232,-6.88203375499674,5.90040267446761e-12,2.52085154390711e-11,"ENSEMBL","gene",NA,NA,"misc_RNA","Y_RNA","3",NA,NA
"ENSG00000131737.5",2.92240401274781,-3.30791243603046,0.480695083851086,-6.88151917329618,5.92176023250032e-12,2.52884867402701e-11,"HAVANA","gene",NA,NA,"protein_coding","KRT34","2","HGNC:6452","OTTHUMG00000133436.3"
"ENSG00000188984.12",2.42733500845427,3.12111445612578,0.454084230649688,6.87342621799527,6.26779343757044e-12,2.67209453278163e-11,"HAVANA","gene",NA,NA,"protein_coding","AADACL3","2","HGNC:32037","OTTHUMG00000001887.6"
"ENSG00000229531.6",3.1274196702471,-2.38818263588004,0.347570538706909,-6.87107326404867,6.3720655255236e-12,2.71630624902425e-11,"HAVANA","gene",NA,NA,"lncRNA","RABGAP1L-AS1","2","HGNC:41057","OTTHUMG00000034940.2"
"ENSG00000230184.1",2.5607827915976,-2.41541103108064,0.351704580383903,-6.86772696688824,6.5232917286061e-12,2.7795349227812e-11,"HAVANA","gene",NA,NA,"lncRNA","SMYD3-IT1","2","HGNC:41406","OTTHUMG00000040509.1"
"ENSG00000133980.5",4.3626301390117,-3.0286250133936,0.441084858669492,-6.86630917807807,6.58842031104341e-12,2.80653700633138e-11,"HAVANA","gene",NA,NA,"protein_coding","VRTN","2","HGNC:20223","OTTHUMG00000171208.3"
"ENSG00000259306.2",2.59145390967628,-3.71564828769091,0.541202738650451,-6.86553859087316,6.62408542675726e-12,2.82097718040836e-11,"HAVANA","gene",NA,NA,"lncRNA","AC020891.2","2",NA,"OTTHUMG00000172468.1"
"ENSG00000233365.2",2.5835760401727,-2.63021493837533,0.383403885375964,-6.86016766834837,6.87797725869207e-12,2.92572041608752e-11,"HAVANA","gene",NA,NA,"lncRNA","AL121956.1","2",NA,"OTTHUMG00000015997.2"
"ENSG00000248515.2",12.9867718530943,-2.21100614016062,0.322376513251598,-6.85845912861226,6.96072396952667e-12,2.95986762563258e-11,"HAVANA","gene",NA,NA,"lncRNA","AC024230.1","2",NA,"OTTHUMG00000160142.5"
"ENSG00000264895.1",5.34345306018177,-2.02159942983065,0.294770050718578,-6.85822533497715,6.97212249873175e-12,2.96445144581326e-11,"HAVANA","gene",NA,NA,"lncRNA","AC006141.1","2",NA,"OTTHUMG00000177541.1"
"ENSG00000158764.7",2.88109320626874,-2.67161489879394,0.390400022498464,-6.84327547343941,7.74026015381412e-12,3.2808622840771e-11,"HAVANA","gene",NA,NA,"protein_coding","ITLN2","2","HGNC:20599","OTTHUMG00000028605.2"
"ENSG00000283117.1",6.06047459897075,-4.86903972586402,0.71234909027384,-6.8351876802317,8.18977377360977e-12,3.46526593211732e-11,"HAVANA","gene",NA,NA,"lncRNA","MGC4859","2",NA,"OTTHUMG00000191550.2"
"ENSG00000168124.2",2.41163014832219,-3.37954208331951,0.494807681058169,-6.83001136136812,8.4907907971602e-12,3.58851258902563e-11,"HAVANA","gene",NA,NA,"protein_coding","OR1F1","2","HGNC:8194","OTTHUMG00000133153.1"
"ENSG00000264529.1",1.55824823333863,-2.38959806423133,0.349900290993432,-6.82936861083144,8.52891690520648e-12,3.60367236024731e-11,"HAVANA","gene",NA,NA,"transcribed_processed_pseudogene","DNAJB6P8","1","HGNC:54761","OTTHUMG00000179112.1"
"ENSG00000223631.2",0.877452504320933,-2.19961632648238,0.32211085213188,-6.82875572780083,8.56542756420968e-12,3.61846075832189e-11,"HAVANA","gene",NA,NA,"lncRNA","LINC01120","2","HGNC:49265","OTTHUMG00000153602.14"
"ENSG00000244512.3",2.43442611941593,-2.30453778239279,0.337648832091438,-6.82525026998673,8.7772163047244e-12,3.70368533696799e-11,"ENSEMBL","gene",NA,NA,"misc_RNA","RN7SL28P","3","HGNC:46044",NA
"ENSG00000254754.1",0.531340436674519,3.03759780088116,0.4450620493523,6.82511080264376,8.78574776310669e-12,3.7066323998806e-11,"HAVANA","gene",NA,NA,"lncRNA","AC013799.1","1",NA,"OTTHUMG00000166090.1"
"ENSG00000124812.15",3.16291911437087,-2.56954115587148,0.376866601117817,-6.81817159772187,9.22064683772552e-12,3.88463937737803e-11,"HAVANA","gene",NA,NA,"protein_coding","CRISP1","2","HGNC:304","OTTHUMG00000014827.3"
"ENSG00000253774.1",2.27740856984936,-2.0946451795999,0.307386778001795,-6.81436330220967,9.46821550263743e-12,3.98648567300606e-11,"HAVANA","gene",NA,NA,"lncRNA","AC114550.3","1",NA,"OTTHUMG00000163672.1"
"ENSG00000285822.1",10.9567198869872,-5.95451392036103,0.874121460102706,-6.8119983230493,9.62522293836487e-12,4.05028974453933e-11,"HAVANA","gene",NA,NA,"lncRNA","AC129926.2","2",NA,"OTTHUMG00000193097.1"
"ENSG00000235347.1",3.62661239593951,-2.36511748300428,0.347464208898374,-6.80679454871862,9.97972892593072e-12,4.19300896993195e-11,"HAVANA","gene",NA,NA,"processed_pseudogene","Z84478.1","1",NA,"OTTHUMG00000151337.2"
"ENSG00000282375.1",1.25070250732069,2.19275655799792,0.322197278062389,6.80563340318884,1.006056028599e-11,4.22548823793968e-11,"HAVANA","gene",NA,NA,"lncRNA","AC100797.4","2",NA,"OTTHUMG00000190614.1"
"ENSG00000231291.3",4.25937238307402,2.01865518071464,0.296856783222544,6.80009787481029,1.04548098596378e-11,4.38684480973243e-11,"HAVANA","gene",NA,NA,"lncRNA","AC106799.1","2",NA,"OTTHUMG00000161646.1"
"ENSG00000224698.1",1.93803113486881,-2.33340781169993,0.343237775128142,-6.79822554737395,1.05915549663895e-11,4.44344481996251e-11,"HAVANA","gene",NA,NA,"lncRNA","AL390038.1","2",NA,"OTTHUMG00000039829.1"
"ENSG00000200991.1",0.912954039065671,2.28501060047435,0.336156026539936,6.79747028186297,1.06472102368943e-11,4.46601157809147e-11,"ENSEMBL","gene",NA,NA,"snoRNA","AC012291.1","3",NA,NA
"ENSG00000169040.14",2.24188088559618,-2.80759351278553,0.41359191526295,-6.7883181686483,1.13448243739489e-11,4.75280286600114e-11,"HAVANA","gene",NA,NA,"transcribed_unprocessed_pseudogene","PMCHL2","2","HGNC:9111","OTTHUMG00000099413.5"
"ENSG00000279976.1",0.448251653990989,2.50032212871569,0.368852551999488,6.77864939570531,1.21304500176388e-11,5.07394674650842e-11,"HAVANA","gene",NA,NA,"TEC","AC073862.4","2",NA,"OTTHUMG00000168341.1"
"ENSG00000261410.1",0.783439563979956,3.08261202904815,0.454849788605401,6.77720888581622,1.22519688282749e-11,5.12164581243042e-11,"HAVANA","gene",NA,NA,"lncRNA","AC009142.1","2",NA,"OTTHUMG00000176639.1"
"ENSG00000157330.10",7.8875812746426,-2.21925964304404,0.327717247573092,-6.77187319092528,1.27125545581425e-11,5.30862449996171e-11,"HAVANA","gene",NA,NA,"protein_coding","C1orf158","2","HGNC:28567","OTTHUMG00000001888.5"
"ENSG00000287988.1",0.321140069266423,3.62538642675713,0.535597765846301,6.76886024912489,1.29800843428352e-11,5.41609337106108e-11,"HAVANA","gene",NA,NA,"transcribed_unprocessed_pseudogene","FO082814.1","2",NA,"OTTHUMG00000193799.1"
"ENSG00000281566.3",9.60772294363631,-3.264748513704,0.48247653294048,-6.7666472684315,1.31800876240512e-11,5.49763188288607e-11,"HAVANA","gene",NA,NA,"lncRNA","AL157778.1","2",NA,"OTTHUMG00000189756.2"
"ENSG00000156925.12",6.16292378924048,-2.67974599307131,0.396248905650173,-6.7627845903431,1.3536442663546e-11,5.64038065759688e-11,"HAVANA","gene",NA,NA,"protein_coding","ZIC3","2","HGNC:12874","OTTHUMG00000022525.2"
"ENSG00000275826.1",0.40112891702886,2.62482588267991,0.388567000773387,6.75514358516182,1.42693870703794e-11,5.93391489056398e-11,"HAVANA","gene",NA,NA,"processed_pseudogene","AC093909.5","1",NA,"OTTHUMG00000187586.1"
"ENSG00000211857.1",3.18471219734479,-2.30529850266946,0.341318667038765,-6.75409441467094,1.4373013533864e-11,5.97597047997419e-11,"HAVANA","gene",NA,NA,"TR_J_gene","TRAJ32","2","HGNC:12062","OTTHUMG00000170935.4"
"ENSG00000285980.2",2.15080538244076,-2.2838731435657,0.338641934785015,-6.74421242311765,1.5385930122316e-11,6.38326906962382e-11,"HAVANA","gene",NA,NA,"lncRNA","AP003025.2","2",NA,"OTTHUMG00000184004.3"
"ENSG00000237987.1",0.909540618060089,2.28156603798011,0.339351533531294,6.72331141173321,1.77640358416555e-11,7.34698685405486e-11,"HAVANA","gene",NA,NA,"lncRNA","AL606970.4","2",NA,"OTTHUMG00000016041.1"
"ENSG00000263207.2",1.21401745593478,2.20471101258261,0.32792465680052,6.72322427381166,1.77746671304262e-11,7.35074926386465e-11,"HAVANA","gene",NA,NA,"lncRNA","AC109462.2","2",NA,"OTTHUMG00000177968.2"
"ENSG00000287442.1",2.30359988891779,-2.36839967280877,0.352378796541457,-6.72117532625187,1.80264529220797e-11,7.44973138529144e-11,"HAVANA","gene",NA,NA,"lncRNA","AC079460.2","2",NA,"OTTHUMG00000194387.1"
"ENSG00000230033.1",5.42192384068554,-3.47788834577697,0.517702302513722,-6.71793099796922,1.84322933736244e-11,7.6115426265329e-11,"HAVANA","gene",NA,NA,"lncRNA","AC006357.1","2",NA,"OTTHUMG00000157190.1"
"ENSG00000168634.5",4.38086635206478,-2.12495252539041,0.316327031333231,-6.71758122103672,1.84765784060501e-11,7.62917238157255e-11,"HAVANA","gene",NA,NA,"protein_coding","WFDC13","2","HGNC:16131","OTTHUMG00000046333.2"
"ENSG00000185294.7",3.5497855787842,-2.11660346512102,0.315182643718528,-6.71548229987955,1.87445180896284e-11,7.73514092742548e-11,"HAVANA","gene",NA,NA,"protein_coding","SPPL2C","2","HGNC:28902","OTTHUMG00000178247.2"
"ENSG00000251574.8",2.8612446034298,-2.44396579380833,0.364273162310835,-6.70915688189756,1.95752126569175e-11,8.06820748789504e-11,"HAVANA","gene",NA,NA,"lncRNA","AC099520.1","1",NA,"OTTHUMG00000163701.20"
"ENSG00000258203.5",5.61155663106352,-2.02993983090108,0.302641490141598,-6.70740759950438,1.98112324583158e-11,8.16004349479006e-11,"HAVANA","gene",NA,NA,"lncRNA","AC004801.5","2",NA,"OTTHUMG00000169893.1"
"ENSG00000182898.4",3.19273089922966,-3.78286225710075,0.564743597115457,-6.69837121912047,2.10755334796676e-11,8.66571240139784e-11,"HAVANA","gene",NA,NA,"protein_coding","TCHHL1","2","HGNC:31796","OTTHUMG00000013058.3"
"ENSG00000224887.1",5.15649547653507,-3.62936319064,0.541829330072798,-6.69835128739223,2.10784076544232e-11,8.66615043957277e-11,"HAVANA","gene",NA,NA,"processed_pseudogene","NFYCP2","1","HGNC:54924","OTTHUMG00000020145.1"
"ENSG00000214237.11",1.26376275708242,-2.40790969817742,0.359567791867086,-6.6966779356798,2.13210800876932e-11,8.76291453205267e-11,"HAVANA","gene",NA,NA,"protein_coding","MINDY4B","2","HGNC:35475","OTTHUMG00000159843.6"
"ENSG00000213231.13",1.82870585908136,-3.18837059303449,0.477537928272803,-6.67668556624695,2.44406545100941e-11,1.00055691496079e-10,"HAVANA","gene",NA,NA,"protein_coding","TCL1B","2","HGNC:11649","OTTHUMG00000028912.6"
"ENSG00000249199.2",2.59258326841483,-3.21167952174806,0.481172875688175,-6.67468945990505,2.47756220273426e-11,1.01383673670139e-10,"HAVANA","gene",NA,NA,"lncRNA","AC026785.3","2",NA,"OTTHUMG00000161875.2"
"ENSG00000187516.7",1.16638143765656,-2.48334143640977,0.372119358296766,-6.67350779001748,2.49760319066381e-11,1.02186309875921e-10,"HAVANA","gene",NA,NA,"protein_coding","H2AP","2","HGNC:18417","OTTHUMG00000033180.2"
"ENSG00000227195.11",2.66260371435927,-3.03372830563543,0.454890794960705,-6.66913540402041,2.57314771853923e-11,1.05178318569418e-10,"HAVANA","gene",NA,NA,"lncRNA","MIR663AHG","2","HGNC:27662","OTTHUMG00000032149.130"
"ENSG00000252947.1",4.82577397756976,-3.14049147529524,0.471207655266761,-6.66477176292339,2.65076972087125e-11,1.08314181089076e-10,"ENSEMBL","gene",NA,NA,"scaRNA","SCARNA1","3","HGNC:32555",NA
"ENSG00000214039.9",2.73256039963732,-2.50271936002556,0.375649273867124,-6.66238306349243,2.69422672615134e-11,1.0998670965398e-10,"HAVANA","gene",NA,NA,"lncRNA","LINC02418","2","HGNC:53348","OTTHUMG00000168373.3"
"ENSG00000207258.1",1.4800619981328,2.32723755746238,0.34932399601834,6.6621176443321,2.69909826534344e-11,1.10166806860286e-10,"ENSEMBL","gene",NA,NA,"misc_RNA","Y_RNA","3",NA,NA
"ENSG00000226592.1",0.548142179432923,3.13524172109979,0.470772760952146,6.65977724530772,2.74242914664529e-11,1.11897275094342e-10,"HAVANA","gene",NA,NA,"processed_pseudogene","AC004911.1","2",NA,"OTTHUMG00000152718.1"
"ENSG00000232715.1",1.3602554673053,-2.63063469281179,0.395608884305875,-6.6495844688307,2.93921629162843e-11,1.19732890512642e-10,"HAVANA","gene",NA,NA,"lncRNA","LINC01022","2","HGNC:48998","OTTHUMG00000152648.1"
"ENSG00000223523.1",7.2366251338464,-2.35071736338407,0.35364526373508,-6.64710545973837,2.98912868175091e-11,1.21714393288021e-10,"HAVANA","gene",NA,NA,"lncRNA","AC092598.1","2",NA,"OTTHUMG00000154523.1"
"ENSG00000259786.7",6.34581481481607,-3.57226668846771,0.537456821368699,-6.6466114977767,2.99917277299371e-11,1.22102623686377e-10,"HAVANA","gene",NA,NA,"lncRNA","LINC02109","2","HGNC:52964","OTTHUMG00000161936.13"
"ENSG00000230853.1",0.272427447527357,2.69727652989849,0.405899639683085,6.64518089250941,3.02844905943139e-11,1.23242159549272e-10,"HAVANA","gene",NA,NA,"processed_pseudogene","RPL10P11","1","HGNC:36565","OTTHUMG00000156444.1"
"ENSG00000168135.4",3.0484705636811,-2.48922345655716,0.374592824790857,-6.64514451911071,3.02919704873811e-11,1.23251660811077e-10,"HAVANA","gene",NA,NA,"protein_coding","KCNJ4","2","HGNC:6265","OTTHUMG00000151131.1"
"ENSG00000249145.3",0.338678197576639,2.5557349450904,0.384709790567859,6.64328022772165,3.06777777821907e-11,1.24768449367127e-10,"HAVANA","gene",NA,NA,"lncRNA","LINC02517","1","HGNC:53506","OTTHUMG00000160052.13"
"ENSG00000235643.2",1.47391609747962,-2.82269463029162,0.424961292821735,-6.64223937090595,3.08952665201223e-11,1.25595401570272e-10,"HAVANA","gene",NA,NA,"lncRNA","LINC01647","2","HGNC:52434","OTTHUMG00000002076.2"
"ENSG00000178394.5",1.44625947799428,-2.503492330854,0.376922443466199,-6.6419295912224,3.09602863875876e-11,1.25821301283342e-10,"HAVANA","gene",NA,NA,"protein_coding","HTR1A","2","HGNC:5286","OTTHUMG00000162279.3"
"ENSG00000230570.1",2.22617907605849,-2.81029800057019,0.423327950008472,-6.63858363359649,3.16711629930946e-11,1.28612088404743e-10,"HAVANA","gene",NA,NA,"processed_pseudogene","AL139095.3","1",NA,"OTTHUMG00000014206.1"
"ENSG00000230894.2",3.73330648348079,-2.34903761818955,0.353920514798978,-6.63718976427171,3.1971993468679e-11,1.29789714208135e-10,"HAVANA","gene",NA,NA,"lncRNA","AL133284.1","2",NA,"OTTHUMG00000020557.2"
"ENSG00000233539.5",4.70543105022476,-2.03196748285488,0.306156531157453,-6.63702151044384,3.20084953073439e-11,1.29926883857905e-10,"HAVANA","gene",NA,NA,"lncRNA","AC011294.1","2",NA,"OTTHUMG00000155474.1"
"ENSG00000242428.6",1.86850584680971,-2.94397527957069,0.443730443049042,-6.63460288940626,3.25377321421672e-11,1.32030384257748e-10,"HAVANA","gene",NA,NA,"lncRNA","CFAP20DC-AS1","2","HGNC:41063","OTTHUMG00000159203.2"
"ENSG00000253447.6",0.881703317036553,-2.31250370531446,0.348908419792597,-6.62782430612906,3.40670594811845e-11,1.38095678123661e-10,"HAVANA","gene",NA,NA,"lncRNA","AC113423.2","2",NA,"OTTHUMG00000163447.2"
"ENSG00000286868.1",6.50647539248272,-3.12339385029782,0.471538491729741,-6.62383645254557,3.49993991688524e-11,1.41779082960997e-10,"HAVANA","gene",NA,NA,"lncRNA","AC074290.1","2",NA,"OTTHUMG00000195833.1"
"ENSG00000286093.1",1.52111347505858,-2.21992832116972,0.335459041281625,-6.61758381198629,3.65117220411694e-11,1.47780400692103e-10,"HAVANA","gene",NA,NA,"lncRNA","AC022267.1","2",NA,"OTTHUMG00000193575.1"
"ENSG00000159527.3",5.07814626409723,-3.20723228517945,0.485047629652163,-6.61220071826642,3.78648102182317e-11,1.53166418233323e-10,"HAVANA","gene",NA,NA,"protein_coding","PGLYRP3","2","HGNC:30014","OTTHUMG00000014044.1"
"ENSG00000169548.3",5.23820890408017,-2.76171619528693,0.417782099675261,-6.61042250836883,3.83224681123219e-11,1.54952270002645e-10,"HAVANA","gene",NA,NA,"protein_coding","ZNF280A","2","HGNC:18597","OTTHUMG00000030545.4"
"ENSG00000205186.4",1.2949347795547,3.00550717674708,0.454885002527713,6.60718018850044,3.91709170534046e-11,1.58276008773603e-10,"HAVANA","gene",NA,NA,"protein_coding","FABP9","2","HGNC:3563","OTTHUMG00000164601.4"
"ENSG00000265933.5",31.4077076924498,-2.79126155286479,0.422504083902153,-6.60647236136827,3.93585708131541e-11,1.58994024254487e-10,"HAVANA","gene",NA,NA,"lncRNA","LINC00668","2","HGNC:44328","OTTHUMG00000178875.1"
"ENSG00000204019.5",67.9663875968155,-4.63386078558734,0.701579295727482,-6.60489956560419,3.97786929246873e-11,1.60623445261001e-10,"HAVANA","gene",NA,NA,"protein_coding","CT83","2","HGNC:33494","OTTHUMG00000022244.2"
"ENSG00000203565.3",1.44322239721096,-2.27329157515874,0.344261729212531,-6.6033816200212,4.01883232880361e-11,1.62222813103868e-10,"HAVANA","gene",NA,NA,"lncRNA","AL450313.1","2",NA,"OTTHUMG00000017940.2"
"ENSG00000273177.1",0.274821479716978,2.8878615304491,0.437401275914728,6.60231620131829,4.04782977275857e-11,1.63324511043341e-10,"HAVANA","gene",NA,NA,"lncRNA","AC092954.2","2",NA,"OTTHUMG00000186054.1"
"ENSG00000252081.1",0.338431712409292,2.57057497594339,0.389760517112846,6.59526776848754,4.24489015764271e-11,1.71102715339611e-10,"ENSEMBL","gene",NA,NA,"snRNA","RNU6-277P","3","HGNC:47240",NA
"ENSG00000214081.8",5.19975432127071,-3.01331452124311,0.456981193263245,-6.59395740057794,4.28254637532487e-11,1.72562486830794e-10,"HAVANA","gene",NA,NA,"transcribed_unprocessed_pseudogene","CYP4F30P","2","HGNC:25270","OTTHUMG00000154046.2"
"ENSG00000226812.2",1.79476993544265,-2.54773256569772,0.386487805794191,-6.59201280739609,4.33903153058952e-11,1.747797213978e-10,"HAVANA","gene",NA,NA,"lncRNA","AL117382.1","2",NA,"OTTHUMG00000032526.2"
"ENSG00000173237.4",13.8781536288036,-2.70885638474502,0.411796279832562,-6.57814681047254,4.76347785483163e-11,1.91490370888558e-10,"HAVANA","gene",NA,NA,"protein_coding","C11orf86","2","HGNC:34442","OTTHUMG00000153671.2"
"ENSG00000270174.1",3.94253937956144,-2.14780675206435,0.326572862610144,-6.5768071936472,4.80657382943134e-11,1.93206604721919e-10,"HAVANA","gene",NA,NA,"lncRNA","AL022097.1","2",NA,"OTTHUMG00000184023.1"
"ENSG00000274591.1",2.27203475175494,-2.07486816124403,0.315600728773072,-6.57434527895509,4.88677140582092e-11,1.96298497570957e-10,"HAVANA","gene",NA,NA,"lncRNA","AC025031.3","2",NA,"OTTHUMG00000187358.1"
"ENSG00000231496.2",0.423670059013669,2.57461397867709,0.39187024929623,6.57006747335607,5.02924671053612e-11,2.01936984496971e-10,"HAVANA","gene",NA,NA,"lncRNA","AL136369.2","2",NA,"OTTHUMG00000017662.2"
"ENSG00000232474.1",1.86889359835866,-2.16002220738482,0.328856039754146,-6.56829112519771,5.08959614279119e-11,2.04274567480209e-10,"HAVANA","gene",NA,NA,"lncRNA","NCKAP5-IT1","2","HGNC:41497","OTTHUMG00000153666.1"
"ENSG00000254460.1",0.555727903527806,2.06797314429817,0.315130857673602,6.56226800372587,5.29954544289039e-11,2.12398546234631e-10,"HAVANA","gene",NA,NA,"lncRNA","AP002815.1","1",NA,"OTTHUMG00000165485.1"
"ENSG00000268864.4",37.8380472962144,-2.12275331648717,0.323490315894165,-6.56203049114355,5.30799580013241e-11,2.12701638327487e-10,"HAVANA","gene",NA,NA,"transcribed_unprocessed_pseudogene","AC011487.2","1",NA,"OTTHUMG00000183076.2"
"ENSG00000219712.1",2.87914434683114,-2.78984512963561,0.42518421063094,-6.56149748716138,5.32700732676051e-11,2.13427764697354e-10,"HAVANA","gene",NA,NA,"processed_pseudogene","AL357054.1","1",NA,"OTTHUMG00000014116.1"
"ENSG00000233854.2",5.49558629628848,-3.00915814154877,0.45861361788409,-6.56142343838839,5.32965380997319e-11,2.1351594116215e-10,"HAVANA","gene",NA,NA,"lncRNA","POU6F2-AS2","2","HGNC:21887","OTTHUMG00000155276.2"
"ENSG00000224899.1",4.18428463766939,-2.44432423104019,0.372677509795475,-6.55881872877609,5.42356818219053e-11,2.17187522240679e-10,"HAVANA","gene",NA,NA,"lncRNA","LINC02830","2","HGNC:54363","OTTHUMG00000157196.1"
"ENSG00000274682.1",0.334057360721925,2.26616079446123,0.345549571893233,6.5581351527804,5.44848188969058e-11,2.18094049072668e-10,"HAVANA","gene",NA,NA,"lncRNA","AC015540.1","2",NA,"OTTHUMG00000187308.1"
"ENSG00000218048.2",1.75061784050239,-2.62569846801832,0.400461968454109,-6.55667372897912,5.50212124685391e-11,2.20167567808211e-10,"HAVANA","gene",NA,NA,"unprocessed_pseudogene","AL121949.1","1",NA,"OTTHUMG00000014945.2"
"ENSG00000249506.3",4.12713401268882,-2.2549743960332,0.34412990922806,-6.55268355224187,5.65121897624378e-11,2.25963863421665e-10,"HAVANA","gene",NA,NA,"transcribed_processed_pseudogene","ZEB2P1","2","HGNC:33346","OTTHUMG00000160179.3"
"ENSG00000228000.1",2.07850751109928,-2.37246199902327,0.362332868459195,-6.54774160873689,5.841367137524e-11,2.33294347748228e-10,"HAVANA","gene",NA,NA,"processed_pseudogene","RPL7AP65","1","HGNC:37031","OTTHUMG00000059393.1"
"ENSG00000259664.3",2.13463784948594,2.02567036205356,0.309566432387049,6.54357239715474,6.00663856314737e-11,2.39595415502781e-10,"HAVANA","gene",NA,NA,"lncRNA","LINC02254","2","HGNC:53152","OTTHUMG00000172036.14"
"ENSG00000199370.2",3.81688950098334,-2.66021886515691,0.406571081515065,-6.54305971601263,6.02727485853906e-11,2.40358530441657e-10,"ENSEMBL","gene",NA,NA,"snoRNA","U3","3",NA,NA
"ENSG00000162009.8",3.75602486824463,-2.50836042182731,0.383471349802164,-6.54119381570851,6.10296766258351e-11,2.43154412236487e-10,"HAVANA","gene",NA,NA,"protein_coding","SSTR5","2","HGNC:11334","OTTHUMG00000047842.5"
"ENSG00000267134.3",5.32636300838077,-2.92005622109469,0.446692412209079,-6.53706250942075,6.27388319195819e-11,2.49714832372449e-10,"HAVANA","gene",NA,NA,"lncRNA","LINC01924","2","HGNC:27600","OTTHUMG00000060638.7"
"ENSG00000136535.15",4.4821057584209,-2.17105929435858,0.332466793718264,-6.53015379394056,6.57021907890189e-11,2.61119200390037e-10,"HAVANA","gene",NA,NA,"protein_coding","TBR1","2","HGNC:11590","OTTHUMG00000153888.3"
"ENSG00000205325.3",15.3319395994636,-2.27195472440439,0.347933744888682,-6.52984873637731,6.58361475240681e-11,2.61629879551933e-10,"HAVANA","gene",NA,NA,"lncRNA","AC005863.1","2",NA,"OTTHUMG00000058812.5"
"ENSG00000142025.16",14.5781776587798,-2.13266287199727,0.326687422568432,-6.52814502385852,6.65892071221017e-11,2.6453473575621e-10,"HAVANA","gene",NA,NA,"protein_coding","DMRTC2","2","HGNC:13911","OTTHUMG00000182675.4"
"ENSG00000113327.17",10.3155065827936,-3.13937333105236,0.481059861020693,-6.52595151961207,6.75711753077979e-11,2.6834673483062e-10,"HAVANA","gene",NA,NA,"protein_coding","GABRG2","2","HGNC:4087","OTTHUMG00000130350.8"
"ENSG00000244094.2",2.99509814902114,2.73870565016622,0.419960925929452,6.52133444106721,6.96846105168732e-11,2.76487758994898e-10,"HAVANA","gene",NA,NA,"protein_coding","SPRR2F","2","HGNC:11266","OTTHUMG00000014398.2"
"ENSG00000265217.2",2.05199660450631,-3.17412438280457,0.486862904930227,-6.51954451789555,7.05212075399634e-11,2.79783956048331e-10,"HAVANA","gene",NA,NA,"lncRNA","AC090358.1","2",NA,"OTTHUMG00000178489.2"
"ENSG00000256115.6",1.84457972992175,-3.04796732408209,0.467641353459276,-6.51774549349712,7.13719534625782e-11,2.83041990761702e-10,"HAVANA","gene",NA,NA,"lncRNA","LINC02443","1","HGNC:53375","OTTHUMG00000168644.15"
"ENSG00000237435.10",0.745779116816346,2.41222879013404,0.370199838238417,6.51601794752949,7.21983404124415e-11,2.86224450902778e-10,"HAVANA","gene",NA,NA,"lncRNA","LINC02790","1","HGNC:54313","OTTHUMG00000010691.22"
"ENSG00000225974.1",0.562121833273068,2.26880942305316,0.348312181677101,6.51372401656752,7.33101384270924e-11,2.90535919599801e-10,"HAVANA","gene",NA,NA,"lncRNA","AC005550.1","1",NA,"OTTHUMG00000152392.1"
"ENSG00000239402.3",23.3600010604622,-2.75650709901148,0.423413385060779,-6.51020302207923,7.50493030722111e-11,2.97256292178376e-10,"HAVANA","gene",NA,NA,"transcribed_unprocessed_pseudogene","CYP4F62P","1","HGNC:39956","OTTHUMG00000153934.4"
"ENSG00000124610.5",1.92810861347362,-2.89643322759121,0.445546217046954,-6.50085920780238,7.98625495768955e-11,3.15798510253307e-10,"HAVANA","gene",NA,NA,"protein_coding","H1-1","2","HGNC:4715","OTTHUMG00000016413.2"
"ENSG00000234819.1",2.56833115087732,-2.26316653175391,0.348546515668974,-6.4931549449294,8.40571568749415e-11,3.31837375237182e-10,"HAVANA","gene",NA,NA,"processed_pseudogene","AL353705.3","1",NA,"OTTHUMG00000020061.1"
"ENSG00000200783.1",3.64176851236956,-2.29784537530933,0.354327915594343,-6.48508140109415,8.86838913416914e-11,3.49727980424762e-10,"ENSEMBL","gene",NA,NA,"misc_RNA","RN7SKP180","3","HGNC:45904",NA
"ENSG00000250733.6",2.39064832440265,-2.46542438849273,0.380579336284487,-6.47808263202656,9.28954792470595e-11,3.65854698785583e-10,"HAVANA","gene",NA,NA,"TEC","C8orf17","2","HGNC:17737","OTTHUMG00000140391.2"
"ENSG00000164532.11",15.8207621378214,-2.19927773242397,0.339531753754138,-6.47738453946348,9.33261357596943e-11,3.67399766988246e-10,"HAVANA","gene",NA,NA,"protein_coding","TBX20","2","HGNC:11598","OTTHUMG00000099411.5"
"ENSG00000126752.8",10.710296996639,-4.57455532045237,0.706289185443424,-6.47688710903928,9.36341932306523e-11,3.6858221984065e-10,"HAVANA","gene",NA,NA,"protein_coding","SSX1","2","HGNC:11335","OTTHUMG00000021488.1"
"ENSG00000112539.15",6.02272471567992,-2.20151148037559,0.339962242942395,-6.47575289926719,9.4340329144977e-11,3.71270344121558e-10,"HAVANA","gene",NA,NA,"protein_coding","C6orf118","2","HGNC:21233","OTTHUMG00000015984.3"
"ENSG00000133863.9",15.380896402534,-2.53654177648001,0.392204505310673,-6.46739581553446,9.97062373536745e-11,3.91904654328866e-10,"HAVANA","gene",NA,NA,"protein_coding","TEX15","2","HGNC:11738","OTTHUMG00000163881.4"
"ENSG00000253153.1",2.13388196368442,-2.68462076051227,0.415127554340662,-6.4669779985484,9.99821998683787e-11,3.92957112033964e-10,"HAVANA","gene",NA,NA,"processed_pseudogene","AP001207.1","1",NA,"OTTHUMG00000164835.2"
"ENSG00000231980.1",1.64202377232968,-2.72885141894199,0.422548225911577,-6.45808277399567,1.06037742219998e-10,4.15938122626504e-10,"HAVANA","gene",NA,NA,"lncRNA","AC011899.1","2",NA,"OTTHUMG00000152647.2"
"ENSG00000101204.18",11.0886620548523,-2.26645765210758,0.35118836601084,-6.45368090592618,1.09165546255246e-10,4.27821784956141e-10,"HAVANA","gene",NA,NA,"protein_coding","CHRNA4","2","HGNC:1958","OTTHUMG00000033080.8"
"ENSG00000286734.1",2.53496832478913,-2.05867622541412,0.319133829485021,-6.45082418475083,1.11243495299833e-10,4.35715815877616e-10,"HAVANA","gene",NA,NA,"lncRNA","AC133530.1","2",NA,"OTTHUMG00000194078.1"
"ENSG00000166111.10",9.97663944020874,-2.27841167550774,0.353355389307142,-6.44793243418542,1.13386288881725e-10,4.43927196234652e-10,"HAVANA","gene",NA,NA,"protein_coding","SVOP","2","HGNC:25417","OTTHUMG00000169432.5"
"ENSG00000221771.1",1.5128542079061,-2.84260634568543,0.44132232865618,-6.44111154389383,1.18601665091751e-10,4.64042937896755e-10,"ENSEMBL","gene",NA,NA,"miRNA","MIR1205","3","HGNC:35271",NA
"ENSG00000268433.1",1.63606209447032,2.34893513526487,0.365055446501866,6.43446127916589,1.239120203445e-10,4.84108692384e-10,"HAVANA","gene",NA,NA,"processed_pseudogene","MTDHP3","1","HGNC:52359","OTTHUMG00000182869.1"
"ENSG00000282815.1",13.1049264306019,-3.29207060689064,0.511651767030387,-6.43420157815095,1.24124043428954e-10,4.84818434753071e-10,"HAVANA","gene",NA,NA,"protein_coding","TEX13C","2","HGNC:52277","OTTHUMG00000191426.1"
"ENSG00000236276.2",3.83703565427564,-2.41404121832999,0.375223250639974,-6.433613093572,1.24605802427665e-10,4.86620801622875e-10,"HAVANA","gene",NA,NA,"lncRNA","NDP-AS1","2","HGNC:40395","OTTHUMG00000021390.2"
"ENSG00000235096.2",3.40734066719843,-2.437502241795,0.37894553635198,-6.43232868042269,1.25663634886675e-10,4.90512037430388e-10,"HAVANA","gene",NA,NA,"lncRNA","AC118555.1","1",NA,"OTTHUMG00000040510.2"
"ENSG00000267593.2",1.3135486961566,-2.17299676800229,0.338055846993421,-6.42792244928863,1.2935970246771e-10,5.04528113418103e-10,"HAVANA","gene",NA,NA,"lncRNA","LINC01926","2","HGNC:52748","OTTHUMG00000180012.2"
"ENSG00000199846.1",1.81175018314929,-2.8830917931461,0.448744872137107,-6.42479050382379,1.32051250590422e-10,5.14774240503427e-10,"ENSEMBL","gene",NA,NA,"snRNA","RNU1-72P","3","HGNC:48414",NA
"ENSG00000206145.8",5.24132793326313,2.16890339651129,0.337678332161699,6.4229865820135,1.336262753875e-10,5.20702306125669e-10,"HAVANA","gene",NA,NA,"transcribed_unprocessed_pseudogene","P2RX6P","2","HGNC:34076","OTTHUMG00000150898.1"
"ENSG00000242170.3",2.18720212824093,-2.79203810792465,0.434713735502895,-6.42270505829475,1.3387372750656e-10,5.21624128565331e-10,"ENSEMBL","gene",NA,NA,"misc_RNA","RN7SL329P","3","HGNC:46345",NA
"ENSG00000225548.7",16.3959284998497,-3.15883588041737,0.492338059338023,-6.41598962441499,1.39910975829963e-10,5.44394936409771e-10,"HAVANA","gene",NA,NA,"lncRNA","LINC01980","2","HGNC:52808","OTTHUMG00000155653.37"
"ENSG00000174453.10",4.30427823002758,-2.10794514859046,0.328600403981103,-6.41491952855812,1.40897266588588e-10,5.4814356818995e-10,"HAVANA","gene",NA,NA,"protein_coding","VWC2L","2","HGNC:37203","OTTHUMG00000154811.3"
"ENSG00000254447.3",0.571060361187018,2.03520868954809,0.317537113167623,6.40935690712076,1.46134730633191e-10,5.67735561517693e-10,"HAVANA","gene",NA,NA,"lncRNA","OR7E11P","2","HGNC:8382","OTTHUMG00000193340.1"
"ENSG00000163283.7",2.69294369405932,-2.94465989013493,0.4600367768624,-6.4009227919091,1.544406603583e-10,5.988387858341e-10,"HAVANA","gene",NA,NA,"protein_coding","ALPP","2","HGNC:439","OTTHUMG00000133255.5"
"ENSG00000279516.2",4.72373605474963,-4.55864365446779,0.712592488481732,-6.39726593832129,1.58183690562722e-10,6.12955403984147e-10,"HAVANA","gene",NA,NA,"lncRNA","FAM230C","2","HGNC:24482","OTTHUMG00000189381.2"
"ENSG00000228933.8",8.38495214146628,-2.05936985826257,0.322027272990967,-6.39501691622354,1.60529582801838e-10,6.21643413517304e-10,"HAVANA","gene",NA,NA,"lncRNA","AC107419.1","2",NA,"OTTHUMG00000021298.10"
"ENSG00000257662.1",0.409759321163273,2.35310825225941,0.367978554394335,6.39468856040389,1.60874913232119e-10,6.2287999781403e-10,"HAVANA","gene",NA,NA,"processed_pseudogene","EIF4A1P12","1","HGNC:37933","OTTHUMG00000170384.1"
"ENSG00000268902.3",2.25564828838613,-3.30782774747625,0.517565971254962,-6.39112293154752,1.64671923940964e-10,6.37169429495361e-10,"HAVANA","gene",NA,NA,"protein_coding","CSAG2","2","HGNC:16847","OTTHUMG00000022641.6"
"ENSG00000236564.1",2.7919131550578,-2.33845076008166,0.366350281995981,-6.38310075084728,1.73537648317719e-10,6.70445023054746e-10,"HAVANA","gene",NA,NA,"processed_pseudogene","YWHAQP5","1","HGNC:37684","OTTHUMG00000153115.1"
"ENSG00000224675.1",6.78569335771087,-2.16496514965029,0.340053156601601,-6.36654919273906,1.93328314704873e-10,7.4462252251069e-10,"HAVANA","gene",NA,NA,"lncRNA","AC009227.1","2",NA,"OTTHUMG00000153848.2"
"ENSG00000253539.1",2.27776008467088,-2.79612845204117,0.439315022594414,-6.36474581617624,1.95613407285291e-10,7.53181575427012e-10,"HAVANA","gene",NA,NA,"lncRNA","AC018442.2","1",NA,"OTTHUMG00000164701.1"
"ENSG00000165566.12",11.6642480846151,-2.33819838330777,0.367798616927372,-6.35727889039203,2.05358954181819e-10,7.89499879220906e-10,"HAVANA","gene",NA,NA,"protein_coding","AMER2","2","HGNC:26360","OTTHUMG00000016602.3"
"ENSG00000264026.2",2.11916434937668,-2.84180588986671,0.447770570469683,-6.34656691904927,2.20172799485773e-10,8.44959854482808e-10,"HAVANA","gene",NA,NA,"lncRNA","LINC02003","2","HGNC:27099","OTTHUMG00000178301.4"
"ENSG00000249084.1",1.25547720277759,-2.07413891287476,0.327474855403351,-6.33373487659088,2.39296569290208e-10,9.1578389924865e-10,"HAVANA","gene",NA,NA,"lncRNA","AC027627.1","2",NA,"OTTHUMG00000160720.1"
"ENSG00000243402.1",3.19127201724989,-2.10311029975215,0.332217311137286,-6.33052592157986,2.44326966280592e-10,9.34587221916422e-10,"HAVANA","gene",NA,NA,"processed_pseudogene","AC022973.2","1",NA,"OTTHUMG00000158707.1"
"ENSG00000213721.3",2.3304885104898,-2.09659680300694,0.331649765605321,-6.32171953802009,2.58668546620542e-10,9.88025996060763e-10,"HAVANA","gene",NA,NA,"processed_pseudogene","HMGN2P30","2","HGNC:39397","OTTHUMG00000155127.1"
"ENSG00000249815.1",1.8437485069298,-2.78997402152001,0.441493464734738,-6.31940049938521,2.62579950880867e-10,1.00256658006872e-09,"HAVANA","gene",NA,NA,"lncRNA","AC004704.1","2",NA,"OTTHUMG00000161756.1"
"ENSG00000207008.1",6.25045074220789,-2.0745627373637,0.328344136971832,-6.31825729095223,2.6452933994912e-10,1.0099291319597e-09,"ENSEMBL","gene",NA,NA,"snoRNA","SNORA54","3","HGNC:32647",NA
"ENSG00000151838.12",5.45721788330239,-2.08074876617963,0.32934960652546,-6.31775087916731,2.65397379460163e-10,1.01316242628975e-09,"HAVANA","gene",NA,NA,"protein_coding","CCDC175","2","HGNC:19847","OTTHUMG00000171096.3"
"ENSG00000262074.7",6.59278912682624,-2.40225807731893,0.380303739893009,-6.31668275992961,2.67237372044419e-10,1.02010536966362e-09,"HAVANA","gene",NA,NA,"snoRNA","SNORD3B-2","2","HGNC:33190","OTTHUMG00000178152.3"
"ENSG00000259170.1",0.464118707400997,2.19935903122051,0.348331453690268,6.31398344283933,2.71943046022167e-10,1.03790259977073e-09,"HAVANA","gene",NA,NA,"lncRNA","AC090985.2","2",NA,"OTTHUMG00000171741.1"
"ENSG00000287724.1",2.17234245718904,-2.09876212603108,0.332494341404114,-6.31217396713601,2.75142677224981e-10,1.049529113523e-09,"HAVANA","gene",NA,NA,"lncRNA","AC096536.3","2",NA,"OTTHUMG00000195310.1"
"ENSG00000242575.1",2.14744702669822,-2.56044860277559,0.406039462298156,-6.30591073164077,2.865041395341e-10,1.09156368390288e-09,"HAVANA","gene",NA,NA,"transcribed_processed_pseudogene","TUBAP13","1","HGNC:54880","OTTHUMG00000153825.2"
"ENSG00000287448.1",31.7349291883742,-2.98750061227391,0.474219101449701,-6.2998318775879,2.97968658612011e-10,1.13362014087997e-09,"HAVANA","gene",NA,NA,"lncRNA","AC018558.7","2",NA,"OTTHUMG00000193968.1"
"ENSG00000266357.6",1.55140658509365,-2.7085813864174,0.430296411950058,-6.29468736246811,3.08020027893116e-10,1.17111654125539e-09,"HAVANA","gene",NA,NA,"lncRNA","LINC02074","2","HGNC:52920","OTTHUMG00000178576.5"
"ENSG00000229154.2",3.19765975343608,-2.01192506813724,0.319670618660486,-6.29374409374185,3.09898570059418e-10,1.17797845854861e-09,"HAVANA","gene",NA,NA,"lncRNA","KCNQ5-AS1","2","HGNC:40323","OTTHUMG00000015018.5"
"ENSG00000270816.6",9.19592779391157,-2.90038838668019,0.46092389792469,-6.29255371600213,3.12285208532247e-10,1.18648567333703e-09,"HAVANA","gene",NA,NA,"lncRNA","LINC00221","2","HGNC:20169","OTTHUMG00000152084.5"
"ENSG00000226426.1",0.459608008916468,2.22819901044704,0.354344697223823,6.28822451106019,3.21117291755798e-10,1.21888206686898e-09,"HAVANA","gene",NA,NA,"lncRNA","AC012558.1","1",NA,"OTTHUMG00000018322.1"
"ENSG00000214888.3",1.51439469351469,-2.37632793031389,0.377948262621181,-6.28744239709786,3.22738701326378e-10,1.22474544004331e-09,"HAVANA","gene",NA,NA,"transcribed_unprocessed_pseudogene","AL772337.1","2",NA,"OTTHUMG00000168028.2"
"ENSG00000271771.1",2.31668564762057,-2.14660289656067,0.341490351322409,-6.28598403512144,3.25783425273247e-10,1.23571244595371e-09,"HAVANA","gene",NA,NA,"lncRNA","AC139792.1","2",NA,"OTTHUMG00000185454.1"
"ENSG00000286850.1",1.97413823192479,-2.09926974124594,0.334174406281446,-6.28195846775264,3.34334175199339e-10,1.26724290615509e-09,"HAVANA","gene",NA,NA,"lncRNA","AL358232.2","2",NA,"OTTHUMG00000194240.1"
"ENSG00000203523.3",1.21488504925578,-2.00697052688753,0.319598628180819,-6.27965939125387,3.39315570674857e-10,1.28541227097592e-09,"HAVANA","gene",NA,NA,"processed_pseudogene","TAS2R2P","2","HGNC:20615","OTTHUMG00000152381.1"
"ENSG00000258162.4",6.48106942302067,-2.60854109097488,0.416148787656257,-6.26828953573586,3.65035571402731e-10,1.38011791555436e-09,"HAVANA","gene",NA,NA,"lncRNA","AC069228.1","2",NA,"OTTHUMG00000170247.5"
"ENSG00000285934.1",5.50361675175144,-2.83341808669982,0.452241924965671,-6.26527071083668,3.72178266071651e-10,1.4057916057626e-09,"HAVANA","gene",NA,NA,"lncRNA","AC091074.2","2",NA,"OTTHUMG00000192999.1"
"ENSG00000249484.9",2.20451104363203,-2.3161942777898,0.370829719498835,-6.2459780217186,4.21156397858412e-10,1.58579086933327e-09,"HAVANA","gene",NA,NA,"lncRNA","LINC01470","2","HGNC:51105","OTTHUMG00000163486.7"
"ENSG00000237704.1",2.68590270456504,-3.41411765013892,0.546987241746175,-6.24167693425511,4.32904372622823e-10,1.62874575878431e-09,"HAVANA","gene",NA,NA,"processed_pseudogene","AP004289.2","1",NA,"OTTHUMG00000140384.1"
"ENSG00000285654.1",0.299687824660531,2.39248507918264,0.383700545917308,6.23529235139074,4.50935142280435e-10,1.69418935591716e-09,"HAVANA","gene",NA,NA,"lncRNA","AC090953.2","2",NA,"OTTHUMG00000193143.1"
"ENSG00000158639.13",5.19209162910977,-2.31793281305048,0.371780158517935,-6.23468670918504,4.52683124236998e-10,1.70062326371792e-09,"HAVANA","gene",NA,NA,"protein_coding","PAGE5","2","HGNC:29992","OTTHUMG00000021650.1"
"ENSG00000261963.3",3.95054961013263,-3.32830443541531,0.534038739100117,-6.23232771656918,4.59554826418459e-10,1.72535629917e-09,"HAVANA","gene",NA,NA,"unitary_pseudogene","CCDC92B","2","HGNC:52279","OTTHUMG00000178197.3"
"ENSG00000248517.1",7.54313080318315,-2.18811691699603,0.351917550196005,-6.2176976276896,5.04502546451957e-10,1.8890751856595e-09,"HAVANA","gene",NA,NA,"lncRNA","LINC02437","1","HGNC:53369","OTTHUMG00000160551.1"
"ENSG00000128610.12",3.57550300364496,-2.31945269984796,0.373517764054773,-6.20975204678039,5.30682687647569e-10,1.98446827702116e-09,"HAVANA","gene",NA,NA,"protein_coding","FEZF1","2","HGNC:22788","OTTHUMG00000157091.4"
"ENSG00000285800.1",1.66680647907508,-2.44413897749146,0.39404100686355,-6.20275284784718,5.54839394265168e-10,2.07189052059581e-09,"HAVANA","gene",NA,NA,"lncRNA","AC026462.5","2",NA,"OTTHUMG00000192953.1"
"ENSG00000214188.9",4.95152005941731,-2.1302566440552,0.343720088409798,-6.19764952904183,5.73125815962541e-10,2.13834264019666e-09,"HAVANA","gene",NA,NA,"lncRNA","ST7-OT4","1","HGNC:18835","OTTHUMG00000063631.5"
"ENSG00000250122.1",1.68463921110117,-2.157714710082,0.348297438905397,-6.19503467169644,5.82722013872895e-10,2.17279256632037e-09,"HAVANA","gene",NA,NA,"lncRNA","AC122694.1","2",NA,"OTTHUMG00000162210.1"
"ENSG00000280028.1",1.9896904582679,-2.12008771001168,0.342285452965782,-6.19391707021691,5.86871131219685e-10,2.18809306589378e-09,"HAVANA","gene",NA,NA,"TEC","AC007431.3","2",NA,"OTTHUMG00000178404.1"
"ENSG00000260969.2",2.55867936552726,-2.26523716175982,0.365927384143616,-6.19040077326046,6.00114356225647e-10,2.23555546277667e-09,"HAVANA","gene",NA,NA,"lncRNA","WWOX-AS1","2","HGNC:53169","OTTHUMG00000176958.3"
"ENSG00000232916.1",1.71834421409737,-2.16511148333595,0.349831127000015,-6.18901897582103,6.05397960176246e-10,2.25471208582431e-09,"HAVANA","gene",NA,NA,"processed_pseudogene","HMGN2P27","2","HGNC:39394","OTTHUMG00000162924.1"
"ENSG00000198183.12",14.9475065846981,-3.68730290968522,0.596066363405572,-6.18606104296533,6.16861288031404e-10,2.29651288441873e-09,"HAVANA","gene",NA,NA,"protein_coding","BPIFA1","2","HGNC:15749","OTTHUMG00000032243.4"
"ENSG00000188937.6",1.13283572267806,-2.11336473575507,0.341668215327838,-6.18542972669335,6.19335207695973e-10,2.30500658748653e-09,"HAVANA","gene",NA,NA,"protein_coding","NYX","2","HGNC:8082","OTTHUMG00000021370.1"
"ENSG00000187021.15",1.56013105609991,-2.02290095850537,0.327044773229594,-6.18539455172775,6.19473331089993e-10,2.30534156381246e-09,"HAVANA","gene",NA,NA,"protein_coding","PNLIPRP1","2","HGNC:9156","OTTHUMG00000019109.4"
"ENSG00000285016.1",1.4250046449721,-2.02320024036769,0.327188671073626,-6.18358891745497,6.26604124203837e-10,2.33079220423958e-09,"HAVANA","gene",NA,NA,"lncRNA","AC017002.3","2",NA,"OTTHUMG00000131277.4"
"ENSG00000179520.11",5.75471845027513,-2.01049305659771,0.325195104394637,-6.18242104333126,6.31258865874153e-10,2.34792424998297e-09,"HAVANA","gene",NA,NA,"protein_coding","SLC17A8","2","HGNC:20151","OTTHUMG00000170358.3"
"ENSG00000236646.1",1.83306182817084,-2.36412969370983,0.382453212954785,-6.18148733918291,6.35004539133053e-10,2.36112281489054e-09,"HAVANA","gene",NA,NA,"processed_pseudogene","LAMTOR5P1","1","HGNC:31854","OTTHUMG00000008916.2"
"ENSG00000213046.4",3.67305572290755,-2.16485938463918,0.350247452914456,-6.18094254968907,6.37200039637948e-10,2.36873478422207e-09,"HAVANA","gene",NA,NA,"unprocessed_pseudogene","EEF1A1P32","1","HGNC:37909","OTTHUMG00000035652.2"
"ENSG00000259485.2",6.23312570158741,-2.9932170809743,0.484656099896291,-6.17596081348157,6.57622980053618e-10,2.44294928854531e-09,"HAVANA","gene",NA,NA,"lncRNA","LINC02253","2","HGNC:53151","OTTHUMG00000172035.10"
"ENSG00000250753.2",2.30404083243398,-3.02287538088637,0.489713607022865,-6.17274124618151,6.71160054401564e-10,2.49130535417827e-09,"HAVANA","gene",NA,NA,"processed_pseudogene","AC119751.4","2",NA,"OTTHUMG00000160590.2"
"ENSG00000286266.1",3.7612944983137,-3.27255717372006,0.530376545223539,-6.17025244270704,6.81810475895691e-10,2.5294672371196e-09,"HAVANA","gene",NA,NA,"lncRNA","AC104370.1","2",NA,"OTTHUMG00000193501.1"
"ENSG00000287158.1",14.6925889396132,-2.86934449537612,0.465093383882034,-6.16939435135868,6.85520619293863e-10,2.54244409896029e-09,"HAVANA","gene",NA,NA,"lncRNA","AC117464.1","2",NA,"OTTHUMG00000195777.1"
"ENSG00000285711.1",4.35914097574126,-4.64996227100626,0.753859288608152,-6.1682098254589,6.90674549948971e-10,2.56076595635778e-09,"HAVANA","gene",NA,NA,"lncRNA","LINC02835","2","HGNC:54369","OTTHUMG00000193080.1"
"ENSG00000286468.1",1.68009540927396,-2.47468102098925,0.401248531747899,-6.16745190370956,6.93992116183184e-10,2.57266808157972e-09,"HAVANA","gene",NA,NA,"lncRNA","AC010251.1","2",NA,"OTTHUMG00000195484.1"
"ENSG00000258693.1",1.57836404995771,-2.34912649238456,0.380916916246998,-6.16703116136045,6.95840489690522e-10,2.57932053083736e-09,"HAVANA","gene",NA,NA,"lncRNA","AL133368.2","2",NA,"OTTHUMG00000171531.1"
"ENSG00000265713.1",3.06155505401608,-2.0698445129463,0.335690452911948,-6.16593202157354,7.00691837674171e-10,2.59609820918487e-09,"HAVANA","gene",NA,NA,"transcribed_processed_pseudogene","AC023389.2","1",NA,"OTTHUMG00000179737.1"
"ENSG00000287037.1",1.51332000851189,2.49809624612198,0.405662193710959,6.15807015011586,7.36367391254772e-10,2.72322359822587e-09,"HAVANA","gene",NA,NA,"lncRNA","AC097709.1","2",NA,"OTTHUMG00000195481.1"
"ENSG00000256571.1",2.58260876692232,-2.62873219539099,0.427108385559435,-6.15471923349813,7.52106173511123e-10,2.77949759124637e-09,"HAVANA","gene",NA,NA,"lncRNA","AC079866.2","2",NA,"OTTHUMG00000168751.1"
"ENSG00000283145.1",0.369424500381716,2.70871266484814,0.4406181863267,6.14752806149436,7.86997802871957e-10,2.90396370422023e-09,"HAVANA","gene",NA,NA,"unprocessed_pseudogene","AP000550.3","2",NA,"OTTHUMG00000191745.1"
"ENSG00000170178.7",2.73000588793738,-2.20387127124899,0.358585661197548,-6.14601059029757,7.94559810420345e-10,2.93051274189674e-09,"HAVANA","gene",NA,NA,"protein_coding","HOXD12","2","HGNC:5135","OTTHUMG00000150358.5"
"ENSG00000268170.2",1.71007059022617,-2.43821222865405,0.396872989644237,-6.14355799531661,8.06931902959936e-10,2.97385442083158e-09,"HAVANA","gene",NA,NA,"lncRNA","AC073342.1","2",NA,"OTTHUMG00000187176.1"
"ENSG00000279379.1",2.36044467317654,-3.39348891714457,0.552512405391156,-6.14192348268112,8.15281316968089e-10,3.00393200768601e-09,"HAVANA","gene",NA,NA,"TEC","AC024595.1","2",NA,"OTTHUMG00000161626.1"
"ENSG00000233420.2",2.35001991305001,-2.14030523586297,0.348936908388266,-6.13378861453494,8.58105231534552e-10,3.15710502555832e-09,"HAVANA","gene",NA,NA,"lncRNA","AC002069.2","2",NA,"OTTHUMG00000153893.2"
"ENSG00000274840.4",3.32106233705383,-3.05536457618694,0.49838284748715,-6.13055724448003,8.75718001473656e-10,3.22091581840956e-09,"HAVANA","gene",NA,NA,"lncRNA","AC132807.2","2",NA,"OTTHUMG00000189276.1"
"ENSG00000259508.1",1.21970833227133,-2.13034740879976,0.347813157600112,-6.12497647731046,9.06970046538992e-10,3.3317692784606e-09,"HAVANA","gene",NA,NA,"lncRNA","AL132801.1","2",NA,"OTTHUMG00000171914.1"
"ENSG00000285201.1",5.31981111483611,-2.94690659766122,0.481149813550352,-6.124717322275,9.08447427663195e-10,3.33668477915851e-09,"HAVANA","gene",NA,NA,"lncRNA","AC104454.2","2",NA,"OTTHUMG00000192371.1"
"ENSG00000219159.4",1.99043142913827,-2.84093011695359,0.463991639531815,-6.12280453979775,9.19424569048721e-10,3.37596804898254e-09,"HAVANA","gene",NA,NA,"lncRNA","AC011298.1","1",NA,"OTTHUMG00000152264.2"
"ENSG00000265737.1",1.55983439176001,-2.21467982783275,0.36198355188907,-6.11817806713892,9.46512677691901e-10,3.47276936653538e-09,"HAVANA","gene",NA,NA,"lncRNA","AP006565.1","2",NA,"OTTHUMG00000178842.1"
"ENSG00000221676.1",4.49419377899426,-2.29313833730717,0.37485705793014,-6.11736737723243,9.51338756438512e-10,3.48994179333607e-09,"ENSEMBL","gene",NA,NA,"snRNA","RNU6ATAC","3","HGNC:34017",NA
"ENSG00000215148.11",8.63483352143735,-3.13375614024386,0.512363429745389,-6.11627598363359,9.57873793166087e-10,3.51310827762284e-09,"HAVANA","gene",NA,NA,"protein_coding","PRSS41","2","HGNC:30715","OTTHUMG00000128932.7"
"ENSG00000243620.2",2.01635606443533,-2.17360032543916,0.355733343067082,-6.11019565019881,9.95090730817457e-10,3.64486214934743e-09,"HAVANA","gene",NA,NA,"lncRNA","AC092957.1","2",NA,"OTTHUMG00000159458.2"
"ENSG00000225222.2",2.7691175770233,-3.57576169192452,0.585230703141936,-6.11000358102758,9.96289045548314e-10,3.64869348511082e-09,"HAVANA","gene",NA,NA,"processed_pseudogene","CHCHD4P5","1","HGNC:44493","OTTHUMG00000057839.2"
"ENSG00000237265.6",3.50928302955214,-2.19898757429817,0.35993547344604,-6.10939386786458,1.00010236149667e-09,3.66237897571699e-09,"HAVANA","gene",NA,NA,"transcribed_unprocessed_pseudogene","BX276092.7","2",NA,"OTTHUMG00000022722.2"
"ENSG00000266869.2",4.56068490398002,-3.31126247660277,0.542029629946959,-6.10900639680308,1.00253310570756e-09,3.6707192276996e-09,"HAVANA","gene",NA,NA,"lncRNA","AC005993.1","2",NA,"OTTHUMG00000179238.4"
"ENSG00000254645.2",2.01019859724219,-2.70406468052143,0.4433876873694,-6.09864630333902,1.06970465780103e-09,3.90859900512869e-09,"HAVANA","gene",NA,NA,"lncRNA","AC087379.1","2",NA,"OTTHUMG00000166009.2"
"ENSG00000223349.1",5.32861614746294,-2.81228958142853,0.461283412162019,-6.09666315172147,1.08305405366991e-09,3.9552648609898e-09,"HAVANA","gene",NA,NA,"processed_pseudogene","KLF2P3","2","HGNC:49282","OTTHUMG00000154048.2"
"ENSG00000260706.5",0.367536953812564,2.47287251631569,0.405839471114181,6.09322821539938,1.10656131109583e-09,4.0389572158008e-09,"HAVANA","gene",NA,NA,"lncRNA","AC022166.1","2",NA,"OTTHUMG00000176979.2"
"ENSG00000236366.3",5.3791456219594,-2.39900915041543,0.394782733937916,-6.07678336508178,1.22617233937653e-09,4.46194111951462e-09,"HAVANA","gene",NA,NA,"lncRNA","AL359313.1","2",NA,"OTTHUMG00000015712.3"
"ENSG00000118702.9",22.7177527063892,-2.04605582482213,0.336896490987256,-6.0732476578378,1.25348908216379e-09,4.55684512682807e-09,"HAVANA","gene",NA,NA,"protein_coding","GHRH","2","HGNC:4265","OTTHUMG00000032413.3"
"ENSG00000235601.1",2.35172008490703,-3.06964082554374,0.505584443249926,-6.07147009075657,1.26744569841689e-09,4.60653341004046e-09,"HAVANA","gene",NA,NA,"lncRNA","BARX1-DT","2","HGNC:50673","OTTHUMG00000020256.1"
"ENSG00000223669.1",1.74868499228956,-2.98766060074915,0.492085168441521,-6.07142989131605,1.26776307056939e-09,4.60733738230901e-09,"HAVANA","gene",NA,NA,"lncRNA","AL357033.2","2",NA,"OTTHUMG00000032924.1"
"ENSG00000228159.2",1.48679084941846,-2.6255711553472,0.432599419751076,-6.06928959095228,1.28477294134721e-09,4.66773880487943e-09,"HAVANA","gene",NA,NA,"lncRNA","LINC01674","1","HGNC:52462","OTTHUMG00000074207.4"
"ENSG00000275356.5",2.10278056594238,-2.25837750311433,0.37242780345898,-6.06393368631264,1.328319405705e-09,4.8219262560484e-09,"HAVANA","gene",NA,NA,"lncRNA","C7orf77","2","HGNC:51256","OTTHUMG00000189249.2"
"ENSG00000170516.17",6.81587796338009,-5.24433264625068,0.864987419677605,-6.06290048496351,1.33688389742287e-09,4.85191330395648e-09,"HAVANA","gene",NA,NA,"protein_coding","COX7B2","2","HGNC:24381","OTTHUMG00000099423.5"
"ENSG00000233052.1",7.60243790155369,-2.40395866638248,0.396602206651724,-6.0613850000424,1.34954362702211e-09,4.89637524957433e-09,"HAVANA","gene",NA,NA,"lncRNA","AL513304.1","1",NA,"OTTHUMG00000017541.1"
"ENSG00000134365.13",3.41645764544628,-3.44558299826349,0.568907357109396,-6.05649224817624,1.39121841652332e-09,5.0429957127663e-09,"HAVANA","gene",NA,NA,"protein_coding","CFHR4","2","HGNC:16979","OTTHUMG00000036647.4"
"ENSG00000186367.7",1.50428164433947,-2.10377539431689,0.347428566555746,-6.05527465738582,1.40178280360648e-09,5.07975297789778e-09,"HAVANA","gene",NA,NA,"protein_coding","MINAR2","1","HGNC:33914","OTTHUMG00000163041.5"
"ENSG00000213050.5",2.26340741855694,-2.33458535710104,0.385637122697354,-6.05383978796358,1.41433279289407e-09,5.12213199089537e-09,"HAVANA","gene",NA,NA,"processed_pseudogene","TPM3P1","1","HGNC:16350","OTTHUMG00000033986.2"
"ENSG00000235338.1",1.56513986199261,-2.67035968556489,0.441105037464898,-6.05379548805853,1.41472199665905e-09,5.1231542600102e-09,"HAVANA","gene",NA,NA,"processed_pseudogene","DUSP5P2","1","HGNC:44482","OTTHUMG00000155065.1"
"ENSG00000201793.1",3.53206488804053,-3.62130958432435,0.598309183365188,-6.05257229039392,1.42550992296597e-09,5.16105043522252e-09,"ENSEMBL","gene",NA,NA,"misc_RNA","RN7SKP9","3","HGNC:42627",NA
"ENSG00000235221.3",2.42376230640483,-3.58438488235832,0.59290107740567,-6.0455023931519,1.48945139531643e-09,5.38929207383203e-09,"HAVANA","gene",NA,NA,"lncRNA","LINC00383","2","HGNC:42710","OTTHUMG00000017053.4"
"ENSG00000273838.2",2.45213931170715,-2.11940110005855,0.350969633546191,-6.03870220521405,1.55358657574208e-09,5.6107592977388e-09,"HAVANA","gene",NA,NA,"lncRNA","AL096677.1","2",NA,"OTTHUMG00000186737.2"
"ENSG00000153266.13",3.39636373000685,2.60071569522859,0.430851060742494,6.03622906427741,1.57757273222465e-09,5.69438029088246e-09,"HAVANA","gene",NA,NA,"protein_coding","FEZF2","2","HGNC:13506","OTTHUMG00000158705.2"
"ENSG00000205927.5",2.29979844766844,-2.34670179941954,0.388888856134276,-6.03437656390253,1.59577553901368e-09,5.7574821955076e-09,"HAVANA","gene",NA,NA,"protein_coding","OLIG2","2","HGNC:9398","OTTHUMG00000065032.6"
"ENSG00000285523.1",1.85106968328249,-2.09678112121705,0.34766527978352,-6.03103399488912,1.62913909426382e-09,5.8743173030917e-09,"HAVANA","gene",NA,NA,"lncRNA","AC005906.3","2",NA,"OTTHUMG00000192989.1"
"ENSG00000227475.1",0.913170240450297,2.22685417952584,0.369677204783537,6.0237800727523,1.70389860764734e-09,6.13557176192291e-09,"HAVANA","gene",NA,NA,"lncRNA","AL355300.1","2",NA,"OTTHUMG00000017960.1"
"ENSG00000187533.14",27.0306363013984,-3.8577585866386,0.640562819186608,-6.02245161768398,1.71794733062274e-09,6.18569492034688e-09,"HAVANA","gene",NA,NA,"protein_coding","PRR27","2","HGNC:33193","OTTHUMG00000129402.6"
"ENSG00000234800.2",1.85495301212804,-2.60156151470519,0.432209295081475,-6.01921694954471,1.75262838154776e-09,6.30630309875726e-09,"HAVANA","gene",NA,NA,"processed_pseudogene","PCMTD1P3","1","HGNC:38806","OTTHUMG00000152551.1"
"ENSG00000236863.2",2.23117781827619,-2.74838398165074,0.457607878406441,-6.00598047223668,1.9017908197893e-09,6.82507851506408e-09,"HAVANA","gene",NA,NA,"processed_pseudogene","RPL23AP23","1","HGNC:36272","OTTHUMG00000039622.2"
"ENSG00000252906.1",3.61928459709584,-2.64912646562239,0.441292171065286,-6.00311231270511,1.93570619155122e-09,6.94419196085504e-09,"ENSEMBL","gene",NA,NA,"scaRNA","SCARNA3","3","HGNC:32577",NA
"ENSG00000124260.12",6.39975830822203,-3.63077114007646,0.604967181418883,-6.00160017203064,1.95382343032643e-09,7.0076119588965e-09,"HAVANA","gene",NA,NA,"protein_coding","MAGEA10","2","HGNC:6797","OTTHUMG00000024180.6"
"ENSG00000139797.8",2.4755872283942,-2.1161640126469,0.352608628729316,-6.00145271621074,1.95559894087069e-09,7.0124051535899e-09,"HAVANA","gene",NA,NA,"protein_coding","RNF113B","2","HGNC:17267","OTTHUMG00000017245.4"
"ENSG00000168131.4",1.04841059937038,-2.40525029419309,0.400882036110402,-5.99989542442527,1.97444646671547e-09,7.07839944779542e-09,"HAVANA","gene",NA,NA,"protein_coding","OR2B2","2","HGNC:13966","OTTHUMG00000014495.2"
"ENSG00000287861.1",6.10310521081278,-4.98115144296762,0.830386692593993,-5.99859256824952,1.99035048195323e-09,7.13221328275086e-09,"HAVANA","gene",NA,NA,"lncRNA","AL137001.2","2",NA,"OTTHUMG00000194037.1"
"ENSG00000257275.6",4.19087438567297,-2.29407268720955,0.38271890180526,-5.99414524965598,2.04558480736823e-09,7.32411390187667e-09,"HAVANA","gene",NA,NA,"lncRNA","AL139020.1","2",NA,"OTTHUMG00000171391.1"
"ENSG00000206013.2",8.95159252980272,-2.06960512381928,0.345756605627143,-5.98572837116264,2.15423624925051e-09,7.70334816402389e-09,"HAVANA","gene",NA,NA,"protein_coding","IFITM5","2","HGNC:16644","OTTHUMG00000165355.1"
"ENSG00000279773.1",8.11307729608315,-2.46374559104195,0.41188971538814,-5.98156617899593,2.21002231659185e-09,7.89752884224028e-09,"HAVANA","gene",NA,NA,"TEC","AL050303.3","2",NA,"OTTHUMG00000187360.1"
"ENSG00000258927.2",2.27964182592916,-2.71561173620337,0.454016210178629,-5.98131008391735,2.21350034998219e-09,7.90936767360135e-09,"HAVANA","gene",NA,NA,"lncRNA","AL133467.2","2",NA,"OTTHUMG00000171639.5"
"ENSG00000239620.3",1.32222932867041,-2.65593286160317,0.444361786176979,-5.97696054031383,2.27339236896338e-09,8.11369401050622e-09,"HAVANA","gene",NA,NA,"protein_coding","PRR20G","2","HGNC:53837","OTTHUMG00000159594.2"
"ENSG00000236968.1",1.30595366841959,-2.09183238028702,0.349997023428511,-5.97671477258803,2.27682323251132e-09,8.12533341300689e-09,"HAVANA","gene",NA,NA,"lncRNA","AL451164.1","2",NA,"OTTHUMG00000017561.1"
"ENSG00000237138.1",1.46843413289989,-2.08829704013594,0.349567890147399,-5.97393839364191,2.31593288426588e-09,8.26121245515438e-09,"HAVANA","gene",NA,NA,"lncRNA","HUNK-AS1","2","HGNC:40631","OTTHUMG00000085305.1"
"ENSG00000223760.4",3.98544994521428,-2.26052889667236,0.378616558708843,-5.97049665334555,2.36532435561154e-09,8.43425795455113e-09,"HAVANA","gene",NA,NA,"transcribed_unprocessed_pseudogene","MED15P9","1","HGNC:44130","OTTHUMG00000153627.2"
"ENSG00000230258.6",0.809276360208363,2.49987384094259,0.418968332713195,5.96673697210877,2.42045114118458e-09,8.6250512587693e-09,"HAVANA","gene",NA,NA,"lncRNA","AC005208.1","2",NA,"OTTHUMG00000132246.3"
"ENSG00000207233.1",3.08378476253352,-2.45728492567344,0.412490071465415,-5.95719775010262,2.56599682026371e-09,9.12604169392282e-09,"ENSEMBL","gene",NA,NA,"snoRNA","SNORA37","3","HGNC:32630",NA
"ENSG00000286538.1",1.80340230160796,-2.41484715230249,0.405773479651575,-5.95121976521493,2.66151421311706e-09,9.45452257362187e-09,"HAVANA","gene",NA,NA,"lncRNA","AC008798.2","2",NA,"OTTHUMG00000195690.1"
"ENSG00000242595.1",2.20619935561008,-2.6414394482839,0.443889133820994,-5.95067382151576,2.67040798834402e-09,9.48541271660454e-09,"HAVANA","gene",NA,NA,"processed_pseudogene","RPL26P26","1","HGNC:35693","OTTHUMG00000158617.1"
"ENSG00000232767.2",1.99674305581076,-2.13250142731789,0.358822400379789,-5.94305546437675,2.79757722804487e-09,9.92241079328025e-09,"HAVANA","gene",NA,NA,"lncRNA","AC016825.1","2",NA,"OTTHUMG00000019106.3"
"ENSG00000254456.6",0.611389977425107,2.75838214891072,0.464406144973466,5.93959011689718,2.85735574243583e-09,1.01284339760358e-08,"HAVANA","gene",NA,NA,"lncRNA","LINC02699","2","HGNC:54213","OTTHUMG00000166089.4"
"ENSG00000226899.1",3.51300046622015,-2.24519824828598,0.378108751643778,-5.93796953528654,2.88573647336971e-09,1.02267648819545e-08,"HAVANA","gene",NA,NA,"lncRNA","AL731577.1","2",NA,"OTTHUMG00000019221.1"
"ENSG00000285536.1",0.833518352470067,2.02863901122101,0.341734960936704,5.93629345285734,2.91537788684163e-09,1.03287550512891e-08,"HAVANA","gene",NA,NA,"lncRNA","LINC02838","2","HGNC:54372","OTTHUMG00000193057.1"
"ENSG00000230988.3",2.81803651295519,-2.34922637100336,0.39590160662354,-5.93386420186272,2.95886590838928e-09,1.04750805934331e-08,"HAVANA","gene",NA,NA,"processed_pseudogene","RPL23AP11","1","HGNC:19808","OTTHUMG00000158134.1"
"ENSG00000275816.1",0.247945656192,2.78107839308862,0.468968407367377,5.93020414466853,3.02558276375564e-09,1.06986250063866e-08,"ENSEMBL","gene",NA,NA,"miRNA","MIR6500","3","HGNC:49935",NA
"ENSG00000269806.1",2.21278295353157,-2.09177349953058,0.353187654155393,-5.92255554496323,3.16976690049108e-09,1.11960728548015e-08,"HAVANA","gene",NA,NA,"lncRNA","BICRA-AS1","2","HGNC:51588","OTTHUMG00000183264.1"
"ENSG00000253622.1",2.59533041222812,-2.52147111389423,0.425870542218097,-5.92074554103095,3.20485407185929e-09,1.13133332289109e-08,"HAVANA","gene",NA,NA,"lncRNA","AC027419.2","2",NA,"OTTHUMG00000164964.1"
"ENSG00000230967.2",1.44105794284007,-2.09693057508038,0.35434459517136,-5.91777214512417,3.26331619634683e-09,1.15129218679659e-08,"HAVANA","gene",NA,NA,"lncRNA","AL133387.2","2",NA,"OTTHUMG00000018931.2"
"ENSG00000264061.1",6.3590505951795,-2.03908864503108,0.344729434101446,-5.91504073432565,3.31793459110735e-09,1.16987228628167e-08,"HAVANA","gene",NA,NA,"unprocessed_pseudogene","FGF7P1","2","HGNC:21455","OTTHUMG00000178809.1"
"ENSG00000225298.5",3.07281510246576,-2.33995189959638,0.395697028522498,-5.91349373618896,3.34926270101522e-09,1.18039705756686e-08,"HAVANA","gene",NA,NA,"lncRNA","LINC00113","2","HGNC:1264","OTTHUMG00000078708.1"
"ENSG00000200816.1",3.55415784462997,-2.33339223600082,0.394750871236639,-5.91105024972075,3.39933303876995e-09,1.19733896403079e-08,"ENSEMBL","gene",NA,NA,"snoRNA","SNORA38","3","HGNC:32631",NA
"ENSG00000183303.2",0.690348134902567,2.07156018712469,0.350844730023819,5.90449281362743,3.53733289949846e-09,1.24448244393429e-08,"HAVANA","gene",NA,NA,"protein_coding","OR5P2","2","HGNC:14783","OTTHUMG00000165668.1"
"ENSG00000102195.10",1.21398125350212,2.47917022149375,0.420042875610908,5.90218371847888,3.58721371150451e-09,1.26138281774812e-08,"HAVANA","gene",NA,NA,"protein_coding","GPR50","2","HGNC:4506","OTTHUMG00000024166.2"
"ENSG00000248498.4",10.2313530847835,-2.79488133878897,0.473719030098801,-5.89987136089098,3.63785091800453e-09,1.27890693778689e-08,"HAVANA","gene",NA,NA,"transcribed_unprocessed_pseudogene","ASNSP1","2","HGNC:754","OTTHUMG00000165535.2"
"ENSG00000232467.2",1.58107257868477,-2.36398191712384,0.4008390481529,-5.89758390061365,3.68862724156409e-09,1.29599685496726e-08,"HAVANA","gene",NA,NA,"processed_pseudogene","TMA16P2","1","HGNC:43781","OTTHUMG00000008005.2"
"ENSG00000217482.2",0.987855156832124,-2.31872274352022,0.393182678991851,-5.89731660984047,3.69460530486872e-09,1.29800205438337e-08,"HAVANA","gene",NA,NA,"processed_pseudogene","HMGB1P17","1","HGNC:39099","OTTHUMG00000015635.2"
"ENSG00000269495.1",0.644112174234289,2.57044762706406,0.436663164190903,5.88656849914709,3.94296379301938e-09,1.38140691278653e-08,"HAVANA","gene",NA,NA,"lncRNA","AC011483.2","2",NA,"OTTHUMG00000183100.1"
"ENSG00000225711.1",2.24708304272019,-2.47742823350702,0.421570499096761,-5.87666413758802,4.18616320962012e-09,1.4636143864329e-08,"HAVANA","gene",NA,NA,"processed_pseudogene","AL512326.3","1",NA,"OTTHUMG00000041098.1"
"ENSG00000242317.1",2.64322500588699,2.19555540999658,0.37367229898964,5.87561726125556,4.21270636901342e-09,1.47246488757156e-08,"HAVANA","gene",NA,NA,"lncRNA","AC121764.1","2",NA,"OTTHUMG00000158383.1"
"ENSG00000203864.3",1.06961506933694,-2.10831760259017,0.358972127061288,-5.87320698085902,4.27444234247309e-09,1.49306308419281e-08,"HAVANA","gene",NA,NA,"lncRNA","LINC02868","2","HGNC:32040","OTTHUMG00000022754.1"
"ENSG00000279796.1",0.629800161395473,2.15162967956035,0.366354082362389,5.87308776712909,4.27751857954086e-09,1.49402868809362e-08,"HAVANA","gene",NA,NA,"TEC","AL133384.2","2",NA,"OTTHUMG00000176203.1"
"ENSG00000272046.1",3.05134930177485,-3.82253105550892,0.651473543929209,-5.8675154058509,4.42373916031638e-09,1.54363687669889e-08,"HAVANA","gene",NA,NA,"lncRNA","AL445647.1","2",NA,"OTTHUMG00000185728.1"
"ENSG00000099399.6",5.92068631101707,-2.85335895606915,0.486752928214522,-5.86202730517856,4.57249809420171e-09,1.59380417383197e-08,"HAVANA","gene",NA,NA,"protein_coding","MAGEB2","2","HGNC:6809","OTTHUMG00000021319.2"
"ENSG00000230945.1",1.40464409287696,-2.40790848472015,0.410877979578523,-5.86039798771931,4.61759134207039e-09,1.60881973091842e-08,"HAVANA","gene",NA,NA,"lncRNA","LINC01507","1","HGNC:51189","OTTHUMG00000020075.1"
"ENSG00000235009.1",3.15708969678116,2.14962138291126,0.367030104296134,5.85679855071741,4.71874928410589e-09,1.64334722833113e-08,"HAVANA","gene",NA,NA,"lncRNA","LINC01883","1","HGNC:52702","OTTHUMG00000153433.1"
"ENSG00000230569.1",2.02265180502998,-2.15697246988778,0.368385123186702,-5.85521057753084,4.76405991726297e-09,1.65864479787856e-08,"HAVANA","gene",NA,NA,"lncRNA","AC114763.2","2",NA,"OTTHUMG00000153617.1"
"ENSG00000286405.1",0.346938552043309,3.31535853895085,0.566940729427456,5.84780448266431,4.98103522444349e-09,1.73204672378493e-08,"HAVANA","gene",NA,NA,"lncRNA","AL132799.1","2",NA,"OTTHUMG00000194703.1"
"ENSG00000254984.1",1.8425469728838,-2.12797523733898,0.364055779401188,-5.84519009927311,5.0599009650179e-09,1.75825791669992e-08,"HAVANA","gene",NA,NA,"processed_pseudogene","FTLP6","2","HGNC:37954","OTTHUMG00000167166.1"
"ENSG00000265786.1",3.69705303012328,-2.22023838688528,0.380187503539832,-5.8398510372203,5.22475171785715e-09,1.81363465296722e-08,"HAVANA","gene",NA,NA,"lncRNA","LINC01906","2","HGNC:52725","OTTHUMG00000178808.1"
"ENSG00000234427.1",2.14377003363385,-2.01343644314389,0.344804730137343,-5.83935273260867,5.24040148473085e-09,1.81893526866228e-08,"HAVANA","gene",NA,NA,"lncRNA","AL022724.2","2",NA,"OTTHUMG00000014261.1"
"ENSG00000250250.2",3.61290185255563,-2.82998233347771,0.484677963360468,-5.83889210447346,5.25490854227064e-09,1.82370639811798e-08,"HAVANA","gene",NA,NA,"lncRNA","CTD-2350J17.1","1",NA,"OTTHUMG00000161797.3"
"ENSG00000285577.1",1.74548181080821,-2.16848723391771,0.37247281522843,-5.82186711421564,5.81938122786801e-09,2.01275306545738e-08,"HAVANA","gene",NA,NA,"lncRNA","AC019127.1","2",NA,"OTTHUMG00000192830.1"
"ENSG00000248335.1",2.01653937341169,-2.4020079443981,0.412704985911551,-5.82015731913858,5.87922637841098e-09,2.03271801825554e-08,"HAVANA","gene",NA,NA,"lncRNA","AC096733.1","1",NA,"OTTHUMG00000161425.1"
"ENSG00000274520.1",3.7093649838466,-2.24400201198283,0.385933181919049,-5.81448322433576,6.08214844806303e-09,2.10014942087712e-08,"ENSEMBL","gene",NA,NA,"misc_RNA","AC012354.2","3",NA,NA
"ENSG00000255321.1",2.62549280839294,-2.69087237848196,0.462876202615433,-5.81337377743223,6.12261417898786e-09,2.11366511972408e-08,"HAVANA","gene",NA,NA,"lncRNA","AC068389.3","2",NA,"OTTHUMG00000165328.1"
"ENSG00000266599.1",1.55734722808692,-2.23656323680812,0.385332870107036,-5.8042368308389,6.46598298406405e-09,2.22770922455421e-08,"HAVANA","gene",NA,NA,"lncRNA","AC079336.4","2",NA,"OTTHUMG00000179596.1"
"ENSG00000287391.1",1.70533615224509,-2.69204158008845,0.463940600534829,-5.80255657078745,6.53113480604038e-09,2.24950876029759e-08,"HAVANA","gene",NA,NA,"lncRNA","AC103871.1","2",NA,"OTTHUMG00000195869.1"
"ENSG00000258873.3",0.412500045980802,2.05982400521707,0.355777954518605,5.78963361573141,7.0540123564528e-09,2.42489583122375e-08,"HAVANA","gene",NA,NA,"protein_coding","DUXA","2","HGNC:32179","OTTHUMG00000170714.4"
"ENSG00000233681.1",0.53288863018826,2.19144824078589,0.378558986867598,5.78892145427353,7.08398117190815e-09,2.43502323106701e-08,"HAVANA","gene",NA,NA,"unprocessed_pseudogene","CEACAMP1","2","HGNC:1821","OTTHUMG00000151128.2"
"ENSG00000276213.1",4.43823563415559,-4.31684837241507,0.746010275415186,-5.78658031219819,7.18337506155927e-09,2.46759517601853e-08,"ENSEMBL","gene",NA,NA,"misc_RNA","Metazoa_SRP","3",NA,NA
"ENSG00000231918.1",0.609854700379817,2.15787736276245,0.373088984359556,5.78381419238805,7.30256004384685e-09,2.50709890147404e-08,"HAVANA","gene",NA,NA,"lncRNA","AC007402.1","2",NA,"OTTHUMG00000144189.3"
"ENSG00000228625.1",1.7689695332022,-2.57375532537239,0.445071048098246,-5.78279655881875,7.3468893170007e-09,2.5219564890557e-08,"HAVANA","gene",NA,NA,"lncRNA","AL451047.1","2",NA,"OTTHUMG00000037619.1"
"ENSG00000225156.2",3.59817629833316,-2.05625613050547,0.355778579502588,-5.77959508799071,7.48806231777811e-09,2.56949624441161e-08,"HAVANA","gene",NA,NA,"lncRNA","AC012354.1","2",NA,"OTTHUMG00000152422.2"
"ENSG00000231221.1",0.485646799142415,2.77066374988991,0.479578188109918,5.77729308501179,7.59119880297523e-09,2.60395456898792e-08,"HAVANA","gene",NA,NA,"lncRNA","LINC01593","1","HGNC:51583","OTTHUMG00000153366.1"
"ENSG00000212342.1",1.99915659544695,-2.50719466768314,0.435786131928549,-5.75326859665697,8.75342399514199e-09,2.98701241885508e-08,"ENSEMBL","gene",NA,NA,"snoRNA","AC103725.1","3",NA,NA
"ENSG00000269189.1",3.51539170998962,-2.23891953470639,0.389904924344225,-5.74221917938583,9.3443762575702e-09,3.17893251793076e-08,"HAVANA","gene",NA,NA,"lncRNA","AL445223.1","2",NA,"OTTHUMG00000182539.1"
"ENSG00000239224.3",1.84925359149266,-2.97780513719365,0.519341337929329,-5.7338111174945,9.81986851274252e-09,3.33690262036665e-08,"ENSEMBL","gene",NA,NA,"misc_RNA","RN7SL546P","3","HGNC:46562",NA
"ENSG00000267284.2",6.01084436894287,-2.02592476448956,0.353387989993063,-5.73286252464134,9.8749671248743e-09,3.35467400519555e-08,"HAVANA","gene",NA,NA,"lncRNA","AC022031.2","2",NA,"OTTHUMG00000179870.2"
"ENSG00000236549.1",3.29087929272278,-2.49310964291362,0.434981976741679,-5.73152400839402,9.95322572761403e-09,3.38054051190974e-08,"HAVANA","gene",NA,NA,"processed_pseudogene","RPS27AP7","1","HGNC:35735","OTTHUMG00000151835.1"
"ENSG00000232537.2",1.13765817862111,-2.01901950067964,0.352509796940586,-5.72755571108267,1.01887982882996e-08,3.45687505128839e-08,"HAVANA","gene",NA,NA,"lncRNA","AC092810.2","2",NA,"OTTHUMG00000036133.15"
"ENSG00000197079.8",2.62173900442327,-2.14621044136543,0.37474815350521,-5.72707409306978,1.02177550231529e-08,3.46620861827697e-08,"HAVANA","gene",NA,NA,"protein_coding","KRT35","2","HGNC:6453","OTTHUMG00000133425.2"
"ENSG00000285555.1",2.52322764705659,-2.5555887941117,0.446278503234701,-5.72644385868547,1.02557679900792e-08,3.47811881082109e-08,"HAVANA","gene",NA,NA,"lncRNA","AC005293.1","2",NA,"OTTHUMG00000193273.1"
"ENSG00000276359.1",2.39674870254634,-2.83135458263969,0.4953355647564,-5.71603329963217,1.09039379351681e-08,3.69166607641796e-08,"ENSEMBL","gene",NA,NA,"misc_RNA","Metazoa_SRP","3",NA,NA
"ENSG00000204933.3",2.23049667883699,-2.47458462927414,0.43361721556548,-5.706841288686,1.15092006187897e-08,3.88971361206417e-08,"HAVANA","gene",NA,NA,"unprocessed_pseudogene","CD177P1","2","HGNC:34508","OTTHUMG00000185322.1"
"ENSG00000254879.1",1.99056301398302,-2.20877279817471,0.387465845351169,-5.70056128733838,1.1941359068677e-08,4.03165998479182e-08,"HAVANA","gene",NA,NA,"lncRNA","PTPRJ-AS1","2","HGNC:50634","OTTHUMG00000166634.1"
"ENSG00000235578.1",1.11836436500838,-2.16257754559867,0.379377954172631,-5.70032476007981,1.19579400677394e-08,4.03681587264231e-08,"HAVANA","gene",NA,NA,"lncRNA","AC007731.2","1",NA,"OTTHUMG00000150605.1"
"ENSG00000250968.1",0.32480112893524,3.60091000340716,0.631739626808549,5.69999070914452,1.19813957723957e-08,4.04387933395898e-08,"HAVANA","gene",NA,NA,"lncRNA","LINC02382","2","HGNC:53305","OTTHUMG00000160872.1"
"ENSG00000248521.1",1.59489963421983,-2.31973945211513,0.407598677339622,-5.69123400315223,1.26124518204434e-08,4.25147798999116e-08,"HAVANA","gene",NA,NA,"processed_pseudogene","AC092612.1","1",NA,"OTTHUMG00000161450.1"
"ENSG00000229964.1",1.14379147165919,-2.55127758198473,0.448793006017086,-5.68475343371907,1.31001523070237e-08,4.40997960251198e-08,"HAVANA","gene",NA,NA,"lncRNA","AC080129.1","1",NA,"OTTHUMG00000155980.1"
"ENSG00000105550.10",3.03231376208992,-3.1143819485396,0.547869431791453,-5.6845331530106,1.31170476372005e-08,4.4150467352696e-08,"HAVANA","gene",NA,NA,"protein_coding","FGF21","2","HGNC:3678","OTTHUMG00000183326.3"
"ENSG00000256513.1",1.71371786114763,3.60406652073532,0.634012454536294,5.6845358398697,1.31168414300695e-08,4.4150467352696e-08,"HAVANA","gene",NA,NA,"lncRNA","AC022081.1","2",NA,"OTTHUMG00000169144.1"
"ENSG00000228153.1",1.25675833531688,-2.17408992426283,0.383098667239632,-5.67501301930376,1.38678108214406e-08,4.66054164180148e-08,"HAVANA","gene",NA,NA,"lncRNA","AL161793.1","1",NA,"OTTHUMG00000037030.1"
"ENSG00000248505.2",1.47249444218097,-2.65212183355982,0.467410224807228,-5.67407748654541,1.39438010371569e-08,4.68509367901107e-08,"HAVANA","gene",NA,NA,"lncRNA","LINC02380","2","HGNC:53303","OTTHUMG00000160663.9"
"ENSG00000252210.1",0.396065533091041,2.09761997046248,0.369876586616841,5.67113476862332,1.41854749167193e-08,4.76362306904059e-08,"ENSEMBL","gene",NA,NA,"misc_RNA","Y_RNA","3",NA,NA
"ENSG00000248590.2",3.06185271837619,-2.16372319664294,0.38157599860168,-5.67049081853183,1.4238900092914e-08,4.78022355442162e-08,"HAVANA","gene",NA,NA,"transcribed_processed_pseudogene","GLDCP1","1","HGNC:4314","OTTHUMG00000160768.4"
"ENSG00000258406.1",1.6953176818575,-3.17848448799848,0.561408486573592,-5.66162529426216,1.49945963149542e-08,5.02652609466453e-08,"HAVANA","gene",NA,NA,"processed_pseudogene","TUBBP3","2","HGNC:18192","OTTHUMG00000170705.1"
"ENSG00000242651.3",1.76663986400969,-2.03613935695803,0.359749617504816,-5.65987914338999,1.51479634236462e-08,5.07651740085961e-08,"ENSEMBL","gene",NA,NA,"misc_RNA","RN7SL862P","3","HGNC:46878",NA
"ENSG00000259094.1",6.52461760521519,-2.99852999805685,0.531188299987619,-5.64494737200863,1.65231785005902e-08,5.52271160850618e-08,"HAVANA","gene",NA,NA,"lncRNA","AC013457.1","2",NA,"OTTHUMG00000170897.1"
"ENSG00000270606.1",1.69417417402422,-2.08153469712401,0.368865108383525,-5.64307832271234,1.67036311419683e-08,5.58069015349863e-08,"HAVANA","gene",NA,NA,"processed_pseudogene","PPIAP52","1","HGNC:53676","OTTHUMG00000184909.1"
"ENSG00000288076.1",2.86492161407318,-2.59407266623321,0.459837223950023,-5.64128463535424,1.68786066787272e-08,5.63718400821066e-08,"HAVANA","gene",NA,NA,"lncRNA","AC018398.2","2",NA,"OTTHUMG00000195518.1"
"ENSG00000253877.6",3.61009921633894,-2.59425821468874,0.45989981406614,-5.64092033817532,1.69143609844896e-08,5.64833787388928e-08,"HAVANA","gene",NA,NA,"lncRNA","LINC01608","2","HGNC:51662","OTTHUMG00000164908.26"
"ENSG00000231039.2",1.17589614137988,-2.03940615407491,0.361763339078636,-5.63740416391837,1.72632620645145e-08,5.75882805675315e-08,"HAVANA","gene",NA,NA,"lncRNA","AL355303.1","2",NA,"OTTHUMG00000017587.2"
"ENSG00000261296.1",0.600851917289512,2.06951160658037,0.367603710288046,5.62973536082849,1.80486330671293e-08,6.00952123320707e-08,"HAVANA","gene",NA,NA,"lncRNA","AC126323.6","2",NA,"OTTHUMG00000173105.2"
"ENSG00000120563.10",1.52104322333846,-2.01487216016447,0.358458018679039,-5.62094319326296,1.89917718752907e-08,6.31126996285758e-08,"HAVANA","gene",NA,NA,"protein_coding","LYZL1","2","HGNC:30502","OTTHUMG00000017880.5"
"ENSG00000168619.16",1.43305919878558,-2.59649109077138,0.462009100207691,-5.61999988659131,1.90957584303187e-08,6.34412391437038e-08,"HAVANA","gene",NA,NA,"protein_coding","ADAM18","2","HGNC:196","OTTHUMG00000164040.3"
"ENSG00000135226.18",141.213835033341,2.08575076205314,0.371266878514314,5.61792845728553,1.93260484851456e-08,6.41879364244941e-08,"HAVANA","gene",NA,NA,"protein_coding","UGT2B28","2","HGNC:13479","OTTHUMG00000129401.3"
"ENSG00000260532.1",1.63381586297358,-2.72998317941168,0.486090337906399,-5.6162053974777,1.95196611322652e-08,6.47995402471471e-08,"HAVANA","gene",NA,NA,"lncRNA","AL031598.1","2",NA,"OTTHUMG00000172991.1"
"ENSG00000169059.12",2.32258115341831,-2.58584904449232,0.460639623120509,-5.61360533202728,1.98153886770358e-08,6.57311688372765e-08,"HAVANA","gene",NA,NA,"protein_coding","VCX3A","2","HGNC:18159","OTTHUMG00000021097.1"
"ENSG00000208892.1",3.43316543888246,-2.49244363276651,0.444271702734987,-5.61017867539785,2.02117826169812e-08,6.70089616759786e-08,"ENSEMBL","gene",NA,NA,"snoRNA","SNORA49","3","HGNC:32642",NA
"ENSG00000189186.10",2.1503471512539,-3.36721926117532,0.600621111376192,-5.60622861467535,2.06782794219076e-08,6.84986771142636e-08,"HAVANA","gene",NA,NA,"protein_coding","DCAF8L2","2","HGNC:31811","OTTHUMG00000021305.5"
"ENSG00000200488.1",10.7485597407927,-2.62413978711909,0.468261052613606,-5.60401035378111,2.09448188051983e-08,6.93528418658547e-08,"ENSEMBL","gene",NA,NA,"misc_RNA","RN7SKP203","3","HGNC:45927",NA
"ENSG00000229613.2",2.48118941012214,-2.15266450092675,0.385127559316721,-5.58948444184553,2.27744769676054e-08,7.52085188529069e-08,"HAVANA","gene",NA,NA,"lncRNA","LINC01501","2","HGNC:27988","OTTHUMG00000020197.15"
"ENSG00000236117.1",9.08145265204486,-3.18113751559674,0.569533865247539,-5.58551073027785,2.33014399434671e-08,7.68957148155057e-08,"HAVANA","gene",NA,NA,"lncRNA","LINC01639","1","HGNC:52426","OTTHUMG00000150565.1"
"ENSG00000249395.4",19.1811517078786,-2.09352344914623,0.374967969381425,-5.58320608717555,2.36124662744265e-08,7.78792000005351e-08,"HAVANA","gene",NA,NA,"lncRNA","CASC9","2","HGNC:48906","OTTHUMG00000164547.4"
"ENSG00000230826.1",2.78347592569748,-2.61428515892197,0.468298400016735,-5.58251994631746,2.37058412147525e-08,7.81495116355047e-08,"HAVANA","gene",NA,NA,"lncRNA","AL390774.2","2",NA,"OTTHUMG00000020640.1"
"ENSG00000257046.5",1.44209524735098,3.46431825550682,0.620766133572345,5.58071400508044,2.39533228720127e-08,7.89273520493899e-08,"HAVANA","gene",NA,NA,"protein_coding","SLCO1B3-SLCO1B7","2","HGNC:54403","OTTHUMG00000169018.1"
"ENSG00000223584.1",2.07648607800958,-2.61308405707518,0.468867558864638,-5.5731816110348,2.50128575894915e-08,8.23053576313556e-08,"HAVANA","gene",NA,NA,"processed_pseudogene","TVP23CP1","1","HGNC:44646","OTTHUMG00000033493.2"
"ENSG00000171360.4",2.53320538818647,-2.4140495116756,0.433482983465159,-5.56896026777861,2.56263908424931e-08,8.42605439066533e-08,"HAVANA","gene",NA,NA,"protein_coding","KRT38","2","HGNC:6456","OTTHUMG00000133439.2"
"ENSG00000270799.1",2.21334897571568,-2.82981912552213,0.508317254750379,-5.56703338137081,2.59112771690672e-08,8.51621931241004e-08,"HAVANA","gene",NA,NA,"processed_pseudogene","AC013467.1","1",NA,"OTTHUMG00000184260.1"
"ENSG00000231564.1",1.34840412802171,-2.33415159162908,0.419458975402992,-5.56467194291544,2.62646043443484e-08,8.62820347050008e-08,"HAVANA","gene",NA,NA,"processed_pseudogene","EIF4A1P11","1","HGNC:37932","OTTHUMG00000041097.1"
"ENSG00000230991.2",2.26014662910395,-3.43411321656576,0.617431747017696,-5.56193171658751,2.66804693694634e-08,8.76061467679385e-08,"HAVANA","gene",NA,NA,"lncRNA","AC092625.1","2",NA,"OTTHUMG00000153807.3"
"ENSG00000259764.1",1.44832321219862,-2.02710298647575,0.364671811186946,-5.55870490751086,2.71783753897833e-08,8.91982439323551e-08,"HAVANA","gene",NA,NA,"lncRNA","PCSK6-AS1","2","HGNC:51448","OTTHUMG00000172093.1"
"ENSG00000251081.1",1.69534440810767,-3.20821277935344,0.577736060496938,-5.55307691300056,2.80684498861589e-08,9.20122773893857e-08,"HAVANA","gene",NA,NA,"lncRNA","AC104663.1","2",NA,"OTTHUMG00000161304.1"
"ENSG00000250102.6",4.6081221164584,-4.49680948978346,0.8106749079449,-5.54699478880268,2.90621400550493e-08,9.51590438789921e-08,"HAVANA","gene",NA,NA,"lncRNA","LINC02377","2","HGNC:53300","OTTHUMG00000161095.7"
"ENSG00000161634.12",545.373838319721,-2.58128814601953,0.465472036817701,-5.54552785526507,2.93068672303244e-08,9.59275814036237e-08,"HAVANA","gene",NA,NA,"protein_coding","DCD","2","HGNC:14669","OTTHUMG00000169937.2"
"ENSG00000176566.5",6.13201777678333,-4.11940758402812,0.7432933146789,-5.54210229350399,2.98861621503132e-08,9.7776975458994e-08,"HAVANA","gene",NA,NA,"protein_coding","DCAF4L2","2","HGNC:26657","OTTHUMG00000163767.2"
"ENSG00000207344.1",3.79989863767183,-2.03209328019887,0.366680152959175,-5.54186874800697,2.99260588825982e-08,9.79008180993704e-08,"ENSEMBL","gene",NA,NA,"snoRNA","SNORA22C","3","HGNC:52197",NA
"ENSG00000286803.1",2.65516514908742,-2.07439334748925,0.37445840850631,-5.53971629523255,3.02962048192126e-08,9.90711332256143e-08,"HAVANA","gene",NA,NA,"lncRNA","AL109824.1","2",NA,"OTTHUMG00000194308.1"
"ENSG00000229770.2",1.61450837278837,-2.50494647630611,0.452276790213518,-5.53852536877592,3.05029067859988e-08,9.97130365800493e-08,"HAVANA","gene",NA,NA,"lncRNA","AL022337.1","2",NA,"OTTHUMG00000151345.3"
"ENSG00000275014.1",2.33990979911974,-3.36376626019481,0.60741879275106,-5.53780406588999,3.06287635882889e-08,1.00110797074289e-07,"ENSEMBL","gene",NA,NA,"misc_RNA","RN7SL166P","3","HGNC:46182",NA
"ENSG00000229967.1",5.59866843103422,-4.93382396134471,0.891080600908423,-5.53689975554945,3.07872644013451e-08,1.00601407547977e-07,"HAVANA","gene",NA,NA,"lncRNA","MAGEA4-AS1","1","HGNC:53860","OTTHUMG00000024175.1"
"ENSG00000226533.1",3.16856131171813,-2.01685865566428,0.364665848814233,-5.53070341580491,3.18949196073646e-08,1.04093024413409e-07,"HAVANA","gene",NA,NA,"lncRNA","BTBD9-AS1","1","HGNC:40959","OTTHUMG00000014632.1"
"ENSG00000134595.9",5.38305264648187,-2.44362396540217,0.441954791408772,-5.52912653715754,3.21829151718288e-08,1.0499717166376e-07,"HAVANA","gene",NA,NA,"protein_coding","SOX3","2","HGNC:11199","OTTHUMG00000022544.2"
"ENSG00000288024.1",1.65588662256465,-2.81821169160403,0.509876823616373,-5.52724022954303,3.25307383987204e-08,1.06110272105303e-07,"HAVANA","gene",NA,NA,"lncRNA","AC005301.2","2",NA,"OTTHUMG00000193953.1"
"ENSG00000121853.4",1.30354194164268,-2.28250815598282,0.413211986105915,-5.52381884536564,3.31709480820221e-08,1.08110212422427e-07,"HAVANA","gene",NA,NA,"protein_coding","GHSR","2","HGNC:4267","OTTHUMG00000156946.4"
"ENSG00000234967.2",0.883731714066686,-2.06394805528671,0.374035910143134,-5.51804786470071,3.42786079740533e-08,1.11583646421857e-07,"HAVANA","gene",NA,NA,"lncRNA","AL357558.2","1",NA,"OTTHUMG00000032676.4"
"ENSG00000263501.1",1.81012677477483,-2.71263114701387,0.492324326577788,-5.50984584871061,3.59148082201771e-08,1.16719472380185e-07,"HAVANA","gene",NA,NA,"lncRNA","AC005828.2","2",NA,"OTTHUMG00000179113.1"
"ENSG00000262020.1",2.46421518124423,-2.21986071185114,0.403174916610273,-5.50594945368826,3.67183880609801e-08,1.19225887631417e-07,"HAVANA","gene",NA,NA,"lncRNA","AC007014.1","2",NA,"OTTHUMG00000177398.1"
"ENSG00000263477.1",2.02592540600647,-2.50699308843136,0.455530702955966,-5.50345579817854,3.72417934500892e-08,1.20868061522407e-07,"HAVANA","gene",NA,NA,"lncRNA","AC104982.2","2",NA,"OTTHUMG00000179738.1"
"ENSG00000288638.1",2.48366486605813,2.92001035159329,0.531141842975425,5.49760933018489,3.84974635118948e-08,1.24782726260394e-07,"HAVANA","gene",NA,NA,"lncRNA","LNCDAT","2","HGNC:54855",NA
"ENSG00000287959.1",2.43755083230049,-2.36215492236258,0.429672509084259,-5.49757052736963,3.85059329527924e-08,1.24801735067534e-07,"HAVANA","gene",NA,NA,"lncRNA","AC021236.1","2",NA,"OTTHUMG00000194398.1"
"ENSG00000162456.10",1.23908813050975,-2.47203945324645,0.45066919670685,-5.48526385053659,4.12852737109236e-08,1.33403754197771e-07,"HAVANA","gene",NA,NA,"protein_coding","KNCN","2","HGNC:26488","OTTHUMG00000007987.3"
"ENSG00000229876.1",1.7581232389953,-2.40678712509674,0.438893782987887,-5.4837576160498,4.16385184259372e-08,1.34499825902552e-07,"HAVANA","gene",NA,NA,"lncRNA","CASC20","2","HGNC:49477","OTTHUMG00000031831.1"
"ENSG00000248131.6",5.58714807256232,-4.46607477245619,0.81512410615675,-5.47901201635834,4.27707318698856e-08,1.37980322125528e-07,"HAVANA","gene",NA,NA,"lncRNA","LINC01194","2","HGNC:37171","OTTHUMG00000161760.4"
"ENSG00000267393.1",2.36771424832155,-2.72070701170672,0.497568279939925,-5.46800734973542,4.55123015252986e-08,1.46479535541922e-07,"HAVANA","gene",NA,NA,"lncRNA","AP002439.1","2",NA,"OTTHUMG00000181928.1"
"ENSG00000235669.1",2.02146409325172,-2.75398450119423,0.503766036099239,-5.46679272489048,4.58251377894295e-08,1.47407167415843e-07,"HAVANA","gene",NA,NA,"lncRNA","CHN2-AS1","2","HGNC:40149","OTTHUMG00000152748.1"
"ENSG00000169509.6",2.92963830040151,-3.73276664483512,0.683177574057162,-5.4638307616971,4.65967800899871e-08,1.49768665913812e-07,"HAVANA","gene",NA,NA,"protein_coding","CRCT1","2","HGNC:29875","OTTHUMG00000012391.2"
"ENSG00000146360.8",4.68732794687882,-2.31815007933849,0.424329870606967,-5.46308483072987,4.67930846610964e-08,1.50379439637318e-07,"HAVANA","gene",NA,NA,"protein_coding","GPR6","2","HGNC:4515","OTTHUMG00000015354.2"
"ENSG00000287466.1",3.39954251196431,-2.30359171606849,0.422267086429118,-5.45529545186365,4.88914835977716e-08,1.56870545082322e-07,"HAVANA","gene",NA,NA,"lncRNA","AL355531.1","2",NA,"OTTHUMG00000194812.1"
"ENSG00000138136.6",5.62052661376157,-2.85125520028171,0.523655111261955,-5.44491047439693,5.18314475457388e-08,1.65936829396348e-07,"HAVANA","gene",NA,NA,"protein_coding","LBX1","2","HGNC:16960","OTTHUMG00000018927.4"
"ENSG00000228292.1",2.27570298549773,-2.81650285499567,0.517747787413963,-5.43991287546294,5.33066336482139e-08,1.70557020040465e-07,"HAVANA","gene",NA,NA,"processed_pseudogene","AL512604.1","1",NA,"OTTHUMG00000019912.2"
"ENSG00000283083.2",0.356705202504175,2.25145770540993,0.413889112742835,5.43976064141809,5.33522025888971e-08,1.70680023105907e-07,"HAVANA","gene",NA,NA,"lncRNA","LINC02498","2","HGNC:53483","OTTHUMG00000191612.2"
"ENSG00000270772.1",2.53918368231985,-2.86598107122543,0.527090889574561,-5.43735649375137,5.40768731552885e-08,1.72894427285277e-07,"HAVANA","gene",NA,NA,"processed_pseudogene","PDHA1P1","1","HGNC:44636","OTTHUMG00000184386.1"
"ENSG00000274841.1",1.36312296654689,-2.10506132271142,0.387664316641199,-5.43011371526297,5.63181547946256e-08,1.79884797306047e-07,"ENSEMBL","gene",NA,NA,"misc_RNA","Metazoa_SRP","3",NA,NA
"ENSG00000267337.2",1.94652656568897,-2.26391949825186,0.417597686803927,-5.42129319627871,5.91694207984297e-08,1.88773187084822e-07,"HAVANA","gene",NA,NA,"lncRNA","LINC01478","2","HGNC:51121","OTTHUMG00000178347.33"
"ENSG00000243799.1",0.898968541851776,-2.04485658975321,0.377287111352843,-5.41989516265462,5.96339957298679e-08,1.90217359215577e-07,"HAVANA","gene",NA,NA,"lncRNA","PEX5L-AS1","1","HGNC:41251","OTTHUMG00000157362.1"
"ENSG00000132872.12",19.3987626321289,-2.81202631447922,0.519454679576594,-5.41341992870542,6.18322509639308e-08,1.96966964340554e-07,"HAVANA","gene",NA,NA,"protein_coding","SYT4","2","HGNC:11512","OTTHUMG00000132610.6"
"ENSG00000228966.2",1.91773502445395,-2.66885186047836,0.493138402099269,-5.41197329008889,6.23339885915175e-08,1.98525652690261e-07,"HAVANA","gene",NA,NA,"processed_pseudogene","HOMER2P1","1","HGNC:20336","OTTHUMG00000152103.3"
"ENSG00000274064.1",1.56735280047359,-2.26892166311191,0.419403295374622,-5.40988038991265,6.30668567057072e-08,2.00766319253849e-07,"HAVANA","gene",NA,NA,"processed_pseudogene","AC040978.1","1",NA,"OTTHUMG00000187760.1"
"ENSG00000268992.1",2.39961440644068,-2.03847402967174,0.376842473239981,-5.40935317652901,6.32527825729657e-08,2.01304690651706e-07,"HAVANA","gene",NA,NA,"processed_pseudogene","CDC42EP3P1","1","HGNC:49673","OTTHUMG00000183271.1"
"ENSG00000260664.2",1.57066277135945,-2.06916885777665,0.383044427697223,-5.4019030382873,6.59375911733128e-08,2.09584687395569e-07,"HAVANA","gene",NA,NA,"lncRNA","AC004158.1","2",NA,"OTTHUMG00000173458.2"
"ENSG00000250267.2",2.21862171158746,-2.6589566304802,0.49231624051034,-5.40091187673171,6.63029926340042e-08,2.10690215367456e-07,"HAVANA","gene",NA,NA,"lncRNA","AC021237.1","1",NA,"OTTHUMG00000164932.1"
"ENSG00000239311.1",7.56407061761726,-4.98103752220974,0.923466124818714,-5.39384974536838,6.89638935434533e-08,2.18855410986742e-07,"HAVANA","gene",NA,NA,"lncRNA","AC092916.1","2",NA,"OTTHUMG00000159241.1"
"ENSG00000266736.1",4.57338184581066,-4.53756399310477,0.84154779846597,-5.39192663967055,6.97062271254084e-08,2.21152595296889e-07,"HAVANA","gene",NA,NA,"unprocessed_pseudogene","GTF2IP6","2","HGNC:51718","OTTHUMG00000179166.1"
"ENSG00000264734.1",5.0047444121,-4.64262424761618,0.861761346539716,-5.38736654441279,7.14975275080412e-08,2.26580668270291e-07,"HAVANA","gene",NA,NA,"lncRNA","AC069061.2","2",NA,"OTTHUMG00000179164.1"
"ENSG00000287139.1",1.32570310864232,-2.37306195547976,0.440684963991279,-5.38493969475828,7.24689413915391e-08,2.29568036370579e-07,"HAVANA","gene",NA,NA,"lncRNA","AL513317.1","2",NA,"OTTHUMG00000194648.1"
"ENSG00000286862.1",1.44852353548136,-2.71991805163634,0.50510434055931,-5.38486374641828,7.24995471848245e-08,2.29649805330575e-07,"HAVANA","gene",NA,NA,"lncRNA","AC017037.5","2",NA,"OTTHUMG00000195120.1"
"ENSG00000228386.2",2.46165967869745,-2.14070768416169,0.397874093777544,-5.38036458678956,7.4335136889997e-08,2.35262016673257e-07,"HAVANA","gene",NA,NA,"lncRNA","AL031668.1","2",NA,"OTTHUMG00000032284.2"
"ENSG00000253354.2",0.947028615367065,-2.29315847162218,0.426451092044835,-5.37730706849988,7.56081622302822e-08,2.39148811807805e-07,"HAVANA","gene",NA,NA,"lncRNA","AC105999.1","2",NA,"OTTHUMG00000164048.5"
"ENSG00000216813.1",1.716205076505,-2.38354044980683,0.443647706360915,-5.37259725595827,7.76105447211195e-08,2.45190979069491e-07,"HAVANA","gene",NA,NA,"processed_pseudogene","AL358178.1","1",NA,"OTTHUMG00000014798.1"
"ENSG00000187690.4",6.3306485543429,-2.15039567917735,0.400481787072894,-5.36952178248732,7.89457016900157e-08,2.49211871118709e-07,"HAVANA","gene",NA,NA,"protein_coding","EZHIP","2","HGNC:33738","OTTHUMG00000187481.2"
"ENSG00000264956.2",1.61590008501994,-2.73488033139762,0.510421666170951,-5.35808041205221,8.41108061975673e-08,2.64853678930361e-07,"HAVANA","gene",NA,NA,"lncRNA","AC138761.1","2",NA,"OTTHUMG00000179061.4"
"ENSG00000236327.2",1.89718780942426,-2.4466397426384,0.457120746368627,-5.35228331261388,8.68512757295154e-08,2.72998597310135e-07,"HAVANA","gene",NA,NA,"processed_pseudogene","AL831737.1","1",NA,"OTTHUMG00000037154.2"
"ENSG00000229105.1",1.95807196792296,-2.13973514062857,0.400004028742236,-5.34928397435573,8.83028932213615e-08,2.77397653546353e-07,"HAVANA","gene",NA,NA,"lncRNA","ASTN2-AS1","2","HGNC:51175","OTTHUMG00000020556.1"
"ENSG00000238125.1",2.2818819917475,-2.87351360659399,0.537741308308704,-5.34367280734248,9.10819137083884e-08,2.85790456858268e-07,"HAVANA","gene",NA,NA,"processed_pseudogene","SLC9A3P2","1","HGNC:19325","OTTHUMG00000150753.1"
"ENSG00000243944.5",1.97130385737814,-2.13794722292898,0.400323921603571,-5.34054326397742,9.26684582626364e-08,2.90540268003593e-07,"HAVANA","gene",NA,NA,"lncRNA","AC117386.2","1",NA,"OTTHUMG00000159742.1"
"ENSG00000171671.6",3.0326614114919,-2.00924279660861,0.376724997870941,-5.33344696519698,9.63657174841058e-08,3.01678092306816e-07,"HAVANA","gene",NA,NA,"lncRNA","SHANK2-AS3","2","HGNC:25098","OTTHUMG00000150217.1"
"ENSG00000142698.15",5.90568975976196,-2.37999793893025,0.447260255208077,-5.32128198563723,1.03038541763912e-07,3.2181072593931e-07,"HAVANA","gene",NA,NA,"protein_coding","C1orf94","2","HGNC:28250","OTTHUMG00000004012.5"
"ENSG00000274618.2",1.86666508919071,-2.82369577374961,0.531056446255687,-5.31712926875968,1.05417178097162e-07,3.29089529069854e-07,"HAVANA","gene",NA,NA,"protein_coding","H4C6","2","HGNC:4783","OTTHUMG00000014443.2"
"ENSG00000272479.1",2.36869664600154,-2.11930021632292,0.398659821450653,-5.31606172051943,1.06037194917518e-07,3.30938831900089e-07,"HAVANA","gene",NA,NA,"lncRNA","AC010857.1","2",NA,"OTTHUMG00000185447.1"
"ENSG00000257636.6",3.52498558876073,-3.13142314135136,0.589161391745801,-5.31505150409183,1.06627163441671e-07,3.32715084049138e-07,"HAVANA","gene",NA,NA,"lncRNA","G2E3-AS1","2","HGNC:53463","OTTHUMG00000170510.2"
"ENSG00000261080.1",1.37783111590214,-2.40681107430056,0.452863928084438,-5.31464513961422,1.06865376037718e-07,3.33436676389909e-07,"HAVANA","gene",NA,NA,"lncRNA","RUNX2-AS1","2","HGNC:53512","OTTHUMG00000175917.1"
"ENSG00000107187.17",0.876658195368116,-2.18322808295914,0.410885989691376,-5.31346441040495,1.07560450661568e-07,3.35518014922569e-07,"HAVANA","gene",NA,NA,"protein_coding","LHX3","2","HGNC:6595","OTTHUMG00000020924.6"
"ENSG00000286478.1",3.43626033014431,-2.54037581283846,0.47813807828973,-5.31305898481297,1.07800125177178e-07,3.3619997378197e-07,"HAVANA","gene",NA,NA,"lncRNA","AC007130.1","2",NA,"OTTHUMG00000194064.1"
"ENSG00000250974.4",2.48064410988478,-2.10214157985859,0.39566596199129,-5.31291994206179,1.07882441725135e-07,3.36434796787815e-07,"HAVANA","gene",NA,NA,"lncRNA","LINC02196","2","HGNC:53062","OTTHUMG00000161651.5"
"ENSG00000286766.1",0.535644167148826,2.04012419599734,0.384035211760126,5.31233630022351,1.08228635381515e-07,3.37404601843336e-07,"HAVANA","gene",NA,NA,"lncRNA","AC091010.1","2",NA,"OTTHUMG00000195575.1"
"ENSG00000286316.1",2.65933369078414,-2.64948601843202,0.498848419440243,-5.31120459678913,1.08902984023062e-07,3.39374396028678e-07,"HAVANA","gene",NA,NA,"lncRNA","Z93020.1","2",NA,"OTTHUMG00000195498.1"
"ENSG00000234426.3",2.11804618103475,-2.47337073958958,0.466211199688511,-5.30525809170201,1.12513688545501e-07,3.50375743790378e-07,"HAVANA","gene",NA,NA,"lncRNA","AL139042.1","2",NA,"OTTHUMG00000015187.4"
"ENSG00000280036.1",2.31773073649216,-2.45541007907386,0.463024686463551,-5.3029787630279,1.13928179747222e-07,3.54642264420077e-07,"HAVANA","gene",NA,NA,"lncRNA","AC020661.4","2",NA,"OTTHUMG00000172520.1"
"ENSG00000268051.1",1.80439302616951,-2.01826975618236,0.381276493704548,-5.29345446023305,1.20027141864149e-07,3.73118373132065e-07,"HAVANA","gene",NA,NA,"lncRNA","AC008395.1","2",NA,"OTTHUMG00000182399.1"
"ENSG00000260019.2",4.04661848838424,-2.08517607190076,0.394028028191633,-5.29194859936881,1.21019909894903e-07,3.76106894334768e-07,"HAVANA","gene",NA,NA,"lncRNA","LINC01992","2","HGNC:52824","OTTHUMG00000175990.7"
"ENSG00000258455.1",1.94562845094345,-2.5340281064198,0.479380831509566,-5.28604387129993,1.24989930160467e-07,3.88142828233599e-07,"HAVANA","gene",NA,NA,"lncRNA","AL158801.3","2",NA,"OTTHUMG00000171035.1"
"ENSG00000258932.5",2.842894462971,-2.71709536503285,0.514043279083317,-5.28573269137609,1.25202608978421e-07,3.88752883743107e-07,"HAVANA","gene",NA,NA,"transcribed_processed_pseudogene","AL390334.1","1",NA,"OTTHUMG00000170579.1"
"ENSG00000243508.1",2.37692979034912,-2.06327658158997,0.390524164391023,-5.28335188888351,1.26841417668189e-07,3.93713788175118e-07,"HAVANA","gene",NA,NA,"processed_pseudogene","DNAJB6P7","1","HGNC:54760","OTTHUMG00000159444.1"
"ENSG00000227128.5",6.00858633036252,-2.477808899549,0.469488063989835,-5.27768241537798,1.30827946042521e-07,4.05851262295855e-07,"HAVANA","gene",NA,NA,"lncRNA","LBX1-AS1","2","HGNC:48678","OTTHUMG00000170500.4"
"ENSG00000181201.3",0.84645148067957,-2.09910994204599,0.397869821013526,-5.2758712301897,1.32126845697619e-07,4.09774545402182e-07,"HAVANA","gene",NA,NA,"unitary_pseudogene","H2BU2P","2","HGNC:20515","OTTHUMG00000040095.1"
"ENSG00000199872.1",1.79917650083922,-2.28749217702174,0.43398238847836,-5.27093319395334,1.35731870775379e-07,4.20383601321896e-07,"ENSEMBL","gene",NA,NA,"snRNA","RNU6-942P","3","HGNC:47905",NA
"ENSG00000174358.16",1.09013539747035,-2.13468482234357,0.405195528330924,-5.26828326841795,1.37705498082198e-07,4.26248249975326e-07,"HAVANA","gene",NA,NA,"protein_coding","SLC6A19","2","HGNC:27960","OTTHUMG00000161636.2"
"ENSG00000272328.1",1.30980601534121,-2.82544181914025,0.536472423853569,-5.26670466833065,1.38894380905987e-07,4.29817193463753e-07,"HAVANA","gene",NA,NA,"lncRNA","AC007128.2","2",NA,"OTTHUMG00000151948.3"
"ENSG00000235834.1",2.21924612050043,-2.1314714599102,0.404927559026118,-5.2638340177106,1.41081830846405e-07,4.36220104282107e-07,"HAVANA","gene",NA,NA,"lncRNA","Z93022.1","2",NA,"OTTHUMG00000021202.1"
"ENSG00000287088.1",3.68047636708213,-2.14329165636304,0.407215383240254,-5.26328754898366,1.41502001337185e-07,4.37378121552552e-07,"HAVANA","gene",NA,NA,"lncRNA","AP001066.1","2",NA,"OTTHUMG00000194582.1"
"ENSG00000170925.3",1.18673494058036,-2.28607361505234,0.434935377071861,-5.25612248523676,1.47124323456023e-07,4.54111991803767e-07,"HAVANA","gene",NA,NA,"protein_coding","TEX13B","2","HGNC:11736","OTTHUMG00000022174.1"
"ENSG00000262521.1",1.14750004674529,-2.42407035740988,0.461244621333005,-5.25549837395235,1.47624157781448e-07,4.55508044007804e-07,"HAVANA","gene",NA,NA,"lncRNA","AJ003147.1","2",NA,"OTTHUMG00000177552.1"
"ENSG00000248859.2",1.94281398733115,-3.08793939840886,0.588695578268052,-5.24539254650699,1.55949929420275e-07,4.79807418348663e-07,"HAVANA","gene",NA,NA,"lncRNA","LINC01574","2","HGNC:51388","OTTHUMG00000163231.2"
"ENSG00000236274.1",2.30979365139924,-2.22032637780017,0.423621779490413,-5.24129420463476,1.59454245377864e-07,4.89959780403635e-07,"HAVANA","gene",NA,NA,"processed_pseudogene","AC004865.1","2",NA,"OTTHUMG00000004373.1"
"ENSG00000236007.1",1.81075662138992,-2.12663557737196,0.406626709287002,-5.22994562039691,1.69559908762731e-07,5.2021101618996e-07,"HAVANA","gene",NA,NA,"processed_pseudogene","MTCO1P46","2","HGNC:52111","OTTHUMG00000154767.3"
"ENSG00000144820.8",5.53473282252052,-2.06665594497875,0.395933817016215,-5.21970050589064,1.79212700336909e-07,5.48596286061038e-07,"HAVANA","gene",NA,NA,"protein_coding","ADGRG7","1","HGNC:19241","OTTHUMG00000159083.2"
"ENSG00000253642.6",3.22756730666666,-3.0610700744511,0.586631697551426,-5.21804411051749,1.80822406893421e-07,5.53382402699699e-07,"HAVANA","gene",NA,NA,"lncRNA","AF279873.3","2",NA,"OTTHUMG00000163972.6"
"ENSG00000285562.1",0.675595057573893,2.25896576256559,0.43324072974046,5.21411217250709,1.84699683241318e-07,5.6467116483259e-07,"HAVANA","gene",NA,NA,"lncRNA","AC090099.2","2",NA,"OTTHUMG00000193317.1"
"ENSG00000175329.13",4.04771692021068,-2.45013047028995,0.470569052257798,-5.20673949664599,1.92187598732298e-07,5.86889403739205e-07,"HAVANA","gene",NA,NA,"protein_coding","ISX","2","HGNC:28084","OTTHUMG00000150962.3"
"ENSG00000267424.1",0.882084820177799,-2.05326022832895,0.394968694530814,-5.19853916718141,2.00860805269881e-07,6.12633128372804e-07,"HAVANA","gene",NA,NA,"lncRNA","AC020934.1","2",NA,"OTTHUMG00000180485.1"
"ENSG00000229623.1",2.09397962624392,-2.61457744418264,0.503586563446422,-5.1919126401807,2.08144669324226e-07,6.34122542752363e-07,"HAVANA","gene",NA,NA,"processed_pseudogene","METTL21AP1","1","HGNC:41921","OTTHUMG00000066177.1"
"ENSG00000273252.1",3.53834851169603,-2.0990172548115,0.404690499069795,-5.18672234617866,2.14027456331038e-07,6.51671778380681e-07,"HAVANA","gene",NA,NA,"unprocessed_pseudogene","OR7E39P","2","HGNC:8412","OTTHUMG00000185867.1"
"ENSG00000275126.2",2.05178863303602,-3.49066855040767,0.673007745881902,-5.18666920517169,2.14088510504728e-07,6.51816251797248e-07,"HAVANA","gene",NA,NA,"protein_coding","H4C13","2","HGNC:4791","OTTHUMG00000016211.2"
"ENSG00000252634.1",1.57790020505912,-2.4429631330824,0.471118359737552,-5.18545516766385,2.15487922133525e-07,6.55868518481494e-07,"ENSEMBL","gene",NA,NA,"misc_RNA","RN7SKP219","3","HGNC:45943",NA
"ENSG00000224972.1",2.08956866603345,-2.45329058391931,0.473131432755954,-5.1852200341649,2.1575997861051e-07,6.56654845332838e-07,"HAVANA","gene",NA,NA,"lncRNA","AL513412.1","2",NA,"OTTHUMG00000150500.1"
"ENSG00000224087.1",3.29282001899673,-2.15696890001205,0.416202446276162,-5.18249933250233,2.18932150170288e-07,6.65906451909448e-07,"HAVANA","gene",NA,NA,"lncRNA","POTEF-AS1","2","HGNC:41294","OTTHUMG00000153626.1"
"ENSG00000254112.1",1.76773474497403,-2.31789145421867,0.447320255912714,-5.18172701455076,2.19840807179948e-07,6.68480139121051e-07,"HAVANA","gene",NA,NA,"processed_pseudogene","AP003467.2","1",NA,"OTTHUMG00000164639.2"
"ENSG00000218757.1",3.40279990997366,-2.28538884699802,0.441532049231949,-5.17604294178301,2.26641314183461e-07,6.88328707608851e-07,"HAVANA","gene",NA,NA,"processed_pseudogene","AL121952.1","1",NA,"OTTHUMG00000015878.1"
"ENSG00000226919.4",1.0738087411063,-2.17129671904954,0.419667646620309,-5.17384825000341,2.2932109508053e-07,6.96070303174618e-07,"HAVANA","gene",NA,NA,"lncRNA","AL365184.1","2",NA,"OTTHUMG00000039932.9"
"ENSG00000246876.7",2.47262105334469,-3.14422598663412,0.608314581752343,-5.16874998718048,2.35664905853402e-07,7.14375554535685e-07,"HAVANA","gene",NA,NA,"lncRNA","LINC02466","2","HGNC:53405","OTTHUMG00000161199.12"
"ENSG00000239686.1",1.8138913433527,-2.22100343112895,0.430088436475445,-5.16406218527978,2.41647358350748e-07,7.31584514286529e-07,"HAVANA","gene",NA,NA,"processed_pseudogene","AL158801.1","1",NA,"OTTHUMG00000157907.1"
"ENSG00000224819.2",2.15039030364667,-2.27942771653137,0.441579626788482,-5.16198569465077,2.44343967150965e-07,7.3946809842731e-07,"HAVANA","gene",NA,NA,"lncRNA","AC093843.1","2",NA,"OTTHUMG00000153856.3"
"ENSG00000237412.7",1.22653376965855,-2.35098911175868,0.455513228311331,-5.16118735008907,2.45388445088395e-07,7.42441452742974e-07,"HAVANA","gene",NA,NA,"protein_coding","PRSS56","2","HGNC:39433","OTTHUMG00000153326.4"
"ENSG00000251956.1",1.48334937739344,-2.9032058655309,0.562726492197523,-5.15917751480562,2.48037054947239e-07,7.49946043771117e-07,"ENSEMBL","gene",NA,NA,"snRNA","RNU6-617P","3","HGNC:47580",NA
"ENSG00000288393.1",3.47168763989152,-2.18519821705895,0.423636383592128,-5.15819297325233,2.49344564655488e-07,7.53792156274889e-07,"HAVANA","gene",NA,NA,"transcribed_processed_pseudogene","AP003086.3","2",NA,"OTTHUMG00000195919.2"
"ENSG00000233333.2",0.2742070912794,2.25340774741215,0.436968266280463,5.15691394845095,2.51053106036886e-07,7.58813596001969e-07,"HAVANA","gene",NA,NA,"processed_pseudogene","RNFT1P2","1","HGNC:44388","OTTHUMG00000041117.2"
"ENSG00000281880.2",1.64805428073096,-2.65969528500616,0.516736776159765,-5.14709888615289,2.64545887626651e-07,7.98236142851295e-07,"HAVANA","gene",NA,NA,"lncRNA","PAUPAR","2","HGNC:49670","OTTHUMG00000189576.2"
"ENSG00000236451.3",1.84289647002158,-2.01081304494692,0.390831994347317,-5.14495505493338,2.6758486725997e-07,8.0710091856114e-07,"HAVANA","gene",NA,NA,"lncRNA","AC067956.1","2",NA,"OTTHUMG00000153857.3"
"ENSG00000265340.1",1.48432802970534,-2.98035590299492,0.580871363099008,-5.13083634747359,2.88457622120401e-07,8.67545805134237e-07,"HAVANA","gene",NA,NA,"unprocessed_pseudogene","OR4K7P","2","HGNC:14756","OTTHUMG00000178702.1"
"ENSG00000230251.1",1.36677935457779,-2.16803471957878,0.422681769547709,-5.12923640378122,2.90919818365876e-07,8.74676404010613e-07,"HAVANA","gene",NA,NA,"processed_pseudogene","PHBP4","1","HGNC:8916","OTTHUMG00000153847.2"
"ENSG00000236535.1",2.3473020826227,-2.18047317285913,0.425618573836358,-5.12306865089369,3.00602839720166e-07,9.0276951363337e-07,"HAVANA","gene",NA,NA,"lncRNA","RC3H1-IT1","2","HGNC:41496","OTTHUMG00000034823.1"
"ENSG00000227088.2",1.81058005377175,-2.26366608547123,0.442417393814439,-5.11658473902741,3.11117544032415e-07,9.32885313217738e-07,"HAVANA","gene",NA,NA,"lncRNA","AC012494.1","2",NA,"OTTHUMG00000152843.2"
"ENSG00000214897.5",4.03048553161767,-3.02900877332653,0.592814469459019,-5.10953920556409,3.2294547431354e-07,9.67443111008673e-07,"HAVANA","gene",NA,NA,"protein_coding","PNMA6E","2","HGNC:50767","OTTHUMG00000024197.7"
"ENSG00000229742.1",1.47029156743086,-2.05757839277634,0.403003617243759,-5.10560775322223,3.29733029720811e-07,9.8666600798976e-07,"HAVANA","gene",NA,NA,"processed_pseudogene","AC092809.1","1",NA,"OTTHUMG00000037637.1"
"ENSG00000286794.1",0.256000090647004,2.42965558251212,0.476313361126853,5.10096037777334,3.3793430985856e-07,1.01000828355107e-06,"HAVANA","gene",NA,NA,"lncRNA","Z70719.1","2",NA,"OTTHUMG00000194309.1"
"ENSG00000236347.1",2.11063596549627,-2.95020653747641,0.57956417469054,-5.09038803002563,3.57331526200831e-07,1.06620655808664e-06,"HAVANA","gene",NA,NA,"lncRNA","AL513123.1","1",NA,"OTTHUMG00000015400.1"
"ENSG00000254302.2",0.788177397678017,2.31590683606471,0.455094965089985,5.08884301896591,3.60254669932087e-07,1.07443981800587e-06,"HAVANA","gene",NA,NA,"lncRNA","AC087855.2","2",NA,"OTTHUMG00000163985.3"
"ENSG00000228980.4",1.98480578057766,-2.06921586573911,0.406756983198022,-5.08710594092431,3.63568764966564e-07,1.0838516289931e-06,"HAVANA","gene",NA,NA,"lncRNA","LINC01205","2","HGNC:49636","OTTHUMG00000159217.7"
"ENSG00000258815.1",7.57273214909272,-2.89530444549199,0.569687662097605,-5.08226636826116,3.72957900615551e-07,1.11087429396898e-06,"HAVANA","gene",NA,NA,"lncRNA","LINC02820","2","HGNC:54351","OTTHUMG00000170606.1"
"ENSG00000240074.1",1.50743796213184,-2.30920769846278,0.454400688586428,-5.08187543827536,3.73726465900092e-07,1.11302511228156e-06,"HAVANA","gene",NA,NA,"processed_pseudogene","RPL9P30","1","HGNC:36316","OTTHUMG00000157781.1"
"ENSG00000170279.3",1.04637424690009,-2.29252303560484,0.451138652973715,-5.08163736468489,3.74195265334359e-07,1.11435201157193e-06,"HAVANA","gene",NA,NA,"protein_coding","C7orf33","2","HGNC:21724","OTTHUMG00000152756.2"
"ENSG00000273677.1",0.966348167872501,-2.38577202811639,0.469739919800552,-5.0789211807448,3.79584136972138e-07,1.12976803145525e-06,"ENSEMBL","gene",NA,NA,"misc_RNA","AL049692.1","3",NA,NA
"ENSG00000286135.1",2.03322489620442,-2.50949969932351,0.494755414143444,-5.07220260271054,3.93237393241321e-07,1.1685172430808e-06,"HAVANA","gene",NA,NA,"protein_coding","AL603764.2","2",NA,"OTTHUMG00000193460.1"
"ENSG00000258133.1",0.253581365873615,2.26955539970084,0.447977612838197,5.06622504040301,4.0578217061527e-07,1.20415136538728e-06,"HAVANA","gene",NA,NA,"processed_pseudogene","AC025578.1","1",NA,"OTTHUMG00000169939.2"
"ENSG00000250060.2",1.5710050303803,-2.72224790773415,0.537921114592197,-5.06068238239339,4.17758631981535e-07,1.23823410407296e-06,"HAVANA","gene",NA,NA,"lncRNA","AC122710.1","1",NA,"OTTHUMG00000161706.2"
"ENSG00000276048.1",1.98764502200014,-2.02538210759985,0.400249715469614,-5.06029618340505,4.18605712893294e-07,1.24066809184768e-06,"ENSEMBL","gene",NA,NA,"misc_RNA","AC012354.4","3",NA,NA
"ENSG00000224707.1",2.11479645959804,-2.53732056747175,0.501422079481247,-5.06024898244762,4.1870935607737e-07,1.24082193295107e-06,"HAVANA","gene",NA,NA,"lncRNA","E2F3-IT1","1","HGNC:41329","OTTHUMG00000014337.1"
"ENSG00000243818.5",0.528014297519622,2.04318652564766,0.403831777981424,5.05949912079887,4.20359216207615e-07,1.24547990405113e-06,"HAVANA","gene",NA,NA,"lncRNA","AC021074.3","2",NA,"OTTHUMG00000159310.23"
"ENSG00000257271.1",17.6849638991533,-2.02923546439485,0.401301205141241,-5.05663934819394,4.2670910630373e-07,1.26413760097772e-06,"HAVANA","gene",NA,NA,"lncRNA","KIRREL3-AS1","2","HGNC:42655","OTTHUMG00000169624.1"
"ENSG00000287492.1",0.338074731637464,2.16200121751164,0.428544552625299,5.04498588132096,4.53554857879296e-07,1.34101538144884e-06,"HAVANA","gene",NA,NA,"lncRNA","AL512358.2","2",NA,"OTTHUMG00000195060.1"
"ENSG00000235914.2",2.05794973058539,-2.27952860706658,0.452484620150125,-5.03780350879169,4.70904488445976e-07,1.39076772540049e-06,"HAVANA","gene",NA,NA,"lncRNA","MACROD2-AS1","2","HGNC:37193","OTTHUMG00000031920.3"
"ENSG00000271482.1",1.34838232033431,-2.01942567579738,0.401575481321892,-5.02875740607944,4.9366848337387e-07,1.45494937490417e-06,"HAVANA","gene",NA,NA,"processed_pseudogene","AC005070.2","1",NA,"OTTHUMG00000184440.1"
"ENSG00000242087.2",2.04736985565823,-2.19891612255095,0.437380579856619,-5.02746629324921,4.97002810877984e-07,1.46423592849368e-06,"HAVANA","gene",NA,NA,"processed_pseudogene","RPL36AP41","1","HGNC:35813","OTTHUMG00000157601.2"
"ENSG00000286374.1",1.41102406091362,-2.22487382576496,0.442592730096491,-5.0269100111064,4.98446107037147e-07,1.46821721415e-06,"HAVANA","gene",NA,NA,"lncRNA","AP001999.3","2",NA,"OTTHUMG00000195109.1"
"ENSG00000250708.2",2.4159300558041,-2.01017302520168,0.400208568235873,-5.02281356459348,5.09199679920882e-07,1.49878704091721e-06,"HAVANA","gene",NA,NA,"lncRNA","LINC02269","2","HGNC:53184","OTTHUMG00000160736.24"
"ENSG00000275103.1",1.43496900403417,-2.29690035953448,0.457371754752263,-5.02195497572561,5.11481750049293e-07,1.505411638092e-06,"HAVANA","gene",NA,NA,"unprocessed_pseudogene","AF117829.2","2",NA,"OTTHUMG00000187746.1"
"ENSG00000251011.6",1.96554247912822,-2.59701489201812,0.517568457394829,-5.01772249624744,5.22876295665889e-07,1.53762603273709e-06,"HAVANA","gene",NA,NA,"lncRNA","TMEM108-AS1","2","HGNC:50307","OTTHUMG00000159722.2"
"ENSG00000249098.1",2.03968763145715,-2.84592262496486,0.567360889177672,-5.01607121542996,5.27387869959929e-07,1.55051257055598e-06,"HAVANA","gene",NA,NA,"processed_pseudogene","AC055733.1","1",NA,"OTTHUMG00000159701.1"
"ENSG00000269431.1",1.28830102375358,-2.09371055511789,0.41777090822409,-5.01162362888808,5.39726903709453e-07,1.58532989741401e-06,"HAVANA","gene",NA,NA,"processed_pseudogene","BNIP3P8","1","HGNC:49675","OTTHUMG00000183270.1"
"ENSG00000212360.1",1.31665683472615,-2.44521799780237,0.488297764894256,-5.00763708867662,5.5102303988175e-07,1.61682470852123e-06,"ENSEMBL","gene",NA,NA,"snRNA","RNU6-1177P","3","HGNC:48140",NA
"ENSG00000265060.2",0.830468803342123,-2.20866151835706,0.441478093990655,-5.00287907468362,5.64803725434958e-07,1.65594189373899e-06,"HAVANA","gene",NA,NA,"transcribed_unprocessed_pseudogene","PPY2P","2","HGNC:9328","OTTHUMG00000179302.1"
"ENSG00000162621.7",3.943893807522,-2.29798435056894,0.459478043602093,-5.00129305973757,5.6947071279207e-07,1.66921638726633e-06,"HAVANA","gene",NA,NA,"protein_coding","LRRC53","1","HGNC:25255","OTTHUMG00000009621.3"
"ENSG00000206702.1",5.8823089471952,-4.53506466637582,0.907039856295894,-4.99985158854628,5.73744599938298e-07,1.68133242296433e-06,"ENSEMBL","gene",NA,NA,"snRNA","RNU1-11P","3","HGNC:10137",NA
"ENSG00000280190.1",3.01161660380228,-2.05480871972481,0.411222356827802,-4.99683124131611,5.82800275300816e-07,1.70651272397397e-06,"HAVANA","gene",NA,NA,"TEC","AC027279.4","2",NA,"OTTHUMG00000176929.1"
"ENSG00000111701.7",1.13445294515818,-2.28745758064037,0.459241763472757,-4.98094416183486,6.32747969386846e-07,1.84689626010258e-06,"HAVANA","gene",NA,NA,"protein_coding","APOBEC1","2","HGNC:604","OTTHUMG00000141288.4"
"ENSG00000271919.1",1.46744862126889,-2.0379388069122,0.409440911888431,-4.9773697443003,6.4454127588784e-07,1.87983031154723e-06,"HAVANA","gene",NA,NA,"transcribed_processed_pseudogene","AC005828.7","1",NA,"OTTHUMG00000185384.1"
"ENSG00000223672.2",0.483321262305354,2.11137384447018,0.424229659254521,4.97695952748894,6.45908204063421e-07,1.88370234092272e-06,"HAVANA","gene",NA,NA,"processed_pseudogene","AL162386.1","2",NA,"OTTHUMG00000019562.2"
"ENSG00000282946.1",2.07755921553386,-3.08510323151116,0.622130442457695,-4.9589330805347,7.08813761995363e-07,2.05963533097998e-06,"HAVANA","gene",NA,NA,"processed_pseudogene","AC018558.5","2",NA,"OTTHUMG00000176012.2"
"ENSG00000263146.2",1.15013645911342,-2.17788960574164,0.43923326692675,-4.95838947031497,7.10799589838781e-07,2.06502991626803e-06,"HAVANA","gene",NA,NA,"lncRNA","LINC01896","2","HGNC:52715","OTTHUMG00000178053.2"
"ENSG00000228295.2",3.96302799520661,-4.25404055341524,0.859133419978052,-4.9515482164853,7.36253720558156e-07,2.13651821635017e-06,"HAVANA","gene",NA,NA,"lncRNA","LINC00392","2","HGNC:42720","OTTHUMG00000017076.3"
"ENSG00000229892.1",1.0808053092421,-2.1649422636861,0.437728915756056,-4.94585161217135,7.58116941329038e-07,2.1980986842819e-06,"HAVANA","gene",NA,NA,"processed_pseudogene","AL035666.1","1",NA,"OTTHUMG00000032493.1"
"ENSG00000277748.1",2.07321501830731,-2.59580245539874,0.525982950691286,-4.93514562019006,8.00909802364162e-07,2.31726484879926e-06,"HAVANA","gene",NA,NA,"unprocessed_pseudogene","AC006262.4","2",NA,"OTTHUMG00000188012.1"
"ENSG00000272406.1",1.95264013123623,-2.15506614404199,0.436999832839703,-4.93150336016831,8.15991640035019e-07,2.35919132665969e-06,"HAVANA","gene",NA,NA,"lncRNA","AC108102.1","2",NA,"OTTHUMG00000182153.2"
"ENSG00000224807.5",2.46401576025061,-2.10405148646654,0.427306208766368,-4.92398997089449,8.47971842358643e-07,2.44766423469108e-06,"HAVANA","gene",NA,NA,"unprocessed_pseudogene","DUX4L9","1","HGNC:33855","OTTHUMG00000161003.2"
"ENSG00000260458.3",1.83318974486681,-2.6021966406949,0.528513214078386,-4.9236169907929,8.4959045400499e-07,2.45189317820487e-06,"HAVANA","gene",NA,NA,"protein_coding","KCNJ18","2","HGNC:39080","OTTHUMG00000175863.1"
"ENSG00000225727.3",1.63739818524734,-2.2173669529792,0.450743341261477,-4.91935598377015,8.6829427197498e-07,2.50391107321062e-06,"HAVANA","gene",NA,NA,"transcribed_processed_pseudogene","AL139184.1","1",NA,"OTTHUMG00000016835.3"
"ENSG00000266605.1",0.887877902713763,-2.06343932782109,0.419872209755001,-4.91444606211286,8.90338320029946e-07,2.56547235897244e-06,"HAVANA","gene",NA,NA,"processed_pseudogene","LONRF2P1","2","HGNC:39828","OTTHUMG00000178699.1"
"ENSG00000255983.1",8.92984475284249,-2.13555987059435,0.434963367846662,-4.90974649466849,9.1194205114537e-07,2.62519639910922e-06,"HAVANA","gene",NA,NA,"lncRNA","AC007848.1","2",NA,"OTTHUMG00000168648.1"
"ENSG00000232722.3",3.93980588130811,-2.73529097539537,0.55752632365419,-4.90611987155597,9.28957636950412e-07,2.67209176190527e-06,"HAVANA","gene",NA,NA,"transcribed_unitary_pseudogene","MROH4P","2","HGNC:44902","OTTHUMG00000154595.3"
"ENSG00000251045.1",1.52439610770485,-2.10125614057704,0.428503316585237,-4.90371033139731,9.40431419228694e-07,2.70347229660667e-06,"HAVANA","gene",NA,NA,"lncRNA","SLC25A48-AS1","2","HGNC:27965","OTTHUMG00000163111.2"
"ENSG00000253396.1",1.73506101383642,-2.02970803842245,0.413913944510894,-4.90369572066696,9.40501407224318e-07,2.70351127498152e-06,"HAVANA","gene",NA,NA,"lncRNA","AC016868.1","2",NA,"OTTHUMG00000164076.1"
"ENSG00000218313.1",3.03210294030733,-2.39053389510473,0.487498213518177,-4.90367724191793,9.40589930898658e-07,2.70360352707912e-06,"HAVANA","gene",NA,NA,"processed_pseudogene","AL139274.1","1",NA,"OTTHUMG00000015163.2"
"ENSG00000237650.2",1.95627115386435,2.33201620222501,0.475736431119568,4.90190796768915,9.49103012305361e-07,2.72725516221135e-06,"HAVANA","gene",NA,NA,"unprocessed_pseudogene","OR11Q1P","2","HGNC:31239","OTTHUMG00000022404.2"
"ENSG00000231427.6",1.72989504452122,-3.18085340901594,0.649198275702525,-4.89966398258499,9.60006969810469e-07,2.75776075810167e-06,"HAVANA","gene",NA,NA,"lncRNA","LINC01445","2","HGNC:50771","OTTHUMG00000156067.12"
"ENSG00000278099.1",3.40390296577531,-3.82365541064956,0.781270631843235,-4.89414967721043,9.87316773912985e-07,2.83247584659707e-06,"ENSEMBL","gene",NA,NA,"snRNA","RNVU1-2A","3","HGNC:54430",NA
"ENSG00000251171.1",2.22451906455447,-2.12640669713252,0.434712025242523,-4.89152950380477,1.00055391555447e-06,2.86959222353874e-06,"HAVANA","gene",NA,NA,"lncRNA","AC096741.1","2",NA,"OTTHUMG00000161024.1"
"ENSG00000250682.6",5.93039696601283,-2.07334811785431,0.424501516192827,-4.88419484681536,1.03852340169888e-06,2.97528291427337e-06,"HAVANA","gene",NA,NA,"lncRNA","LINC00491","2","HGNC:43428","OTTHUMG00000162775.6"
"ENSG00000266100.1",2.08665878658219,-2.39983519631716,0.493334139215281,-4.86452285693109,1.14733248706806e-06,3.27565100145585e-06,"HAVANA","gene",NA,NA,"lncRNA","AC007431.2","2",NA,"OTTHUMG00000178403.1"
"ENSG00000227932.2",3.7687144991418,-3.5842114327167,0.737681749193835,-4.85875031696751,1.18128991655935e-06,3.36858519745005e-06,"HAVANA","gene",NA,NA,"transcribed_unitary_pseudogene","SELENOOLP","2","HGNC:53787","OTTHUMG00000017843.2"
"ENSG00000287525.1",1.89856905177491,-2.0641561515046,0.425233936944711,-4.85416607699629,1.20894391149639e-06,3.44395902008516e-06,"HAVANA","gene",NA,NA,"lncRNA","AL627308.3","2",NA,"OTTHUMG00000195624.1"
"ENSG00000110245.12",1.52795156101763,-2.44841068016135,0.504465137342082,-4.85347846446139,1.21314521382781e-06,3.45510564703903e-06,"HAVANA","gene",NA,NA,"protein_coding","APOC3","2","HGNC:610","OTTHUMG00000046115.8"
"ENSG00000251234.1",1.23564651240799,-2.47496642647654,0.509972123575971,-4.85314061702403,1.21521459934023e-06,3.46038225583301e-06,"HAVANA","gene",NA,NA,"processed_pseudogene","PSMA2P2","1","HGNC:43833","OTTHUMG00000160491.1"
"ENSG00000200312.1",5.98367284885558,-4.42556042013493,0.912712825757399,-4.84879832433871,1.24211623208866e-06,3.53299624076038e-06,"ENSEMBL","gene",NA,NA,"misc_RNA","RN7SKP255","3","HGNC:45979",NA
"ENSG00000187229.3",2.59501480376741,-2.43769290127543,0.502905897522932,-4.84721478368479,1.25206850583995e-06,3.56003573381554e-06,"HAVANA","gene",NA,NA,"lncRNA","AC100800.1","2",NA,"OTTHUMG00000163712.1"
"ENSG00000225623.1",1.38981794575202,-2.50542614514202,0.516925669322208,-4.84678222388749,1.2548003787738e-06,3.56737990428749e-06,"HAVANA","gene",NA,NA,"lncRNA","AGBL4-IT1","2","HGNC:41482","OTTHUMG00000008155.1"
"ENSG00000279847.3",3.20475240353697,-2.07612468348634,0.428939602051672,-4.84013290812034,1.29752323022765e-06,3.68512288577905e-06,"HAVANA","gene",NA,NA,"lncRNA","C8orf87","2","HGNC:42974","OTTHUMG00000164196.1"
"ENSG00000277693.2",2.58768352327509,-2.8473333310798,0.588712774292822,-4.83654076387266,1.32118188243872e-06,3.74876067442339e-06,"HAVANA","gene",NA,NA,"lncRNA","AP003900.1","2",NA,"OTTHUMG00000188300.3"
"ENSG00000224853.3",27.6571953663629,-2.31734841484547,0.479210365745649,-4.83576437508751,1.32634960487817e-06,3.76230962520505e-06,"HAVANA","gene",NA,NA,"lncRNA","LINC00393","2","HGNC:42721","OTTHUMG00000017077.3"
"ENSG00000287243.2",2.82212606234503,-2.86965835322437,0.593619756554676,-4.83416921613197,1.33702821845667e-06,3.7921514294494e-06,"HAVANA","gene",NA,NA,"lncRNA","THCAT155","2",NA,"OTTHUMG00000195122.2"
"ENSG00000278012.1",1.32645094818004,-2.56228720577642,0.530731786247363,-4.82783822671249,1.3802314183404e-06,3.91051964829619e-06,"HAVANA","gene",NA,NA,"lncRNA","AL031658.2","2",NA,"OTTHUMG00000186867.1"
"ENSG00000283176.1",1.67188073140087,-2.06441259560863,0.427757395899903,-4.82612951966752,1.39211992649941e-06,3.94280359887601e-06,"HAVANA","gene",NA,NA,"processed_pseudogene","AC103706.2","2",NA,"OTTHUMG00000191738.1"
"ENSG00000285935.1",0.236512133858164,2.11438630383972,0.438166571262574,4.82553084263625,1.39630853284166e-06,3.95396547127158e-06,"HAVANA","gene",NA,NA,"lncRNA","AL159978.1","2",NA,"OTTHUMG00000192659.1"
"ENSG00000260702.3",0.982013424805138,-2.40540696342837,0.498511673539933,-4.82517680347898,1.39879124557051e-06,3.96029361631505e-06,"HAVANA","gene",NA,NA,"unprocessed_pseudogene","AL031713.1","2",NA,"OTTHUMG00000172990.3"
"ENSG00000250698.1",2.96688246809271,-2.02861516826961,0.420582892663889,-4.82334208940539,1.41172539915204e-06,3.99573249089467e-06,"HAVANA","gene",NA,NA,"lncRNA","AC131182.1","1",NA,"OTTHUMG00000161374.1"
"ENSG00000251579.1",1.80137086470984,-2.61749678737313,0.542943850059004,-4.82093459036082,1.42887206876019e-06,4.04259246570807e-06,"HAVANA","gene",NA,NA,"processed_pseudogene","AC055733.3","2",NA,"OTTHUMG00000159702.1"
"ENSG00000231905.2",2.07316633274308,-2.47940911427376,0.514314499016846,-4.82080345588809,1.42981176197836e-06,4.04501219464916e-06,"HAVANA","gene",NA,NA,"processed_pseudogene","SETP10","1","HGNC:42929","OTTHUMG00000041096.1"
"ENSG00000224231.2",1.65788555613383,-2.07335565245243,0.430463625629199,-4.81656411600829,1.4605125001207e-06,4.12820966848276e-06,"HAVANA","gene",NA,NA,"lncRNA","LINC01832","1","HGNC:52638","OTTHUMG00000153616.2"
"ENSG00000244230.3",2.71452539342428,-3.7450057868988,0.778089100512986,-4.81308089835696,1.48621090724815e-06,4.19688580491918e-06,"ENSEMBL","gene",NA,NA,"misc_RNA","RN7SL151P","3","HGNC:46167",NA
"ENSG00000225900.1",2.16117589982711,-2.76466207412097,0.574818562496307,-4.80962560101516,1.5121325615239e-06,4.26731878556931e-06,"HAVANA","gene",NA,NA,"processed_pseudogene","HSPE1P13","1","HGNC:49332","OTTHUMG00000153568.1"
"ENSG00000125831.10",1.17788070705728,-2.06757336084241,0.430953111922834,-4.79767590403809,1.60517225256763e-06,4.52029639807884e-06,"HAVANA","gene",NA,NA,"protein_coding","CST11","2","HGNC:15959","OTTHUMG00000032060.3"
"ENSG00000227068.1",2.35820969929603,-2.14787063431201,0.447743021265076,-4.79710577787078,1.60974604386518e-06,4.53237734847091e-06,"HAVANA","gene",NA,NA,"lncRNA","AL162584.1","2",NA,"OTTHUMG00000020681.1"
"ENSG00000253898.1",3.54174175039987,-4.01242579417239,0.836482173200213,-4.79678578064809,1.61231868212427e-06,4.53935406126661e-06,"HAVANA","gene",NA,NA,"lncRNA","LINC01419","2","HGNC:50712","OTTHUMG00000164609.1"
"ENSG00000217488.2",2.79690121087749,-2.20199708321066,0.459091150490788,-4.79642676809742,1.61520969095277e-06,4.54669190913909e-06,"HAVANA","gene",NA,NA,"transcribed_processed_pseudogene","AL356057.1","1",NA,"OTTHUMG00000015059.2"
"ENSG00000202184.1",1.43041036328323,-2.65780422211639,0.554232812605894,-4.79546530206308,1.62297661978663e-06,4.56694525161384e-06,"ENSEMBL","gene",NA,NA,"snRNA","RNU6-1283P","3","HGNC:48246",NA
"ENSG00000200792.1",2.05354497134018,-2.9352261098941,0.61351870001885,-4.78424880904839,1.7162798012602e-06,4.81845679920166e-06,"ENSEMBL","gene",NA,NA,"snoRNA","SNORA80A","3","HGNC:32666",NA
"ENSG00000201428.1",2.54207425195376,-3.35178938165401,0.701162739347279,-4.78033014813969,1.75007561228083e-06,4.90902357051374e-06,"ENSEMBL","gene",NA,NA,"misc_RNA","RN7SKP71","3","HGNC:45795",NA
"ENSG00000233377.1",0.501642040936582,2.20267251518578,0.461335232842622,4.77455949248341,1.80101037679253e-06,5.04657896550066e-06,"HAVANA","gene",NA,NA,"processed_pseudogene","MTND4P20","2","HGNC:42207","OTTHUMG00000018801.2"
"ENSG00000247911.3",1.46629757724498,-2.01986133764348,0.423428562341734,-4.77025292406544,1.83994745332424e-06,5.15206794206689e-06,"HAVANA","gene",NA,NA,"processed_pseudogene","HMGN1P12","2","HGNC:39356","OTTHUMG00000163799.1"
"ENSG00000258968.2",2.17215025512932,-2.04044430199278,0.428224358798913,-4.7648954574089,1.88951590542918e-06,5.28222120603992e-06,"HAVANA","gene",NA,NA,"processed_pseudogene","AL049830.4","1",NA,"OTTHUMG00000170585.2"
"ENSG00000163424.9",1.08277599846294,-2.24718238114404,0.47167093356552,-4.76430117106609,1.89509277137128e-06,5.29719338835462e-06,"HAVANA","gene",NA,NA,"protein_coding","TEX55","1","HGNC:26553","OTTHUMG00000159349.4"
"ENSG00000277448.1",0.331934475273512,2.39070265052407,0.502099440975973,4.76141269123316,1.92242465788685e-06,5.37014549351985e-06,"HAVANA","gene",NA,NA,"lncRNA","LINC02338","2","HGNC:53258","OTTHUMG00000187310.1"
"ENSG00000218672.1",1.42447985080918,-2.57486522457827,0.540921612920869,-4.76014483997877,1.93454077998712e-06,5.40304586505673e-06,"HAVANA","gene",NA,NA,"lncRNA","AC008060.1","1",NA,"OTTHUMG00000151350.1"
"ENSG00000240198.5",1.65299665441632,-2.77665546119367,0.583540131729694,-4.75829392052828,1.95236075922599e-06,5.45122699309502e-06,"HAVANA","gene",NA,NA,"lncRNA","ARHGEF3-AS1","2","HGNC:40083","OTTHUMG00000158863.2"
"ENSG00000258337.1",3.0281625365131,-2.00861852464754,0.422558744194848,-4.75346576598432,1.99958975276741e-06,5.5743529369663e-06,"HAVANA","gene",NA,NA,"lncRNA","AC130895.1","2",NA,"OTTHUMG00000169461.1"
"ENSG00000154143.3",1.88049468829118,-2.03806107188211,0.4290185140997,-4.75052009389154,2.02894131025024e-06,5.65220247552558e-06,"HAVANA","gene",NA,NA,"protein_coding","PANX3","2","HGNC:20573","OTTHUMG00000165925.2"
"ENSG00000175535.6",1.51331892629708,-2.66937809157703,0.562241289001276,-4.74774468505988,2.0569746626913e-06,5.72763315643032e-06,"HAVANA","gene",NA,NA,"protein_coding","PNLIP","2","HGNC:9155","OTTHUMG00000019103.1"
"ENSG00000164651.17",1.68147347537856,-2.79928403663685,0.590544753683224,-4.74017255962014,2.13536280545312e-06,5.93727769771104e-06,"HAVANA","gene",NA,NA,"protein_coding","SP8","2","HGNC:19196","OTTHUMG00000094788.4"
"ENSG00000224007.1",1.95595420687047,-2.59877443366129,0.548499011195155,-4.73797469205766,2.15864762692724e-06,5.99819091787983e-06,"HAVANA","gene",NA,NA,"processed_pseudogene","USP12P2","1","HGNC:54575","OTTHUMG00000153786.1"
"ENSG00000237923.1",3.86714769877412,-2.25049343461954,0.475318497116679,-4.73470619862518,2.1937264456565e-06,6.09142425011028e-06,"HAVANA","gene",NA,NA,"lncRNA","LINC02570","2","HGNC:39766","OTTHUMG00000133550.1"
"ENSG00000238087.3",1.00940102411592,-2.13747630735477,0.452300185404945,-4.72579135788123,2.29220911845071e-06,6.35567676746187e-06,"HAVANA","gene",NA,NA,"unprocessed_pseudogene","FMO8P","2","HGNC:32209","OTTHUMG00000033268.1"
"ENSG00000222007.6",2.25165527865069,-2.16073188280425,0.4575444227408,-4.72245267434569,2.33017322970658e-06,6.45459062414675e-06,"HAVANA","gene",NA,NA,"lncRNA","AC064874.1","1",NA,"OTTHUMG00000153125.1"
"ENSG00000204113.6",3.10551450890899,-2.25798686890453,0.478606672313502,-4.71783407863875,2.38368769897232e-06,6.59977332742509e-06,"HAVANA","gene",NA,NA,"processed_pseudogene","BMP2KL","2","HGNC:17080","OTTHUMG00000021848.3"
"ENSG00000251423.3",1.499073971276,-2.39364555391598,0.507489683037967,-4.71663884788157,2.39772755036783e-06,6.6371115633304e-06,"HAVANA","gene",NA,NA,"lncRNA","AC016576.1","1",NA,"OTTHUMG00000161749.3"
"ENSG00000234520.6",0.960076346836751,-2.01226008815078,0.42708859023881,-4.71157538305018,2.45809137087578e-06,6.79478176659696e-06,"HAVANA","gene",NA,NA,"lncRNA","HRAT17","2",NA,"OTTHUMG00000155236.42"
"ENSG00000265015.1",1.0466577524395,-2.52277466518793,0.536126507332009,-4.70555854017053,2.53171841508021e-06,6.99306020562082e-06,"HAVANA","gene",NA,NA,"transcribed_processed_pseudogene","AP005901.3","2",NA,"OTTHUMG00000178818.1"
"ENSG00000163286.9",1.15795115611536,-2.2163600629989,0.472465498777164,-4.69105166141293,2.71804323854255e-06,7.4835613791491e-06,"HAVANA","gene",NA,NA,"protein_coding","ALPG","2","HGNC:441","OTTHUMG00000133257.3"
"ENSG00000287020.1",1.48869864258029,-2.59315187938831,0.553095710353497,-4.68843245544422,2.75305752369302e-06,7.5769178515701e-06,"HAVANA","gene",NA,NA,"lncRNA","AC091074.3","2",NA,"OTTHUMG00000194298.1"
"ENSG00000282828.2",0.308016950925725,2.02270482769999,0.431675466450441,4.68570716870289,2.78994926198753e-06,7.67360176484429e-06,"HAVANA","gene",NA,NA,"lncRNA","AC009971.1","2",NA,"OTTHUMG00000191581.2"
"ENSG00000125788.6",2.33856469439629,-3.3334384880715,0.71399782158812,-4.66869560001886,3.03118102510722e-06,8.31370980724106e-06,"HAVANA","gene",NA,NA,"protein_coding","DEFB126","2","HGNC:15900","OTTHUMG00000031616.4"
"ENSG00000260343.1",0.689712949653925,3.28715240743482,0.704261320799337,4.66751802257704,3.04860015669104e-06,8.3595715148276e-06,"HAVANA","gene",NA,NA,"lncRNA","LINC01043","2","HGNC:49031","OTTHUMG00000176083.1"
"ENSG00000264169.2",1.62248482301949,-2.33247887691713,0.499865642701652,-4.66621163301133,3.06803707567723e-06,8.40901923888423e-06,"ENSEMBL","gene",NA,NA,"misc_RNA","RN7SL665P","3","HGNC:46681",NA
"ENSG00000228481.1",2.5654491632091,-2.1362258448712,0.458428122172407,-4.65989266702928,3.16374313619888e-06,8.6629098505623e-06,"HAVANA","gene",NA,NA,"lncRNA","PRKCE-AS1","1","HGNC:40474","OTTHUMG00000151675.1"
"ENSG00000287841.1",1.3389758932064,-2.06704924096844,0.443858038847394,-4.65700530362395,3.20842182784558e-06,8.77822453155627e-06,"HAVANA","gene",NA,NA,"lncRNA","AC096585.1","2",NA,"OTTHUMG00000195277.1"
"ENSG00000287440.1",0.271213994405114,2.23316865249037,0.479638744201352,4.65593882789603,3.22507688054669e-06,8.82177752480685e-06,"HAVANA","gene",NA,NA,"lncRNA","AC063919.2","2",NA,"OTTHUMG00000195840.1"
"ENSG00000287945.1",2.00570975913945,-2.05002272704373,0.440583102424104,-4.65297628475634,3.27177889306957e-06,8.94237701905203e-06,"HAVANA","gene",NA,NA,"lncRNA","AL603824.1","2",NA,"OTTHUMG00000194021.1"
"ENSG00000095981.11",2.72541271530981,-2.2823553425276,0.490645118536815,-4.65174370700754,3.29139991332662e-06,8.99497860062052e-06,"HAVANA","gene",NA,NA,"protein_coding","KCNK16","2","HGNC:14464","OTTHUMG00000014645.3"
"ENSG00000267663.1",0.241278973836004,2.96818709482013,0.638138481106141,4.65132127696657,3.29815037343893e-06,9.01137065249269e-06,"HAVANA","gene",NA,NA,"processed_pseudogene","PPIAP56","1","HGNC:53680","OTTHUMG00000180721.1"
"ENSG00000234460.2",1.29538759824062,-2.06220810262865,0.443991832609477,-4.64469828309322,3.40573813692865e-06,9.28973988451722e-06,"HAVANA","gene",NA,NA,"transcribed_unprocessed_pseudogene","AL772337.3","2",NA,"OTTHUMG00000020156.2"
"ENSG00000250313.3",0.771390461923357,-2.05330523307689,0.443088097681125,-4.63407896493437,3.58530130325662e-06,9.75976053630821e-06,"HAVANA","gene",NA,NA,"lncRNA","LINC02229","1","HGNC:53098","OTTHUMG00000162359.3"
"ENSG00000238825.1",1.83754663151444,-2.21030170596469,0.477730837985121,-4.62666742487645,3.71596492908684e-06,1.01045394036296e-05,"ENSEMBL","gene",NA,NA,"snRNA","RNVU1-2","3","HGNC:48308",NA
"ENSG00000248221.1",1.92357874477633,-2.05354615051027,0.44447404479752,-4.62017113158039,3.83423655283056e-06,1.04096035159581e-05,"HAVANA","gene",NA,NA,"lncRNA","STX18-IT1","2","HGNC:41415","OTTHUMG00000159966.1"
"ENSG00000285834.1",1.3540233813863,-2.58924397586835,0.56088082669506,-4.61638881672109,3.90475064520658e-06,1.05962392190228e-05,"HAVANA","gene",NA,NA,"lncRNA","AL356413.1","2",NA,"OTTHUMG00000192801.1"
"ENSG00000271437.1",1.54129038977974,-2.13325344783771,0.463010456670655,-4.60735479534779,4.07823804217606e-06,1.10520043328613e-05,"HAVANA","gene",NA,NA,"processed_pseudogene","AL356423.1","1",NA,"OTTHUMG00000184876.1"
"ENSG00000242241.3",1.3557106373143,-2.17632366243051,0.472564811753536,-4.60534430050954,4.11783987543558e-06,1.11530164753303e-05,"ENSEMBL","gene",NA,NA,"misc_RNA","RN7SL306P","3","HGNC:46322",NA
"ENSG00000221439.1",1.56741526719918,-2.63746628423082,0.572800902206335,-4.60450790854507,4.13442306758718e-06,1.11966654891245e-05,"ENSEMBL","gene",NA,NA,"snRNA","RNU4ATAC16P","3","HGNC:46902",NA
"ENSG00000101323.5",5.07409120641146,-2.31119770139433,0.502199910336994,-4.60214678223147,4.18158331527237e-06,1.1319903753797e-05,"HAVANA","gene",NA,NA,"protein_coding","HAO1","2","HGNC:4809","OTTHUMG00000031841.3"
"ENSG00000227248.1",1.32029485767709,-2.51798437434018,0.548395312973319,-4.59154977216715,4.39966686536475e-06,1.18814068834691e-05,"HAVANA","gene",NA,NA,"lncRNA","FAM155A-IT1","2","HGNC:41503","OTTHUMG00000017327.1"
"ENSG00000206177.7",0.580375104715477,2.23813777364049,0.487945738354802,4.58685791823242,4.49966679064316e-06,1.21384592308397e-05,"HAVANA","gene",NA,NA,"protein_coding","HBM","2","HGNC:4826","OTTHUMG00000059926.2"
"ENSG00000225087.2",3.10945494090833,-2.04457718398561,0.446153869623361,-4.58267275752113,4.59070163329072e-06,1.23687164127184e-05,"HAVANA","gene",NA,NA,"lncRNA","AL583808.1","2",NA,"OTTHUMG00000009453.11"
"ENSG00000233340.1",2.24684001949778,-2.55801894566636,0.559358097383642,-4.57313294941347,4.80485040841091e-06,1.29202662101907e-05,"HAVANA","gene",NA,NA,"lncRNA","AL139120.1","2",NA,"OTTHUMG00000019064.1"
"ENSG00000198573.7",1.23364812156447,-2.73432578334289,0.598957860585652,-4.56513882407238,4.99163904573384e-06,1.34044855490784e-05,"HAVANA","gene",NA,NA,"protein_coding","SPANXC","2","HGNC:14331","OTTHUMG00000022556.3"
"ENSG00000265538.1",0.20361637734169,2.4859795845301,0.54538668369873,4.55819633818443,5.15947941305644e-06,1.38350399440048e-05,"ENSEMBL","gene",NA,NA,"miRNA","MIR4421","3","HGNC:41879",NA
"ENSG00000227521.2",1.37939570165856,-2.13432457591649,0.468647048974896,-4.55422600139068,5.25788061287721e-06,1.40854987789615e-05,"HAVANA","gene",NA,NA,"processed_pseudogene","TUBB4BP8","2","HGNC:55021","OTTHUMG00000021976.2"
"ENSG00000147246.10",6.20072336465365,-2.0283284370939,0.446379492760268,-4.54395524434012,5.5208384633227e-06,1.47627041791478e-05,"HAVANA","gene",NA,NA,"protein_coding","HTR2C","2","HGNC:5295","OTTHUMG00000022226.4"
"ENSG00000232746.1",0.712154521774331,2.38029401054068,0.524137906138776,4.54135063055419,5.5894980869334e-06,1.49354630978795e-05,"HAVANA","gene",NA,NA,"lncRNA","LINC02022","1","HGNC:52857","OTTHUMG00000155439.3"
"ENSG00000258053.1",5.45431502434054,-2.39485151154042,0.52765245546351,-4.53869111522791,5.66044799585953e-06,1.5116614463859e-05,"HAVANA","gene",NA,NA,"lncRNA","AC025575.2","2",NA,"OTTHUMG00000169541.1"
"ENSG00000257035.1",1.7137714706307,-3.06678528325025,0.675838096235149,-4.53775142350544,5.68572235398846e-06,1.51798806341369e-05,"HAVANA","gene",NA,NA,"unprocessed_pseudogene","AC025252.2","2",NA,"OTTHUMG00000168450.1"
"ENSG00000259202.1",2.05278218676701,-2.37186365820571,0.523779216581723,-4.52836535532073,5.94417390768658e-06,1.58451773169345e-05,"HAVANA","gene",NA,NA,"lncRNA","AC012568.1","1",NA,"OTTHUMG00000172245.1"
"ENSG00000253554.7",1.34619770866715,-2.54066206994414,0.561317933984566,-4.52624424790602,6.00411826744058e-06,1.59969584135846e-05,"HAVANA","gene",NA,NA,"lncRNA","LINC01414","2","HGNC:50707","OTTHUMG00000164358.6"
"ENSG00000239742.3",1.31135903060808,-2.11296488549447,0.467410933731495,-4.52057222672558,6.16726985856099e-06,1.64088353931059e-05,"ENSEMBL","gene",NA,NA,"misc_RNA","RN7SL672P","3","HGNC:46688",NA
"ENSG00000121335.12",1.68008039463313,-2.74848147361003,0.608128569955994,-4.51957301366208,6.19644755280074e-06,1.64809749766659e-05,"HAVANA","gene",NA,NA,"protein_coding","PRB2","2","HGNC:9338","OTTHUMG00000156975.7"
"ENSG00000287630.1",4.27383980826887,-2.26250404665927,0.50217442701556,-4.50541470242803,6.62434447531554e-06,1.75605789748447e-05,"HAVANA","gene",NA,NA,"lncRNA","AC011370.1","2",NA,"OTTHUMG00000195468.1"
"ENSG00000227929.4",1.84377005695729,-2.48700813124401,0.552467641237895,-4.50163583458291,6.74324476126525e-06,1.78629247214541e-05,"HAVANA","gene",NA,NA,"lncRNA","SRGAP3-AS3","2","HGNC:40900","OTTHUMG00000155028.2"
"ENSG00000286595.1",0.334059437207452,2.2234344859532,0.494632418919697,4.49512486627806,6.95291342217721e-06,1.84000266270719e-05,"HAVANA","gene",NA,NA,"lncRNA","AL512358.1","2",NA,"OTTHUMG00000194337.1"
"ENSG00000270575.1",1.66178834221719,-2.73487456565084,0.608422265914912,-4.49502708704831,6.9561091731158e-06,1.84074670247986e-05,"HAVANA","gene",NA,NA,"processed_pseudogene","AL160281.1","1",NA,"OTTHUMG00000184436.1"
"ENSG00000240922.1",1.71088731158702,-2.45354026824067,0.545982966272205,-4.49380368950454,6.9962128258823e-06,1.85095011589829e-05,"HAVANA","gene",NA,NA,"lncRNA","LSAMP-AS1","2","HGNC:40350","OTTHUMG00000159307.2"
"ENSG00000252452.1",2.08917602937611,-2.02804075749025,0.451316060283664,-4.49361530856131,7.00240767172299e-06,1.85238447105211e-05,"ENSEMBL","gene",NA,NA,"snRNA","RNU6-107P","3","HGNC:47070",NA
"ENSG00000134812.8",1.46792187056556,-2.04083560257435,0.454338476546088,-4.49188371209262,7.05959694313889e-06,1.86627649696951e-05,"HAVANA","gene",NA,NA,"protein_coding","CBLIF","2","HGNC:4268","OTTHUMG00000167399.2"
"ENSG00000228368.1",2.55065974236422,-2.34660805795344,0.52286326360933,-4.4879956601938,7.18963931252847e-06,1.89876864265056e-05,"HAVANA","gene",NA,NA,"lncRNA","AC106873.1","2",NA,"OTTHUMG00000150015.1"
"ENSG00000250453.2",2.57460528238272,-3.62973172281744,0.809997215733772,-4.48116567848852,7.42364524251726e-06,1.95776321665108e-05,"HAVANA","gene",NA,NA,"lncRNA","AC008825.1","2",NA,"OTTHUMG00000161934.5"
"ENSG00000286894.1",2.20297853690565,-2.30304505211315,0.514388522597981,-4.47724813236761,7.56113502608267e-06,1.9923769612783e-05,"HAVANA","gene",NA,NA,"lncRNA","AC009141.1","2",NA,"OTTHUMG00000194158.1"
"ENSG00000264464.1",1.15936791727677,-2.55639005434812,0.571021107737305,-4.47687488204757,7.57436087890248e-06,1.99564248629684e-05,"HAVANA","gene",NA,NA,"lncRNA","LINC02837","2","HGNC:54371","OTTHUMG00000179657.2"
"ENSG00000196228.3",30.771254951262,3.39917402757383,0.759293267463316,4.47676039447835,7.57842209355729e-06,1.99660270828886e-05,"HAVANA","gene",NA,NA,"protein_coding","SULT1C3","2","HGNC:33543","OTTHUMG00000153227.2"
"ENSG00000264480.1",1.56680995475622,-2.34674214395489,0.524664712775603,-4.47284158208403,7.71869615392903e-06,2.03132509055062e-05,"ENSEMBL","gene",NA,NA,"miRNA","MIR4714","3","HGNC:41763",NA
"ENSG00000243373.3",1.52018266138373,-2.70196090763467,0.604522361041103,-4.46957975711829,7.83734307617604e-06,2.06062510580394e-05,"ENSEMBL","gene",NA,NA,"misc_RNA","RN7SL173P","3","HGNC:46189",NA
"ENSG00000277912.1",0.281713369532792,2.13073877768833,0.477092434216244,4.46609215505306,7.96613062812417e-06,2.09230479904297e-05,"ENSEMBL","gene",NA,NA,"miRNA","MIR8089","3","HGNC:50196",NA
"ENSG00000264940.5",2.55983351323246,-3.71196111997417,0.833287111664241,-4.45460042284903,8.40495817305976e-06,2.20225073049654e-05,"HAVANA","gene",NA,NA,"snoRNA","SNORD3C","2","HGNC:33191","OTTHUMG00000178446.1"
"ENSG00000286411.1",2.21895199847758,-2.0079034127145,0.450993362217363,-4.4521795239788,8.50030505036968e-06,2.22613761322407e-05,"HAVANA","gene",NA,NA,"lncRNA","AC002458.1","2",NA,"OTTHUMG00000195025.1"
"ENSG00000243314.1",1.55275677795289,-2.19039007812465,0.492363230677123,-4.44872797489835,8.63803327982934e-06,2.26084771612469e-05,"HAVANA","gene",NA,NA,"processed_pseudogene","AC106707.2","1",NA,"OTTHUMG00000157422.1"
"ENSG00000270038.1",1.43909468786343,-2.29087076786789,0.515014712895787,-4.44816567469879,8.66067197159629e-06,2.26652534090336e-05,"HAVANA","gene",NA,NA,"lncRNA","AL133467.4","2",NA,"OTTHUMG00000184114.1"
"ENSG00000205754.12",1.53766575476392,2.94272628542735,0.662960639171991,4.43876470419523,9.04766617435528e-06,2.36367133656885e-05,"HAVANA","gene",NA,NA,"transcribed_unprocessed_pseudogene","SLCO1B7","2","HGNC:32934","OTTHUMG00000169045.3"
"ENSG00000256025.2",3.83078482088647,-2.27953617642493,0.514984395253932,-4.42641796029747,9.58107975139456e-06,2.49879984153137e-05,"HAVANA","gene",NA,NA,"lncRNA","CACNA1C-AS4","2","HGNC:40116","OTTHUMG00000168136.2"
"ENSG00000248843.1",1.26720885055099,-2.10121424520459,0.474703915766579,-4.42636804841062,9.58329584409781e-06,2.49924176087707e-05,"HAVANA","gene",NA,NA,"processed_pseudogene","AL645949.2","1",NA,"OTTHUMG00000157427.1"
"ENSG00000223409.1",2.49382286156426,-2.41619520257103,0.545988827837532,-4.42535648969362,9.62831481654697e-06,2.51043571624906e-05,"HAVANA","gene",NA,NA,"processed_pseudogene","RPL17P17","1","HGNC:35515","OTTHUMG00000157309.1"
"ENSG00000288648.1",1.84258036490137,-2.05317343456513,0.464189881463745,-4.42313268029624,9.72799577085836e-06,2.53504638227807e-05,"HAVANA","gene",NA,NA,"lncRNA","AL139190.1","2",NA,NA
"ENSG00000287201.1",2.73283171037014,-2.28290354076045,0.516357894015931,-4.42116517868132,9.81700910167907e-06,2.55712991932498e-05,"HAVANA","gene",NA,NA,"lncRNA","AC009682.1","2",NA,"OTTHUMG00000194433.1"
"ENSG00000254811.5",4.6350377339518,-2.34392324870524,0.531466797873652,-4.41029102492018,1.03231786909201e-05,2.68314159975036e-05,"HAVANA","gene",NA,NA,"transcribed_unprocessed_pseudogene","AP002001.1","1",NA,"OTTHUMG00000166294.1"
"ENSG00000281008.1",0.846510691326498,-2.08617041897297,0.473146483550638,-4.40914281623251,1.0378057189447e-05,2.69682008974566e-05,"HAVANA","gene",NA,NA,"TEC","AC004808.2","2",NA,"OTTHUMG00000189690.1"
"ENSG00000242493.3",1.14662370573485,-2.12102835765584,0.481156639889696,-4.40818681862538,1.0423961420941e-05,2.70772062284366e-05,"ENSEMBL","gene",NA,NA,"misc_RNA","RN7SL37P","3","HGNC:46053",NA
"ENSG00000260976.2",1.60704343759756,-2.95050201916994,0.67077882601888,-4.39862128129681,1.08940741333646e-05,2.82386566969377e-05,"HAVANA","gene",NA,NA,"lncRNA","LINC01633","2","HGNC:52420","OTTHUMG00000176171.2"
"ENSG00000235967.1",1.89933442623307,-2.32090706353764,0.527714576815901,-4.39803478149385,1.09235476401725e-05,2.83073976330953e-05,"HAVANA","gene",NA,NA,"processed_pseudogene","COX5BP3","1","HGNC:2272","OTTHUMG00000155234.1"
"ENSG00000233848.1",1.45214403178773,-2.07033203440995,0.470940086968809,-4.39616862462394,1.10178353960156e-05,2.85424729005681e-05,"HAVANA","gene",NA,NA,"lncRNA","AL513188.1","2",NA,"OTTHUMG00000014339.1"
"ENSG00000232824.1",1.52891418970349,-2.36018516470277,0.537062284935362,-4.39462094231181,1.10966211278052e-05,2.87372496342242e-05,"HAVANA","gene",NA,NA,"processed_pseudogene","PRR13P1","1","HGNC:50614","OTTHUMG00000035654.1"
"ENSG00000224563.1",1.92764374353181,-2.78458939029578,0.633770943098286,-4.39368421764951,1.11445666559617e-05,2.88582957781388e-05,"HAVANA","gene",NA,NA,"lncRNA","LPP-AS1","1","HGNC:40346","OTTHUMG00000156388.1"
"ENSG00000142484.7",0.938213668064111,-2.01512840739163,0.4587242425618,-4.39289712734147,1.11850061112237e-05,2.89473661834879e-05,"HAVANA","gene",NA,NA,"protein_coding","TM4SF5","2","HGNC:11857","OTTHUMG00000090776.4"
"ENSG00000265128.1",1.38237871867423,-2.35404899274894,0.535949114682796,-4.3922994333934,1.12158082214885e-05,2.90192456602858e-05,"HAVANA","gene",NA,NA,"lncRNA","AC016866.2","2",NA,"OTTHUMG00000179749.1"
"ENSG00000203266.3",0.858400206033234,-2.1016400820926,0.478711516800277,-4.39020163153798,1.13245604323331e-05,2.92816498630838e-05,"HAVANA","gene",NA,NA,"lncRNA","AL157414.1","1",NA,"OTTHUMG00000032808.4"
"ENSG00000178473.7",1.858533659699,-2.3748762701388,0.541211557909488,-4.38807382331619,1.14358961479477e-05,2.95535781028197e-05,"HAVANA","gene",NA,NA,"protein_coding","UCN3","2","HGNC:17781","OTTHUMG00000017594.3"
"ENSG00000184471.8",0.821715518195182,-2.03360735866164,0.463595922222926,-4.38659457768861,1.15139112498749e-05,2.97455641942037e-05,"HAVANA","gene",NA,NA,"protein_coding","C1QTNF8","2","HGNC:31374","OTTHUMG00000167756.2"
"ENSG00000236193.3",1.75927043938757,-3.39247422628614,0.773553735032715,-4.38557022304684,1.1568232928636e-05,2.98746248173216e-05,"HAVANA","gene",NA,NA,"lncRNA","LINC01953","2","HGNC:52776","OTTHUMG00000186255.1"
"ENSG00000232286.1",0.584097357027655,2.13021952453385,0.486831367763382,4.37568255784457,1.21053078250163e-05,3.11993812414079e-05,"HAVANA","gene",NA,NA,"lncRNA","AL121902.1","2",NA,"OTTHUMG00000033074.2"
"ENSG00000188393.9",0.921922081033559,-2.09789743857868,0.479453554894409,-4.37560096731519,1.21098370765789e-05,3.12076969683661e-05,"HAVANA","gene",NA,NA,"protein_coding","CLEC2A","1","HGNC:24191","OTTHUMG00000140393.3"
"ENSG00000255130.1",0.985266201210197,-2.04818974892918,0.468291786029587,-4.37374690317498,1.22131968497507e-05,3.14537580536234e-05,"HAVANA","gene",NA,NA,"lncRNA","AC022874.1","1",NA,"OTTHUMG00000165216.1"
"ENSG00000253339.2",6.70877622497173,-2.56286877336134,0.586986555063253,-4.3661456148432,1.26458192828425e-05,3.25189845870314e-05,"HAVANA","gene",NA,NA,"lncRNA","AC111149.2","2",NA,"OTTHUMG00000164494.4"
"ENSG00000242559.3",1.54409636034924,-2.26935691166567,0.519817348072365,-4.36568136881371,1.26727099270498e-05,3.25828878718985e-05,"ENSEMBL","gene",NA,NA,"misc_RNA","RN7SL144P","3","HGNC:46160",NA
"ENSG00000237336.1",1.54935291424765,-2.23591671812537,0.51220428291431,-4.36528313547787,1.26958203679681e-05,3.26388041333629e-05,"HAVANA","gene",NA,NA,"lncRNA","AL445489.1","2",NA,"OTTHUMG00000020639.1"
"ENSG00000229327.1",1.62589349675733,-2.48289012650672,0.569221753117422,-4.36190309472332,1.28935979592914e-05,3.31259265459917e-05,"HAVANA","gene",NA,NA,"lncRNA","AL391839.1","2",NA,"OTTHUMG00000017923.1"
"ENSG00000228076.2",2.22696853015766,-2.10149241895417,0.481954959819377,-4.36035022804154,1.2985443736192e-05,3.33529517718844e-05,"HAVANA","gene",NA,NA,"processed_pseudogene","AL591719.1","1",NA,"OTTHUMG00000011230.2"
"ENSG00000233451.1",2.22593799311243,-2.29745826532738,0.528155644418847,-4.34996442735242,1.36159618196129e-05,3.48752061362019e-05,"HAVANA","gene",NA,NA,"lncRNA","AL513128.1","2",NA,"OTTHUMG00000017809.1"
"ENSG00000208308.1",1.76037087179542,-2.48517714559228,0.572112783567128,-4.34385879318616,1.40001523901974e-05,3.58075646494958e-05,"ENSEMBL","gene",NA,NA,"snoRNA","SNORA40B","3","HGNC:52204",NA
"ENSG00000287785.1",0.516444397397596,2.00997250208095,0.463256786296633,4.33878695690369,1.43271324268992e-05,3.66067364179371e-05,"HAVANA","gene",NA,NA,"lncRNA","AC103833.2","2",NA,"OTTHUMG00000194552.1"
"ENSG00000279176.1",1.49957922974336,-2.03787729546749,0.470621991669077,-4.33017863920912,1.48988427716317e-05,3.80066853303273e-05,"HAVANA","gene",NA,NA,"TEC","AC079316.2","2",NA,"OTTHUMG00000169818.1"
"ENSG00000198443.6",2.0174600647342,-2.9347302252934,0.678580724702219,-4.32480634722015,1.52665913577908e-05,3.8876495798435e-05,"HAVANA","gene",NA,NA,"protein_coding","KRTAP4-1","2","HGNC:18907","OTTHUMG00000132081.1"
"ENSG00000242256.3",1.71105325946764,-2.79395103322329,0.646354936365667,-4.3226265880062,1.54182565002604e-05,3.92376855905384e-05,"ENSEMBL","gene",NA,NA,"misc_RNA","RN7SL57P","3","HGNC:46073",NA
"ENSG00000070748.19",1.1377240733206,-2.42433678658359,0.560941794227918,-4.32190436071973,1.54688242889161e-05,3.93538323960265e-05,"HAVANA","gene",NA,NA,"protein_coding","CHAT","2","HGNC:1912","OTTHUMG00000018198.4"
"ENSG00000242510.1",1.48913023928357,-2.40648657889233,0.556822992128955,-4.32181611195935,1.54750139827863e-05,3.93653987424493e-05,"HAVANA","gene",NA,NA,"processed_pseudogene","NDUFB4P1","1","HGNC:45248","OTTHUMG00000158738.1"
"ENSG00000230815.1",1.51654967544548,-2.06199887935659,0.477131582265335,-4.32165665824634,1.54862039202471e-05,3.93896809205267e-05,"HAVANA","gene",NA,NA,"lncRNA","AL807757.1","2",NA,"OTTHUMG00000020272.1"
"ENSG00000240151.3",1.17237708578869,-2.74938614877029,0.636206790832225,-4.32152908203606,1.54951623537945e-05,3.94103747077717e-05,"ENSEMBL","gene",NA,NA,"misc_RNA","RN7SL826P","3","HGNC:46842",NA
"ENSG00000269993.1",0.540646866047146,2.20104755818069,0.509965225309117,4.31607382022277,1.5882888282123e-05,4.03493916748774e-05,"HAVANA","gene",NA,NA,"lncRNA","KC877982.1","2",NA,"OTTHUMG00000184144.2"
"ENSG00000254915.1",1.81221430638349,-2.19711908837329,0.509259246330806,-4.31434304669665,1.60078213236628e-05,4.06430694020501e-05,"HAVANA","gene",NA,NA,"processed_pseudogene","AP003168.1","1",NA,"OTTHUMG00000165350.1"
"ENSG00000222969.1",2.69909910938057,-3.5310602006007,0.819133046003818,-4.3107285413855,1.62717559118279e-05,4.12803720273061e-05,"ENSEMBL","gene",NA,NA,"misc_RNA","RN7SKP8","3","HGNC:42626",NA
"ENSG00000122872.8",1.58506514540131,-2.46216920597,0.571570948471524,-4.30772279898804,1.64943917607684e-05,4.18097618781236e-05,"HAVANA","gene",NA,NA,"processed_pseudogene","ARL4AP1","1","HGNC:17741","OTTHUMG00000018289.2"
"ENSG00000196119.8",3.01603012127629,-2.41924379347597,0.561712320249332,-4.30690890383555,1.65551748152728e-05,4.19616138715332e-05,"HAVANA","gene",NA,NA,"protein_coding","OR8A1","2","HGNC:8469","OTTHUMG00000165923.3"
"ENSG00000285722.1",1.87248830309778,-2.47430665779061,0.57575654385448,-4.29748768676779,1.72744853424521e-05,4.3703891469445e-05,"HAVANA","gene",NA,NA,"lncRNA","AC207130.1","2",NA,"OTTHUMG00000192777.1"
"ENSG00000254856.1",1.48256109198506,-2.02982305976493,0.472950996928145,-4.29182531160479,1.77210341611169e-05,4.47981609676611e-05,"HAVANA","gene",NA,NA,"processed_pseudogene","NDUFA3P2","1","HGNC:45051","OTTHUMG00000167668.1"
"ENSG00000260033.1",2.04674852763051,-2.6353398909172,0.614247514297165,-4.29035499465164,1.78387732911463e-05,4.50839071782888e-05,"HAVANA","gene",NA,NA,"processed_pseudogene","AC023813.2","1",NA,"OTTHUMG00000173495.1"
"ENSG00000280089.1",1.39377036227634,-2.02272032027625,0.472043344205631,-4.28503090893093,1.8271378396167e-05,4.61237019316277e-05,"HAVANA","gene",NA,NA,"TEC","AP000590.1","2",NA,"OTTHUMG00000188670.1"
"ENSG00000261711.6",1.44460464967929,-3.1069413171916,0.725264326357715,-4.28387445001561,1.83666579715229e-05,4.63544531115031e-05,"HAVANA","gene",NA,NA,"transcribed_unprocessed_pseudogene","FRG2DP","2","HGNC:27093","OTTHUMG00000176004.4"
"ENSG00000244730.1",1.50784274139372,-2.20589276189072,0.515242967465598,-4.28126709373865,1.85832151673296e-05,4.68763143614364e-05,"HAVANA","gene",NA,NA,"processed_pseudogene","AC139451.1","1",NA,"OTTHUMG00000158199.1"
"ENSG00000282265.1",1.78550601088439,-2.94372088472028,0.688655199933695,-4.27459327251679,1.91486531260255e-05,4.82416769873209e-05,"HAVANA","gene",NA,NA,"lncRNA","AL450990.1","2",NA,"OTTHUMG00000191437.1"
"ENSG00000257057.3",1.53282145598353,-2.02978430879177,0.475941174622399,-4.26477980267658,2.0009944356555e-05,5.03347912486899e-05,"HAVANA","gene",NA,NA,"protein_coding","C11orf97","2","HGNC:49544","OTTHUMG00000167794.3"
"ENSG00000249600.1",0.266559208195897,2.75381166131516,0.647009572065311,4.25621471491489,2.07917041819416e-05,5.22436957757812e-05,"HAVANA","gene",NA,NA,"processed_pseudogene","AC106806.2","1",NA,"OTTHUMG00000162943.1"
"ENSG00000243954.3",1.35463758836136,-2.5177549747481,0.592516186450631,-4.24925939969724,2.14478437693676e-05,5.38161828318006e-05,"ENSEMBL","gene",NA,NA,"misc_RNA","RN7SL743P","3","HGNC:46759",NA
"ENSG00000272259.5",1.22596997157953,-2.05742470838457,0.484280980245595,-4.24841113384463,2.15292016715986e-05,5.40118370469857e-05,"HAVANA","gene",NA,NA,"lncRNA","LINC01749","2","HGNC:52537","OTTHUMG00000185413.1"
"ENSG00000257582.5",1.14790976672469,-2.63893801101173,0.621492712462753,-4.24612864816157,2.17495781174477e-05,5.45292265776608e-05,"HAVANA","gene",NA,NA,"lncRNA","LINC01475","2","HGNC:51113","OTTHUMG00000170536.1"
"ENSG00000229982.1",1.41911204227513,-2.95035668660911,0.696067126818136,-4.23860942851272,2.24908549001219e-05,5.63123521434462e-05,"HAVANA","gene",NA,NA,"processed_pseudogene","GTF3AP6","2","HGNC:49749","OTTHUMG00000156949.1"
"ENSG00000218521.1",1.90570706103155,-2.92122550228897,0.690081702504276,-4.23315890232703,2.30431569000793e-05,5.76446790112829e-05,"HAVANA","gene",NA,NA,"processed_pseudogene","AL589655.1","1",NA,"OTTHUMG00000014628.1"
"ENSG00000267978.5",3.58651634799369,-3.82249380628527,0.902993885123628,-4.23313365600691,2.30457448877786e-05,5.76474514474741e-05,"HAVANA","gene",NA,NA,"protein_coding","MAGEA9B","2","HGNC:31909","OTTHUMG00000188533.3"
"ENSG00000261761.5",5.14650455399097,-2.96408686276925,0.701009306204917,-4.22831314296817,2.35449942464676e-05,5.88317864998573e-05,"HAVANA","gene",NA,NA,"lncRNA","LINC02616","2","HGNC:54078","OTTHUMG00000175975.6"
"ENSG00000126890.13",7.95205355596796,-2.96073695964934,0.700896481617236,-4.22421432736798,2.39775782272649e-05,5.98440181740082e-05,"HAVANA","gene",NA,NA,"protein_coding","CTAG2","2","HGNC:2492","OTTHUMG00000024239.3"
"ENSG00000266693.1",1.28401334059548,-2.91335043133849,0.69040010614843,-4.21980009185014,2.44519043416235e-05,6.09684608387668e-05,"HAVANA","gene",NA,NA,"unprocessed_pseudogene","OR4K8P","2","HGNC:14787","OTTHUMG00000178703.1"
"ENSG00000244461.1",3.14124417384373,-4.20333646375467,0.998261664176588,-4.21065599791591,2.54630225026199e-05,6.33764563406161e-05,"HAVANA","gene",NA,NA,"lncRNA","LINC02077","2","HGNC:52925","OTTHUMG00000158840.1"
"ENSG00000266965.1",2.68870263338421,-2.06344378674834,0.490065271438271,-4.21054889421654,2.5475097958744e-05,6.34032178287493e-05,"HAVANA","gene",NA,NA,"lncRNA","AC090220.1","2",NA,"OTTHUMG00000178766.1"
"ENSG00000241754.2",2.05048050239289,-2.26478934543634,0.538681167561701,-4.20432248576228,2.61865359895108e-05,6.50927124238593e-05,"HAVANA","gene",NA,NA,"lncRNA","AC063938.1","2",NA,"OTTHUMG00000159096.5"
"ENSG00000215397.4",1.33545634337829,-2.51610272803626,0.599130987036794,-4.19958703935596,2.67402226074565e-05,6.64035694357146e-05,"HAVANA","gene",NA,NA,"protein_coding","SCRT2","2","HGNC:15952","OTTHUMG00000130829.3"
"ENSG00000255256.1",1.20296708368127,-2.05260828578887,0.489594609066199,-4.19246504716177,2.75939607424262e-05,6.84278809094017e-05,"HAVANA","gene",NA,NA,"lncRNA","AL136146.2","2",NA,"OTTHUMG00000166314.1"
"ENSG00000255097.1",2.03111115742016,-2.23414815193334,0.533020916491524,-4.19148307844851,2.77136861401486e-05,6.87069962729375e-05,"HAVANA","gene",NA,NA,"lncRNA","AP006259.1","2",NA,"OTTHUMG00000165718.1"
"ENSG00000250170.1",2.02680289247386,-2.17324530681766,0.518761395124288,-4.18929651906148,2.79820566227457e-05,6.933286785249e-05,"HAVANA","gene",NA,NA,"lncRNA","RASA2-IT1","2","HGNC:41376","OTTHUMG00000160224.1"
"ENSG00000248930.1",1.32817925892153,-2.09154318108227,0.499708398705071,-4.18552737256813,2.84504779543569e-05,7.04097525075281e-05,"HAVANA","gene",NA,NA,"processed_pseudogene","CHP1P1","1","HGNC:54895","OTTHUMG00000162437.1"
"ENSG00000132446.7",3.52161142948405,-4.34069331560914,1.03826210310581,-4.18072980090921,2.90574984322762e-05,7.18340944215868e-05,"HAVANA","gene",NA,NA,"protein_coding","FTHL17","2","HGNC:3987","OTTHUMG00000021332.2"
"ENSG00000286973.1",0.31570947024169,2.42109331842482,0.582079072084045,4.15938904959504,3.19099977238721e-05,7.85333123208872e-05,"HAVANA","gene",NA,NA,"lncRNA","AC087490.1","2",NA,"OTTHUMG00000194740.1"
"ENSG00000257185.2",3.95145513864319,-2.01587826352634,0.484777549687706,-4.15835730186962,3.20544372719011e-05,7.88604338963121e-05,"HAVANA","gene",NA,NA,"lncRNA","LINC02293","2","HGNC:53209","OTTHUMG00000170416.7"
"ENSG00000205409.3",1.28402142394617,-2.33446228097976,0.561870581512418,-4.15480425171213,3.25566141096466e-05,8.00506739539732e-05,"HAVANA","gene",NA,NA,"protein_coding","OR52E6","2","HGNC:15215","OTTHUMG00000168802.1"
"ENSG00000188100.9",1.00189043462957,-2.09070677134738,0.503290879073677,-4.1540724425513,3.26609697902287e-05,8.029902307435e-05,"HAVANA","gene",NA,NA,"protein_coding","FAM25A","2","HGNC:23436","OTTHUMG00000018664.3"
"ENSG00000214107.8",7.78271595739103,-2.15119925820404,0.517953767331657,-4.15326500912693,3.27764781643953e-05,8.05706038407479e-05,"HAVANA","gene",NA,NA,"protein_coding","MAGEB1","2","HGNC:6808","OTTHUMG00000021322.2"
"ENSG00000256721.1",1.81880545734607,-2.36609798664804,0.569969281770281,-4.15127281824579,3.30631357161187e-05,8.12377471746882e-05,"HAVANA","gene",NA,NA,"lncRNA","CACNA1C-IT3","2","HGNC:41314","OTTHUMG00000168201.1"
"ENSG00000184735.7",2.00318005622812,-2.54919774549042,0.614825469152175,-4.14621363849107,3.38018459023333e-05,8.29761970170001e-05,"HAVANA","gene",NA,NA,"protein_coding","DDX53","2","HGNC:20083","OTTHUMG00000021248.2"
"ENSG00000285568.1",1.18885938288381,-2.4481649477844,0.591389334158353,-4.13968397192781,3.47784598166632e-05,8.52604024423607e-05,"HAVANA","gene",NA,NA,"lncRNA","AP003398.2","2",NA,"OTTHUMG00000193125.1"
"ENSG00000163825.4",3.18931053748883,-2.15470749925718,0.520628854622656,-4.13866323413611,3.49335282521402e-05,8.56269998240068e-05,"HAVANA","gene",NA,NA,"protein_coding","RTP3","2","HGNC:15572","OTTHUMG00000133483.3"
"ENSG00000263684.2",0.212363416387065,2.70953236696139,0.655186662129811,4.13551209689393,3.54163956675611e-05,8.67617485520711e-05,"HAVANA","gene",NA,NA,"lncRNA","AC005209.1","2",NA,"OTTHUMG00000178313.2"
"ENSG00000241226.3",1.44534659118543,-2.74533837502878,0.664303597717688,-4.13265618982163,3.58594924991604e-05,8.77978477940912e-05,"ENSEMBL","gene",NA,NA,"misc_RNA","RN7SL836P","3","HGNC:46852",NA
"ENSG00000155622.7",12.2563560138276,-2.40387287835063,0.582182824426571,-4.12906870057247,3.64235567322366e-05,8.90787444125295e-05,"HAVANA","gene",NA,NA,"protein_coding","XAGE2","2","HGNC:4112","OTTHUMG00000021549.3"
"ENSG00000278215.1",1.39138571496052,-2.48646400386204,0.602221846082407,-4.12881734536378,3.64633917288543e-05,8.91716144009703e-05,"HAVANA","gene",NA,NA,"processed_pseudogene","AP001318.3","2",NA,"OTTHUMG00000187785.1"
"ENSG00000284720.1",1.14423701213656,-2.50172850371143,0.607857115242608,-4.11565224948126,3.86086042626003e-05,9.42157709072062e-05,"HAVANA","gene",NA,NA,"lncRNA","AC117945.2","2",NA,"OTTHUMG00000192317.1"
"ENSG00000264217.2",1.52337522168017,-2.22254468663215,0.542326223900242,-4.09816930969758,4.16430641474316e-05,0.000101223703871306,"HAVANA","gene",NA,NA,"processed_pseudogene","RPL35AP23","1","HGNC:36045","OTTHUMG00000188288.1"
"ENSG00000263588.1",1.1714017881694,-2.51051488243407,0.61317708816174,-4.09427379284573,4.23493641291146e-05,0.000102872688507118,"HAVANA","gene",NA,NA,"lncRNA","AC091043.1","2",NA,"OTTHUMG00000179439.1"
"ENSG00000226056.1",1.63020711120701,-2.37379668460106,0.580280636459596,-4.09077355929718,4.29936753809316e-05,0.000104374308968859,"HAVANA","gene",NA,NA,"processed_pseudogene","MTND4P32","2","HGNC:42219","OTTHUMG00000022063.1"
"ENSG00000249198.1",0.275041161990244,2.10203916571121,0.515181258982796,4.08019338642402,4.49982487879545e-05,0.000108959168069893,"HAVANA","gene",NA,NA,"lncRNA","AC106822.1","2",NA,"OTTHUMG00000162327.1"
"ENSG00000262267.6",1.21397573149101,-2.42386620861303,0.594334365074517,-4.07828715795212,4.53687095901433e-05,0.000109817353431201,"HAVANA","gene",NA,NA,"lncRNA","U95743.1","2",NA,"OTTHUMG00000177354.2"
"ENSG00000275038.2",1.01670983427359,-2.30289326361212,0.56532191602621,-4.07359629677854,4.62926977175545e-05,0.000111935154317555,"HAVANA","gene",NA,NA,"lncRNA","AC091980.2","2",NA,"OTTHUMG00000166260.4"
"ENSG00000196805.7",0.585811608714363,2.62901015407507,0.645551026856053,4.07250557229969,4.65100871044941e-05,0.00011243242712429,"HAVANA","gene",NA,NA,"protein_coding","SPRR2B","2","HGNC:11262","OTTHUMG00000013863.3"
"ENSG00000253397.1",0.221031744468088,2.70738561295056,0.665057912840844,4.07090203826876,4.68314416119216e-05,0.000113186418182271,"HAVANA","gene",NA,NA,"lncRNA","AC069113.2","1",NA,"OTTHUMG00000163927.1"
"ENSG00000286983.1",0.524569575387331,2.16788025263537,0.532811067864787,4.06875979758273,4.72640412435003e-05,0.00011416202360834,"HAVANA","gene",NA,NA,"lncRNA","AC109635.5","2",NA,"OTTHUMG00000195057.1"
"ENSG00000278958.1",1.27777729640106,-2.83999344286708,0.698717203633165,-4.06458210575005,4.81185981451345e-05,0.000116127444949295,"HAVANA","gene",NA,NA,"TEC","AC091931.1","2",NA,"OTTHUMG00000163150.1"
"ENSG00000279991.1",1.90433804984617,-2.12726532048959,0.523400972397014,-4.06431289332034,4.81741656177106e-05,0.000116255693081374,"HAVANA","gene",NA,NA,"TEC","AC009044.1","2",NA,"OTTHUMG00000176921.1"
"ENSG00000258111.1",1.38464153079584,-2.56370516251043,0.630859377702261,-4.06382983771764,4.82740244799715e-05,0.000116484941467411,"HAVANA","gene",NA,NA,"processed_pseudogene","AC079316.1","1",NA,"OTTHUMG00000169817.2"
"ENSG00000285860.1",1.29940590567637,-2.90044846964973,0.71436706148084,-4.06016546120881,4.90379525423929e-05,0.000118203275624172,"HAVANA","gene",NA,NA,"lncRNA","AC010677.2","2",NA,"OTTHUMG00000193386.1"
"ENSG00000203858.3",13.0779277325154,2.08358837403587,0.51377798601399,4.05542555491884,5.00431093700489e-05,0.000120474617854331,"HAVANA","gene",NA,NA,"unprocessed_pseudogene","HSD3BP2","2","HGNC:5220","OTTHUMG00000012521.1"
"ENSG00000264421.1",1.20466235904717,-2.20510106055679,0.543970099268406,-4.05371740748705,5.04101070565757e-05,0.000121327651415681,"HAVANA","gene",NA,NA,"lncRNA","AC007448.3","2",NA,"OTTHUMG00000179574.1"
"ENSG00000286994.1",1.784100457394,-2.7503933108463,0.67886366123665,-4.05146639582395,5.08976369674344e-05,0.000122451832234096,"HAVANA","gene",NA,NA,"lncRNA","AC069243.1","2",NA,"OTTHUMG00000193946.1"
"ENSG00000200156.1",2.51686165395563,-2.04864121601989,0.505796641551299,-4.05032585771353,5.11463601355446e-05,0.000123006983288687,"ENSEMBL","gene",NA,NA,"snRNA","RNU5B-1","3","HGNC:10212",NA
"ENSG00000200075.1",1.43076231709507,-2.17143511188713,0.537212758611195,-4.04203935420434,5.29883366228291e-05,0.000127258068454546,"ENSEMBL","gene",NA,NA,"snoRNA","AC022973.1","3",NA,NA
"ENSG00000231378.1",1.47499295423517,-2.5897100634019,0.64169218421979,-4.03575129491508,5.44278482615003e-05,0.000130584316200535,"HAVANA","gene",NA,NA,"processed_pseudogene","NDUFAF4P4","1","HGNC:44543","OTTHUMG00000034937.1"
"ENSG00000249057.1",1.04731765851144,-2.190642511268,0.543101454906035,-4.03357879357369,5.49337489569192e-05,0.000131765090243617,"HAVANA","gene",NA,NA,"lncRNA","MAST4-IT1","2","HGNC:41448","OTTHUMG00000162486.1"
"ENSG00000257979.1",2.16328572136925,-2.09108830706954,0.519022117311165,-4.02890019003928,5.6038402324335e-05,0.000134253418109755,"HAVANA","gene",NA,NA,"processed_pseudogene","SNRPGP18","1","HGNC:49374","OTTHUMG00000169455.1"
"ENSG00000285603.1",1.82277271849529,-2.44065925384892,0.60600872630887,-4.02743252347981,5.6389243011635e-05,0.000135080431634372,"HAVANA","gene",NA,NA,"lncRNA","AL035693.1","2",NA,"OTTHUMG00000193230.1"
"ENSG00000243621.1",1.68401283477384,-2.58006049594406,0.640762605455465,-4.02654660864629,5.66020238615998e-05,0.000135549483315468,"HAVANA","gene",NA,NA,"processed_pseudogene","AC003989.2","2",NA,"OTTHUMG00000155038.1"
"ENSG00000230657.8",1.4712314848167,-2.13057008298729,0.530302434666107,-4.01765095483439,5.87811795104815e-05,0.00014050121284909,"HAVANA","gene",NA,NA,"protein_coding","PRB4","2","HGNC:9340","OTTHUMG00000169116.3"
"ENSG00000255425.6",1.30892647674265,-2.79877032002072,0.696856397309013,-4.01627986889189,5.91240380412867e-05,0.000141264345828748,"HAVANA","gene",NA,NA,"polymorphic_pseudogene","OR8G3P","2","HGNC:14698","OTTHUMG00000165972.3"
"ENSG00000265813.2",1.59485802191391,-2.51776007444404,0.627322731657074,-4.01350046377782,5.98248849442333e-05,0.000142853381064504,"ENSEMBL","gene",NA,NA,"misc_RNA","RN7SL300P","3","HGNC:46316",NA
"ENSG00000265751.1",1.09860142096074,-2.09156916221133,0.521293329845454,-4.01226918217313,6.01378693727339e-05,0.000143536358374318,"HAVANA","gene",NA,NA,"lncRNA","AC015878.1","2",NA,"OTTHUMG00000178893.1"
"ENSG00000271394.1",1.80627930026691,-3.04266231093497,0.759101277141007,-4.00824290850163,6.11721836157153e-05,0.000145881499105471,"ENSEMBL","gene",NA,NA,"misc_RNA","7SK","3",NA,NA
"ENSG00000282850.2",1.60754934410471,-2.05721476437887,0.514022841205942,-4.00218550512749,6.2760060329239e-05,0.000149438724741737,"HAVANA","gene",NA,NA,"unprocessed_pseudogene","RHOXF1P2","2","HGNC:51611","OTTHUMG00000191484.2"
"ENSG00000287641.1",0.766491026823516,-2.00064029558568,0.49994366940091,-4.00173143102918,6.28806494006981e-05,0.000149702440508221,"HAVANA","gene",NA,NA,"lncRNA","AC007483.1","2",NA,"OTTHUMG00000195828.1"
"ENSG00000285941.1",0.270444725579986,2.22856881439556,0.55727548796894,3.99904331431812,6.35990411253357e-05,0.000151322509948095,"HAVANA","gene",NA,NA,"lncRNA","AL133257.1","2",NA,"OTTHUMG00000193070.1"
"ENSG00000261573.1",1.81342981473799,-2.11006142239537,0.52817036008095,-3.99503944536374,6.468348268834e-05,0.000153750032526214,"HAVANA","gene",NA,NA,"lncRNA","AL157402.2","2",NA,"OTTHUMG00000035703.1"
"ENSG00000244142.1",0.311467870536056,2.10948070353008,0.528247246416947,3.99335863620397,6.51439230304461e-05,0.000154813757558962,"HAVANA","gene",NA,NA,"processed_pseudogene","ATP6V0CP2","2","HGNC:40000","OTTHUMG00000159243.1"
"ENSG00000217825.2",2.44431249772285,-2.17690192731495,0.546406599140035,-3.98403300901029,6.77554549535147e-05,0.000160820601774728,"HAVANA","gene",NA,NA,"lncRNA","AC099552.1","1",NA,"OTTHUMG00000151325.1"
"ENSG00000229696.1",1.77307774800342,-2.03181558750736,0.510199310520842,-3.9823957924074,6.82240411137022e-05,0.000161892709745293,"HAVANA","gene",NA,NA,"processed_pseudogene","KARS1P1","1","HGNC:39207","OTTHUMG00000016797.1"
"ENSG00000255580.1",1.36327384529483,-2.33963720209964,0.588597524963735,-3.97493550834043,7.03983299290117e-05,0.00016678785416373,"HAVANA","gene",NA,NA,"lncRNA","AP000462.1","2",NA,"OTTHUMG00000168235.1"
"ENSG00000225882.1",7.77326763308723,-2.42278195856065,0.609683454563794,-3.97383583304563,7.07243191025487e-05,0.00016754361788979,"HAVANA","gene",NA,NA,"lncRNA","LINC01456","2","HGNC:50846","OTTHUMG00000021210.1"
"ENSG00000251061.2",0.274201347541626,2.37308922331779,0.599685403809179,3.95722358463957,7.58259515866102e-05,0.00017912436963239,"HAVANA","gene",NA,NA,"lncRNA","LINC02512","1","HGNC:53501","OTTHUMG00000160896.2"
"ENSG00000227948.4",2.78329786949554,-2.13206329258982,0.539089438103868,-3.95493426858612,7.65556966713412e-05,0.000180768034870574,"HAVANA","gene",NA,NA,"processed_pseudogene","AC003989.1","1",NA,"OTTHUMG00000155037.1"
"ENSG00000251080.1",1.36985851165867,-2.47334904374218,0.625595779515026,-3.95358972156042,7.69873762156599e-05,0.000181742557008735,"HAVANA","gene",NA,NA,"lncRNA","AC024132.2","2",NA,"OTTHUMG00000161693.1"
"ENSG00000260426.1",1.07015043090572,-2.07831910698156,0.525844050722325,-3.95234880783889,7.73878246961926e-05,0.000182660886845728,"HAVANA","gene",NA,NA,"lncRNA","AC008060.4","2",NA,"OTTHUMG00000173317.1"
"ENSG00000214415.4",8.00920570675165,-2.42150267994272,0.6143166860284,-3.94178236570116,8.08783474777841e-05,0.000190421230903761,"HAVANA","gene",NA,NA,"protein_coding","GNAT3","2","HGNC:22800","OTTHUMG00000155401.5"
"ENSG00000200296.1",1.73063960987387,-2.8556661344062,0.724744092353809,-3.94024065119541,8.13999103889487e-05,0.00019161154162701,"ENSEMBL","gene",NA,NA,"snRNA","RNU1-83P","3","HGNC:48425",NA
"ENSG00000202412.1",1.18785361980318,-2.34327968702907,0.595275908292319,-3.93645980693439,8.26924624938334e-05,0.00019453944896045,"ENSEMBL","gene",NA,NA,"misc_RNA","RNY3P13","3","HGNC:50889",NA
"ENSG00000242599.7",1.92417238390003,-3.52083627766747,0.896193112352476,-3.92865804159707,8.54212047700331e-05,0.000200604378242845,"HAVANA","gene",NA,NA,"transcribed_unprocessed_pseudogene","CSAG4","2","HGNC:20923","OTTHUMG00000022646.4"
"ENSG00000115386.6",2.32303051761338,-3.03212669525716,0.774558100223146,-3.91465365139635,9.05340702417709e-05,0.000211936250624609,"HAVANA","gene",NA,NA,"protein_coding","REG1A","2","HGNC:9951","OTTHUMG00000130016.3"
"ENSG00000214381.6",1.04423947673779,-2.16899467498689,0.554095247071204,-3.91447984160052,9.05993060883433e-05,0.000212078602369303,"HAVANA","gene",NA,NA,"lncRNA","LINC00488","2","HGNC:32675","OTTHUMG00000159206.3"
"ENSG00000275090.1",1.84958905822108,-2.96732960083171,0.75923752738938,-3.90830207120399,9.29470491952446e-05,0.00021729825437682,"ENSEMBL","gene",NA,NA,"misc_RNA","RN7SL296P","3","HGNC:46312",NA
"ENSG00000258167.1",1.41333129833135,-2.78005836492224,0.711906825617235,-3.90508738627683,9.4191342283126e-05,0.00022005691757861,"HAVANA","gene",NA,NA,"lncRNA","AC107023.1","2",NA,"OTTHUMG00000169361.1"
"ENSG00000168333.14",2.73950850503596,2.26936530448969,0.583125203365816,3.8917290684588,9.95323555199548e-05,0.000232048425934844,"HAVANA","gene",NA,NA,"protein_coding","PPDPFL","2","HGNC:31745","OTTHUMG00000164217.2"
"ENSG00000221102.1",1.07964169979608,-2.10829075302711,0.543139042124991,-3.88167778324051,0.000103738271307784,0.00024132559253974,"ENSEMBL","gene",NA,NA,"snoRNA","SNORA11B","3","HGNC:33620",NA
"ENSG00000285612.1",1.19270136838516,-2.25286892487937,0.580749805627812,-3.87924180610606,0.000104782555071035,0.000243683909201169,"HAVANA","gene",NA,NA,"lncRNA","AC004974.1","2",NA,"OTTHUMG00000192934.1"
"ENSG00000260378.1",1.33387042331448,-2.19139573611619,0.565127356844549,-3.87770244985499,0.000105447571588259,0.000245137117462489,"HAVANA","gene",NA,NA,"lncRNA","AC109597.1","2",NA,"OTTHUMG00000177169.1"
"ENSG00000201737.1",1.13327795510326,-2.11765897711566,0.550887285521481,-3.84408758882689,0.000121001786072931,0.00027959851310669,"ENSEMBL","gene",NA,NA,"snRNA","RNU1-133P","3","HGNC:48475",NA
"ENSG00000235493.2",1.14661690731782,-2.00333707870031,0.521560275016914,-3.84104613533947,0.000122511084174243,0.000282908663555598,"HAVANA","gene",NA,NA,"lncRNA","LINC01967","2","HGNC:52793","OTTHUMG00000155651.2"
"ENSG00000243437.3",1.37945126294136,-2.33057628615443,0.610030887163548,-3.8204234165763,0.000133222767979422,0.000306198264039055,"ENSEMBL","gene",NA,NA,"misc_RNA","RN7SL370P","3","HGNC:46386",NA
"ENSG00000232197.3",0.779552669520499,-2.05988293870722,0.539377264151961,-3.81900216344098,0.000133992587749156,0.000307805182156792,"HAVANA","gene",NA,NA,"lncRNA","AL596442.1","2",NA,"OTTHUMG00000016073.5"
"ENSG00000239946.1",1.85293112045858,-2.83505377028651,0.742416907477766,-3.81868158137469,0.000134166808932729,0.000308161072724821,"HAVANA","gene",NA,NA,"lncRNA","ZBTB20-AS3","1","HGNC:42422","OTTHUMG00000159365.1"
"ENSG00000162992.4",1.57639646101084,-2.7060341414654,0.709826486531174,-3.81224734891118,0.000137708964039813,0.000315872861930743,"HAVANA","gene",NA,NA,"protein_coding","NEUROD1","2","HGNC:7762","OTTHUMG00000132583.2"
"ENSG00000284823.1",1.3114586703537,-2.65251183459926,0.699678106424542,-3.79104592560998,0.000150014209127524,0.000342589292115911,"HAVANA","gene",NA,NA,"lncRNA","AL356747.1","2",NA,"OTTHUMG00000192591.1"
"ENSG00000256314.1",1.32705201363917,-2.10616843260698,0.555868192040958,-3.78897095168164,0.000151272598881048,0.000345314951991187,"HAVANA","gene",NA,NA,"lncRNA","AC078962.3","2",NA,"OTTHUMG00000168814.1"
"ENSG00000203647.2",2.44131832432165,-2.05403193753384,0.542273871769752,-3.78781284598934,0.000151979258431124,0.000346845437595158,"HAVANA","gene",NA,NA,"processed_pseudogene","AC106827.1","2",NA,"OTTHUMG00000186576.1"
"ENSG00000256321.6",1.219974852811,-2.35478061707342,0.62377432123329,-3.77505218941634,0.000159974167280714,0.000364366314867777,"HAVANA","gene",NA,NA,"lncRNA","AC087235.2","2",NA,"OTTHUMG00000169025.2"
"ENSG00000283509.1",1.19401074965599,-2.14833559553257,0.569089848111631,-3.77503763713451,0.000159983506565614,0.000364366314867777,"ENSEMBL","gene",NA,NA,"snRNA","U6","3",NA,NA
"ENSG00000256389.2",1.10569646306084,-2.25043354160274,0.596457534300785,-3.77299876719787,0.000161297085242185,0.000367235819700284,"HAVANA","gene",NA,NA,"lncRNA","AC048352.1","2",NA,"OTTHUMG00000168815.7"
"ENSG00000267039.1",1.92955875206761,-2.49313949955485,0.661159943760339,-3.77085684497937,0.000162687984417232,0.000370261808628075,"HAVANA","gene",NA,NA,"lncRNA","AC016493.1","2",NA,"OTTHUMG00000178088.1"
"ENSG00000203786.6",1.77792480443516,-2.44457301041772,0.6491636351397,-3.76572697250925,0.000166065185364731,0.000377678867883047,"HAVANA","gene",NA,NA,"protein_coding","KPRP","2","HGNC:31823","OTTHUMG00000012402.2"
"ENSG00000261092.1",0.870817049648704,-2.05426354758695,0.5472748835297,-3.75362292224665,0.000174296999188249,0.000395405522567784,"HAVANA","gene",NA,NA,"lncRNA","LINC02178","2","HGNC:53040","OTTHUMG00000173393.1"
"ENSG00000232835.1",1.40641021139911,-2.91030253070713,0.778354430066939,-3.73904537352841,0.000184720387440405,0.000417805389588792,"HAVANA","gene",NA,NA,"lncRNA","AC107057.1","2",NA,"OTTHUMG00000151420.1"
"ENSG00000225650.2",1.41050630895469,-2.25157135928633,0.602907634952058,-3.73452122474013,0.000188072630581215,0.000424986309364495,"HAVANA","gene",NA,NA,"processed_pseudogene","EIF2S2P5","1","HGNC:37793","OTTHUMG00000011896.2"
"ENSG00000269586.7",1.77846769334145,-3.20048838471472,0.857605828113857,-3.73188740071134,0.000190050454558207,0.000429232889166252,"HAVANA","gene",NA,NA,"protein_coding","CT45A10","2","HGNC:51263","OTTHUMG00000022494.6"
"ENSG00000176746.6",0.963565674941933,-2.00818657499043,0.538558555758664,-3.72881751393125,0.000192380400232342,0.00043414719619084,"HAVANA","gene",NA,NA,"protein_coding","MAGEB6","2","HGNC:23796","OTTHUMG00000021285.1"
"ENSG00000279819.1",2.08988699474583,-2.94259452788091,0.789923632614539,-3.72516330235789,0.000195188822079424,0.000440319072691646,"HAVANA","gene",NA,NA,"TEC","AL390318.1","2",NA,"OTTHUMG00000184235.1"
"ENSG00000244112.3",1.53753150638648,-3.08172681218019,0.828249996478329,-3.72076888051134,0.000198617147716838,0.000447589254332724,"ENSEMBL","gene",NA,NA,"misc_RNA","RN7SL508P","3","HGNC:46524",NA
"ENSG00000287942.1",0.207084557767779,2.81126273270247,0.756139553364348,3.71791519196967,0.000200873677349398,0.000452504132114427,"HAVANA","gene",NA,NA,"lncRNA","AC022360.1","2",NA,"OTTHUMG00000194496.1"
"ENSG00000240474.3",1.36606970332129,-2.44755578190339,0.658581572732717,-3.71640489688697,0.000202077655015905,0.000455045142499155,"ENSEMBL","gene",NA,NA,"misc_RNA","RN7SL116P","3","HGNC:46132",NA
"ENSG00000248685.6",2.32272318399486,-3.45215181260813,0.930410950881158,-3.71035165626407,0.000206971548050137,0.00046552118004299,"HAVANA","gene",NA,NA,"lncRNA","LINC02484","2","HGNC:53459","OTTHUMG00000160362.5"
"ENSG00000239808.3",1.64880412495714,-3.00727363984427,0.811926525529613,-3.7038741133413,0.000212331658029594,0.000476992063403098,"ENSEMBL","gene",NA,NA,"misc_RNA","RN7SL255P","3","HGNC:46271",NA
"ENSG00000199730.1",1.1728884097279,-2.22295883143957,0.600522389862184,-3.7017084940825,0.000214152576527695,0.000480834658423558,"ENSEMBL","gene",NA,NA,"misc_RNA","RN7SKP95","3","HGNC:45819",NA
"ENSG00000251757.1",1.59347866382217,-2.95651537700325,0.799407818665094,-3.6983818621392,0.000216978295912207,0.0004869738210125,"ENSEMBL","gene",NA,NA,"snRNA","RNU6-848P","3","HGNC:47811",NA
"ENSG00000236709.1",1.9252690431875,-2.10011609815541,0.568262647582829,-3.69567858645733,0.000219300265526241,0.000491931628493408,"HAVANA","gene",NA,NA,"lncRNA","DAPK1-IT1","2","HGNC:43591","OTTHUMG00000020148.1"
"ENSG00000206784.1",1.28272848970287,-2.17998666503122,0.590012183800359,-3.69481635275663,0.000220045771938864,0.000493534616056877,"ENSEMBL","gene",NA,NA,"misc_RNA","Y_RNA","3",NA,NA
"ENSG00000200882.1",1.87887550736982,-2.88904506161419,0.78752170315596,-3.66852754665232,0.000243951413119448,0.000544374112834315,"ENSEMBL","gene",NA,NA,"snRNA","RNU6-681P","3","HGNC:47644",NA
"ENSG00000243911.3",1.34640162231244,-2.51950859173079,0.686990237486779,-3.66745909075494,0.000244972728663519,0.000546449549784393,"ENSEMBL","gene",NA,NA,"misc_RNA","RN7SL430P","3","HGNC:46446",NA
"ENSG00000251898.1",1.34380540836731,-2.07484137836484,0.566679902997437,-3.66139926154083,0.000250841492171298,0.000558890196248286,"ENSEMBL","gene",NA,NA,"scaRNA","SCARNA11","3","HGNC:32568",NA
"ENSG00000286462.1",1.20928204417962,-2.23757785502096,0.611486364646264,-3.6592440721313,0.000252960329664808,0.00056334910957286,"HAVANA","gene",NA,NA,"lncRNA","AC092850.2","2",NA,"OTTHUMG00000195174.1"
"ENSG00000227573.2",1.05969826378202,-2.19250420621973,0.600906708767964,-3.64865989050947,0.000263611817909305,0.000586252712994235,"HAVANA","gene",NA,NA,"processed_pseudogene","AC004986.1","2",NA,"OTTHUMG00000157097.2"
"ENSG00000068985.5",1.50273807876396,-2.79657150173243,0.769153627631869,-3.63590757589318,0.000277003642774046,0.000614437914963866,"HAVANA","gene",NA,NA,"protein_coding","PAGE1","2","HGNC:4107","OTTHUMG00000033224.2"
"ENSG00000126550.10",2.59777968238327,-2.75387735467872,0.760246842156,-3.62234632487119,0.00029194290072676,0.00064590091774736,"HAVANA","gene",NA,NA,"protein_coding","HTN1","2","HGNC:5283","OTTHUMG00000129397.4"
"ENSG00000196772.4",1.2265932003118,-2.44482749595312,0.675218060760587,-3.62079695143106,0.000293696946850821,0.00064954164813843,"HAVANA","gene",NA,NA,"protein_coding","OR14A16","2","HGNC:15022","OTTHUMG00000040199.3"
"ENSG00000229332.2",2.35227901060247,-2.01727577226521,0.558683881837473,-3.61076422256989,0.000305296105571481,0.000673605750612869,"HAVANA","gene",NA,NA,"processed_pseudogene","PGBD4P8","2","HGNC:44075","OTTHUMG00000008993.2"
"ENSG00000248216.1",1.54190415524862,-2.2309348510421,0.618175672091182,-3.60890108065112,0.000307496824398178,0.000678151945172008,"HAVANA","gene",NA,NA,"processed_pseudogene","KCTD9P5","1","HGNC:49914","OTTHUMG00000162264.1"
"ENSG00000235350.1",0.845706363903833,-2.179331548702,0.603882147397027,-3.60886897898172,0.000307534872316836,0.000678192621137845,"HAVANA","gene",NA,NA,"unprocessed_pseudogene","AL606490.8","2",NA,"OTTHUMG00000021492.2"
"ENSG00000256994.2",1.40221994059748,-2.56131510056217,0.710332278150504,-3.60579855279994,0.000311194482261594,0.000685770095448828,"HAVANA","gene",NA,NA,"lncRNA","LINC02378","2","HGNC:53301","OTTHUMG00000168808.5"
"ENSG00000253156.1",0.213674015073843,2.67632265194086,0.746969787156311,3.58290616027394,0.000339792699902679,0.000745806681891944,"HAVANA","gene",NA,NA,"processed_pseudogene","H2AZP7","1","HGNC:54440","OTTHUMG00000164884.1"
"ENSG00000274614.1",1.88685832240905,-2.09202368153789,0.585145893422482,-3.5752172322389,0.00034993721404518,0.000766878232773973,"HAVANA","gene",NA,NA,"unprocessed_pseudogene","AL390754.1","2",NA,"OTTHUMG00000187818.1"
"ENSG00000253363.7",3.01006791307899,-2.17668646262122,0.611313995681818,-3.56066845843026,0.000369911904982912,0.000808581046068587,"HAVANA","gene",NA,NA,"lncRNA","AC090809.1","2",NA,"OTTHUMG00000163980.7"
"ENSG00000261010.1",0.296080819829028,2.18756366977324,0.614776730952714,3.55830590136877,0.000373254463983872,0.000815664174852551,"HAVANA","gene",NA,NA,"processed_pseudogene","RARRES2P6","1","HGNC:48705","OTTHUMG00000176244.1"
"ENSG00000248152.2",2.66607175259729,-2.35124078782557,0.662006215638784,-3.55168989698504,0.000382765680047652,0.000835419968615689,"HAVANA","gene",NA,NA,"lncRNA","ANK2-AS1","2","HGNC:40076","OTTHUMG00000161562.3"
"ENSG00000226079.2",0.275640444362863,2.25110478146478,0.6351991352095,3.5439355261753,0.000394201632286017,0.000859127516845884,"HAVANA","gene",NA,NA,"lncRNA","AL138830.1","1",NA,"OTTHUMG00000015419.3"
"ENSG00000236900.1",1.1954038796184,-2.20102967505371,0.622096156944774,-3.53808595420902,0.000403038834515908,0.000876831830063444,"HAVANA","gene",NA,NA,"processed_pseudogene","TIMM9P1","1","HGNC:39928","OTTHUMG00000018503.1"
"ENSG00000230497.2",1.47018934891232,-2.03065046683832,0.574133104796639,-3.5368984123596,0.000404855358229997,0.000880463922505636,"HAVANA","gene",NA,NA,"processed_pseudogene","EEF1B2P8","1","HGNC:51455","OTTHUMG00000157119.1"
"ENSG00000248783.1",1.71892828528667,-3.35899002023968,0.953166638536479,-3.52403229869351,0.000425032435903018,0.00092099972881563,"HAVANA","gene",NA,NA,"lncRNA","AC106771.1","2",NA,"OTTHUMG00000161759.1"
"ENSG00000217041.1",1.12228211672753,-2.06173037420754,0.58626268975698,-3.51673475087111,0.000436890136581176,0.000945454015249294,"HAVANA","gene",NA,NA,"processed_pseudogene","AL512430.2","1",NA,"OTTHUMG00000015361.1"
"ENSG00000231358.4",1.33514535340987,-2.93454097922664,0.836016228289045,-3.5101483439291,0.000447856762448917,0.000967351223521374,"HAVANA","gene",NA,NA,"lncRNA","AL355516.1","2",NA,"OTTHUMG00000016470.5"
"ENSG00000232282.1",1.53395830873488,-2.02784224177986,0.577713512355367,-3.51011738242412,0.00044790891599757,0.000967420258112144,"HAVANA","gene",NA,NA,"processed_pseudogene","MTND1P32","2","HGNC:42081","OTTHUMG00000022067.1"
"ENSG00000270764.1",1.26396043599127,-2.35089923165508,0.670790453133447,-3.50467008090735,0.000457173443466018,0.000986629715155718,"HAVANA","gene",NA,NA,"processed_pseudogene","AC005070.1","1",NA,"OTTHUMG00000184442.1"
"ENSG00000200972.1",1.15046177401305,-2.66013425707857,0.761438121019292,-3.49356590331675,0.000476615327845133,0.00102655279432927,"ENSEMBL","gene",NA,NA,"snRNA","RNU5A-8P","3","HGNC:42530",NA
"ENSG00000187821.8",0.906232740283512,-2.05083473333773,0.590889399008083,-3.47075905707639,0.000518989457467666,0.00111392868230779,"HAVANA","gene",NA,NA,"protein_coding","HELT","2","HGNC:33783","OTTHUMG00000160484.1"
"ENSG00000234293.1",1.45972240070305,-2.22387005088065,0.643992813720207,-3.45325289894748,0.000553869478931917,0.00118500811573385,"HAVANA","gene",NA,NA,"lncRNA","BACH1-IT3","2","HGNC:16455","OTTHUMG00000078874.1"
"ENSG00000280436.1",0.163738613146844,2.02775197711988,0.588862746478713,3.44350528072195,0.000574225379855083,0.00122544044315622,"HAVANA","gene",NA,NA,"unprocessed_pseudogene","CR392039.4","2",NA,"OTTHUMG00000189441.1"
"ENSG00000206737.1",4.78712460170115,-4.34458393649522,1.26322702059359,-3.43927407003509,0.000583276411385911,0.00124370345228978,"ENSEMBL","gene",NA,NA,"snRNA","RNVU1-18","3","HGNC:37496",NA
"ENSG00000231718.1",0.39563461942507,2.30113943380962,0.670452389066362,3.43221900814474,0.000598663896911447,0.00127475499115677,"HAVANA","gene",NA,NA,"lncRNA","LINC02789","2","HGNC:54310","OTTHUMG00000035891.1"
"ENSG00000201364.1",1.30945952193204,-2.77202926868238,0.808248637238559,-3.42967391587967,0.000604307015893741,0.00128602803409004,"ENSEMBL","gene",NA,NA,"misc_RNA","RN7SKP37","3","HGNC:45761",NA
"ENSG00000196341.3",1.5791455316411,-2.09140005215333,0.610424182726101,-3.42614219969682,0.000612219775612179,0.00130188413003016,"HAVANA","gene",NA,NA,"protein_coding","OR8D1","2","HGNC:8481","OTTHUMG00000165977.2"
"ENSG00000184303.5",0.16322129433717,2.33690792942922,0.684980660250917,3.41164074409514,0.000645731560453275,0.00136919668339528,"HAVANA","gene",NA,NA,"processed_pseudogene","DRD5P1","1","HGNC:3027","OTTHUMG00000155074.1"
"ENSG00000206779.1",1.4197222853992,-2.67126137331548,0.784142717592237,-3.40660100946645,0.000657772061075763,0.00139330884455477,"ENSEMBL","gene",NA,NA,"misc_RNA","Y_RNA","3",NA,NA
"ENSG00000249691.1",1.41712536975994,-2.08817090085379,0.614112395625277,-3.40030736348785,0.000673101448661044,0.00142389131072724,"HAVANA","gene",NA,NA,"processed_pseudogene","AC026117.1","1",NA,"OTTHUMG00000159778.1"
"ENSG00000241546.1",1.43510940540072,-2.89713428667766,0.853809640803215,-3.39318525842857,0.000690848986336369,0.00145995213865182,"HAVANA","gene",NA,NA,"processed_pseudogene","AC092910.2","1",NA,"OTTHUMG00000159403.1"
"ENSG00000202222.1",1.25000496165879,-2.07504641221296,0.61157163064381,-3.3929736244118,0.000691382950295769,0.00146095166712258,"ENSEMBL","gene",NA,NA,"misc_RNA","Y_RNA","3",NA,NA
"ENSG00000280115.1",1.2342969339908,-2.32797979954374,0.688117436063871,-3.38311409875052,0.000716688502481166,0.00151155776342105,"HAVANA","gene",NA,NA,"TEC","AC136603.1","2",NA,"OTTHUMG00000176928.1"
"ENSG00000251655.6",1.31861754093708,-2.53229312062766,0.74890637654531,-3.38132135061938,0.000721381242638104,0.00152045116074047,"HAVANA","gene",NA,NA,"protein_coding","PRB1","2","HGNC:9337","OTTHUMG00000157263.4"
"ENSG00000183304.10",1.16878538699452,-2.32519765372717,0.68809918087736,-3.3791606186225,0.000727075159849952,0.00153150894299456,"HAVANA","gene",NA,NA,"protein_coding","FAM9A","2","HGNC:18403","OTTHUMG00000021110.1"
"ENSG00000254865.1",1.55524555789248,-2.14200051196733,0.636475232565658,-3.36541062773618,0.000764298226196068,0.00160518709525923,"HAVANA","gene",NA,NA,"lncRNA","AC100763.1","1",NA,"OTTHUMG00000165893.1"
"ENSG00000228341.1",1.32351857765007,-2.5280322553397,0.751207423065785,-3.36529189903694,0.000764627210625102,0.00160580763867307,"HAVANA","gene",NA,NA,"processed_pseudogene","AC002381.1","1",NA,"OTTHUMG00000157262.1"
"ENSG00000235279.1",1.61404107134145,-2.75828244716662,0.819691079113443,-3.36502679783939,0.000765362252056601,0.001607280858071,"HAVANA","gene",NA,NA,"lncRNA","AC069079.1","1",NA,"OTTHUMG00000018245.1"
"ENSG00000252707.1",1.42251726269134,-2.02251042561608,0.603419787286814,-3.35174694006969,0.000803033860048348,0.00168263075595523,"ENSEMBL","gene",NA,NA,"snRNA","RNU11-2P","3","HGNC:46942",NA
"ENSG00000230694.1",0.990259421184216,-2.09416345641519,0.625298374829748,-3.34906268864903,0.000810854470971452,0.00169782953997825,"HAVANA","gene",NA,NA,"lncRNA","AL450003.1","1",NA,"OTTHUMG00000019590.1"
"ENSG00000251748.1",1.25649422888707,-2.25786865400664,0.676035006628457,-3.33986943260107,0.000838177867630212,0.00175266679635839,"ENSEMBL","gene",NA,NA,"snRNA","RNU4ATAC11P","3","HGNC:46897",NA
"ENSG00000233993.1",2.04272444216698,-2.15617897558255,0.646564332509157,-3.33482511665151,0.000853530597712298,0.00178259158397542,"HAVANA","gene",NA,NA,"lncRNA","DTD1-AS1","2","HGNC:40762","OTTHUMG00000046204.1"
"ENSG00000234308.3",0.922658608794931,-2.01705977465801,0.60495179006258,-3.33424879104722,0.000855301188422195,0.00178579682632292,"HAVANA","gene",NA,NA,"lncRNA","LINC01878","2","HGNC:52697","OTTHUMG00000154769.6"
"ENSG00000278630.1",1.87021288668912,-3.37651197102406,1.01282915214537,-3.33374287644855,0.000856858268812739,0.00178860577112314,"HAVANA","gene",NA,NA,"lncRNA","LINC02335","2","HGNC:53255","OTTHUMG00000187313.1"
"ENSG00000200176.1",1.62153335898214,-3.05254186102334,0.921673522461709,-3.31195568347268,0.000926462208141416,0.0019245893592358,"ENSEMBL","gene",NA,NA,"snRNA","RNU1-19P","3","HGNC:41945",NA
"ENSG00000213170.3",1.13441458025369,-2.36131872717677,0.715245061892117,-3.30141213548558,0.000961994602908767,0.00199390704846892,"HAVANA","gene",NA,NA,"processed_pseudogene","SAR1AP2","1","HGNC:20770","OTTHUMG00000019242.1"
"ENSG00000270285.1",1.34573531844824,-2.14489878349078,0.649690067079587,-3.30141846424139,0.000961972901089437,0.00199390704846892,"HAVANA","gene",NA,NA,"processed_pseudogene","AC124916.2","1",NA,"OTTHUMG00000184332.1"
"ENSG00000176134.5",0.163478686395331,2.56953362860365,0.78295571556544,3.28183775598083,0.00103132927366346,0.00212794941865703,"HAVANA","gene",NA,NA,"transcribed_unprocessed_pseudogene","AL445665.1","2",NA,"OTTHUMG00000187218.1"
"ENSG00000243398.3",2.59231367117269,-2.4156364030228,0.736986984419022,-3.2777192190539,0.00104649435256601,0.002157474264445,"ENSEMBL","gene",NA,NA,"misc_RNA","RN7SL141P","3","HGNC:46157",NA
"ENSG00000075388.4",1.74063372616114,-2.23097078815878,0.682258860412166,-3.26997700962214,0.00107556225519763,0.00221378131402322,"HAVANA","gene",NA,NA,"protein_coding","FGF4","2","HGNC:3682","OTTHUMG00000167887.4"
"ENSG00000233877.2",1.68168749751128,-2.27740296726129,0.698966047467319,-3.25824548347288,0.00112103385426191,0.00230331640611064,"HAVANA","gene",NA,NA,"processed_pseudogene","AL606517.1","1",NA,"OTTHUMG00000009305.2"
"ENSG00000264618.2",0.98319850166896,-2.20860513982246,0.67803057772237,-3.2573827971617,0.0011244468267111,0.00230963547557251,"ENSEMBL","gene",NA,NA,"misc_RNA","RN7SL732P","3","HGNC:46748",NA
"ENSG00000167165.19",1.98382178547135,-2.06371785674193,0.635290827440003,-3.24846159838004,0.0011603086968356,0.0023787073027554,"HAVANA","gene",NA,NA,"protein_coding","UGT1A6","2","HGNC:12538","OTTHUMG00000059122.10"
"ENSG00000278513.1",1.26650929653913,-2.03520724928513,0.626826818695844,-3.24684137401702,0.00116693408869068,0.00239177806156879,"HAVANA","gene",NA,NA,"unprocessed_pseudogene","AC091046.2","2",NA,"OTTHUMG00000187862.1"
"ENSG00000222414.1",1.62871608802005,-2.89473679940832,0.893440553468148,-3.23998814265993,0.0011953467020963,0.0024469774610081,"ENSEMBL","gene",NA,NA,"snRNA","RNU2-59P","3","HGNC:48552",NA
"ENSG00000267509.5",1.10333426698007,-2.50704880599509,0.774535253889728,-3.23684273040466,0.00120859998823126,0.00247273457044709,"HAVANA","gene",NA,NA,"lncRNA","AC010511.1","2",NA,"OTTHUMG00000180780.1"
"ENSG00000123576.5",1.88875527909136,-2.05467132874499,0.634964620628319,-3.23588316891077,0.00121267006899437,0.00248032031273566,"HAVANA","gene",NA,NA,"protein_coding","ESX1","2","HGNC:14865","OTTHUMG00000022125.2"
"ENSG00000252316.1",2.35269793370893,-2.83657993939973,0.87684738782214,-3.23497563976903,0.00121653109493068,0.00248779258827594,"ENSEMBL","gene",NA,NA,"misc_RNA","RNY4","3","HGNC:10244",NA
"ENSG00000200665.1",1.2626205544866,-2.30238024240071,0.712496253358621,-3.23142785880988,0.00123173412013355,0.00251673412212549,"ENSEMBL","gene",NA,NA,"snRNA","RNU6-1188P","3","HGNC:48151",NA
"ENSG00000253042.1",1.37931440984057,-2.37060291926132,0.736364136399967,-3.21933511163516,0.00128488231931858,0.00261807136131302,"ENSEMBL","gene",NA,NA,"snoRNA","SNORA70","3",NA,NA
"ENSG00000240374.3",1.14541231961983,-2.22417638000921,0.692805867732311,-3.21038906221937,0.00132555424086113,0.00269647179346368,"ENSEMBL","gene",NA,NA,"misc_RNA","RN7SL503P","3","HGNC:46519",NA
"ENSG00000272383.1",1.07516952912657,-2.01357654158383,0.627886345490901,-3.2069124548481,0.00134167818994563,0.00272776584257564,"HAVANA","gene",NA,NA,"processed_pseudogene","AC006270.2","2",NA,"OTTHUMG00000185383.1"
"ENSG00000199883.1",1.24438101264797,-2.02064074248498,0.632984531361826,-3.19224347890098,0.00141172277330268,0.00286179394384917,"ENSEMBL","gene",NA,NA,"misc_RNA","RN7SKP90","3","HGNC:45814",NA
"ENSG00000241230.3",1.69015516390002,-2.81001339952512,0.881006218669172,-3.18955001676363,0.00142494478614447,0.00288700912184131,"ENSEMBL","gene",NA,NA,"misc_RNA","RN7SL801P","3","HGNC:46817",NA
"ENSG00000281131.1",1.68284750573971,-2.14565980030789,0.673172361747324,-3.18738546356611,0.00143565305695292,0.00290772090292176,"HAVANA","gene",NA,NA,"lncRNA","SCHLAP1","2","HGNC:48603","OTTHUMG00000189571.1"
"ENSG00000258980.1",1.07420689727986,-2.04955086717527,0.643240953888069,-3.1862878984722,0.00144111112312153,0.00291766539506223,"HAVANA","gene",NA,NA,"processed_pseudogene","EIF1AXP2","1","HGNC:44295","OTTHUMG00000171171.1"
"ENSG00000124157.7",1.36276207676131,-2.02560652200798,0.636277765952744,-3.18352554560019,0.00145493274578877,0.00294477748513961,"HAVANA","gene",NA,NA,"protein_coding","SEMG2","2","HGNC:10743","OTTHUMG00000032566.2"
"ENSG00000248711.1",1.14194171958388,-2.03314500125693,0.638668873757126,-3.18341019078706,0.00145551258034069,0.00294582661896427,"HAVANA","gene",NA,NA,"unprocessed_pseudogene","THUMPD3P1","1","HGNC:50793","OTTHUMG00000155106.1"
"ENSG00000212461.1",1.14377119525393,-2.10941208888777,0.66674575372583,-3.16374281665867,0.00155754364676354,0.00314091742219216,"ENSEMBL","gene",NA,NA,"snoRNA","AC078860.1","3",NA,NA
"ENSG00000213659.4",1.53950970965986,-2.79779183127292,0.884709335494453,-3.16238533835439,0.00156482346743692,0.00315466830738073,"HAVANA","gene",NA,NA,"processed_pseudogene","RSU1P3","1","HGNC:44392","OTTHUMG00000018244.2"
"ENSG00000249089.1",1.2187168555949,-2.09384698277969,0.662256563185114,-3.16168551461289,0.00156858867623471,0.00316172676504711,"HAVANA","gene",NA,NA,"unprocessed_pseudogene","AIG1P1","2","HGNC:43926","OTTHUMG00000162194.1"
"ENSG00000225303.2",1.42530722399664,-2.40057543570968,0.760100508714803,-3.15823421795708,0.00158727973390956,0.00319711477556575,"HAVANA","gene",NA,NA,"lncRNA","AL117341.1","2",NA,"OTTHUMG00000018228.2"
"ENSG00000236187.1",1.48759143817029,-2.68328140661509,0.855033000203298,-3.13821970143503,0.00169977419640363,0.00340808460973836,"HAVANA","gene",NA,NA,"processed_pseudogene","GJA6P","1","HGNC:32542","OTTHUMG00000021215.1"
"ENSG00000278255.1",1.42772317676449,-2.47273818478524,0.790911610799117,-3.12644061741217,0.00176936233776799,0.0035391679025745,"HAVANA","gene",NA,NA,"lncRNA","AC005344.1","2",NA,"OTTHUMG00000188146.1"
"ENSG00000261667.1",1.51913314084907,-2.45064495113573,0.785979348094954,-3.11795081776076,0.00182113190910703,0.00363543457355491,"HAVANA","gene",NA,NA,"protein_coding","LY6L","2","HGNC:52284","OTTHUMG00000173037.1"
"ENSG00000248192.1",1.42414746038764,-2.81026295537706,0.904017663042274,-3.1086372205602,0.00187952344323186,0.00374466537053431,"HAVANA","gene",NA,NA,"lncRNA","ATG10-AS1","2","HGNC:40914","OTTHUMG00000162770.1"
"ENSG00000226903.2",1.37948279978258,-2.38208185353241,0.766797344346018,-3.10653378118312,0.00189294679021794,0.00376905829604112,"HAVANA","gene",NA,NA,"lncRNA","LINC00354","2","HGNC:42672","OTTHUMG00000017361.10"
"ENSG00000229954.1",1.27992994908602,-2.03535673170804,0.655195093170057,-3.1064895829123,0.00189322978888238,0.00376930847678503,"HAVANA","gene",NA,NA,"processed_pseudogene","MTND2P2","2","HGNC:23767","OTTHUMG00000022068.1"
"ENSG00000287524.1",1.34564849655765,-2.00567695959866,0.646068224061652,-3.10443523594076,0.00190642659817613,0.00379463640708842,"HAVANA","gene",NA,NA,"lncRNA","AC007736.1","2",NA,"OTTHUMG00000195091.1"
"ENSG00000250775.2",1.22305771652689,-2.46882376857761,0.797985303199024,-3.09382110006337,0.00197596598453968,0.00392522308314521,"HAVANA","gene",NA,NA,"lncRNA","AC093730.1","2",NA,"OTTHUMG00000161737.2"
"ENSG00000187714.7",0.935713440346138,-2.09556428588205,0.678452227658439,-3.08874258267901,0.00201005518987427,0.00398871638265807,"HAVANA","gene",NA,NA,"protein_coding","SLC18A3","2","HGNC:10936","OTTHUMG00000018196.2"
"ENSG00000235141.1",1.24600002458592,-2.12966455236586,0.692403842156105,-3.07575496076714,0.00209970325927668,0.00415586148690184,"HAVANA","gene",NA,NA,"processed_pseudogene","COX6CP17","1","HGNC:49369","OTTHUMG00000017629.1"
"ENSG00000125363.14",1.13442003049032,-2.13629284597305,0.697103270316904,-3.06452850953043,0.00218013394342749,0.0043042080697907,"HAVANA","gene",NA,NA,"protein_coding","AMELX","2","HGNC:461","OTTHUMG00000021130.1"
"ENSG00000200597.1",1.19841779768752,-2.51437246176997,0.82306805928157,-3.05487794528764,0.00225152130456826,0.00443454823029252,"ENSEMBL","gene",NA,NA,"snRNA","RNVU1-33","3","HGNC:48429",NA
"ENSG00000287897.1",1.33652403206834,-2.40087485574162,0.786819129709289,-3.05136817991282,0.00227801050635756,0.00448285070892921,"HAVANA","gene",NA,NA,"lncRNA","AP000465.1","2",NA,"OTTHUMG00000195355.1"
"ENSG00000256315.1",1.48573360333543,-2.70282245218026,0.885785942084019,-3.05132687680868,0.00227832392528296,0.00448328333101846,"HAVANA","gene",NA,NA,"lncRNA","AP000462.2","2",NA,"OTTHUMG00000168236.1"
"ENSG00000251488.1",0.97025915910267,-2.34389538745119,0.768161851045706,-3.05130407642664,0.00227849695756001,0.00448343967622392,"HAVANA","gene",NA,NA,"lncRNA","AC115622.1","2",NA,"OTTHUMG00000161298.1"
"ENSG00000264265.1",0.984248001983239,-2.21210805114146,0.72746896243486,-3.04082808390543,0.00235928497955888,0.00463251407256827,"HAVANA","gene",NA,NA,"lncRNA","LINC01925","2","HGNC:52745","OTTHUMG00000178219.1"
"ENSG00000268659.2",1.86572786764165,-2.63889818456642,0.875925051094909,-3.01269861076332,0.00258935936847916,0.0050556772085678,"HAVANA","gene",NA,NA,"lncRNA","AL589863.1","2",NA,"OTTHUMG00000183093.2"
"ENSG00000254530.2",0.30606239664306,2.04635643502767,0.68079395261316,3.00583814996143,0.00264849929330838,0.00516420174768648,"HAVANA","gene",NA,NA,"lncRNA","LINC02755","1","HGNC:54275","OTTHUMG00000166129.4"
"ENSG00000243951.1",1.26779571082737,-2.69913890929598,0.898910985385464,-3.00267651989875,0.00267616722215154,0.00521454252534897,"ENSEMBL","gene",NA,NA,"misc_RNA","RN7SL308P","3","HGNC:46324",NA
"ENSG00000265790.1",1.21415428447536,-2.22221210663096,0.749503010912923,-2.96491418216483,0.00302767376247744,0.00585421946728122,"HAVANA","gene",NA,NA,"processed_pseudogene","RNASEH1P1","1","HGNC:10049","OTTHUMG00000178915.1"
"ENSG00000123307.4",1.43612926447818,-2.50735499509767,0.846289002674462,-2.96276447782479,0.00304889757863154,0.00589287893304168,"HAVANA","gene",NA,NA,"protein_coding","NEUROD4","2","HGNC:13802","OTTHUMG00000169826.2"
"ENSG00000163530.4",1.29407565979822,-2.49472147766024,0.849374059751812,-2.93712934721505,0.00331265903375823,0.00637182809970117,"HAVANA","gene",NA,NA,"protein_coding","DPPA2","2","HGNC:19197","OTTHUMG00000159227.1"
"ENSG00000264596.1",1.60597846600943,-2.15291554710517,0.734413407449519,-2.93147636639947,0.00337355034034477,0.00648088523220329,"HAVANA","gene",NA,NA,"lncRNA","AP000897.1","2",NA,"OTTHUMG00000178896.1"
"ENSG00000153779.11",1.0219546079645,-2.47860902919878,0.849435905179587,-2.91794709181119,0.00352344128789937,0.00675070271547863,"HAVANA","gene",NA,NA,"protein_coding","TGIF2LX","2","HGNC:18570","OTTHUMG00000021954.4"
"ENSG00000258212.1",1.38847982484324,-2.48739000710425,0.853589906072344,-2.91403399853869,0.00356791047226277,0.00682989414759906,"HAVANA","gene",NA,NA,"processed_pseudogene","ZNF75BP","2","HGNC:13147","OTTHUMG00000169428.1"
"ENSG00000201343.1",1.14849462642365,-2.00678747483349,0.690254177790583,-2.9073166659519,0.00364543959700221,0.00696800363424601,"ENSEMBL","gene",NA,NA,"misc_RNA","Y_RNA","3",NA,NA
"ENSG00000287438.1",1.44161022935413,-2.81734207749928,0.969319160628562,-2.90651644157365,0.0036547769152175,0.00698529389269041,"HAVANA","gene",NA,NA,"lncRNA","AL356313.1","2",NA,"OTTHUMG00000193960.1"
"ENSG00000227466.1",1.20924900298909,-2.136530808838,0.73819223212515,-2.89427430398073,0.00380036007303886,0.00724619935126724,"HAVANA","gene",NA,NA,"lncRNA","PDE4B-AS1","2","HGNC:40437","OTTHUMG00000009087.1"
"ENSG00000268940.5",2.29077862269219,-3.512382081329,1.21901306070285,-2.88133260795735,0.00395997514127823,0.00753045999121377,"HAVANA","gene",NA,NA,"protein_coding","CT45A1","2","HGNC:33267","OTTHUMG00000188602.1"
"ENSG00000229520.1",1.57298767530121,-2.47284376555905,0.862395356629002,-2.86741312618506,0.00413842404151467,0.00785110857008663,"HAVANA","gene",NA,NA,"lncRNA","LINC00404","2","HGNC:42734","OTTHUMG00000017364.1"
"ENSG00000269745.1",0.789792071165108,-2.04885065858321,0.717369106418253,-2.85606201919246,0.004289313397741,0.00811936012982107,"HAVANA","gene",NA,NA,"lncRNA","AC006262.3","2",NA,"OTTHUMG00000182500.1"
"ENSG00000163982.6",1.09757170475241,-2.0083176875785,0.707978680382909,-2.83669232312519,0.00455835155798451,0.00859771753643707,"HAVANA","gene",NA,NA,"protein_coding","OTOP1","2","HGNC:19656","OTTHUMG00000090301.3"
"ENSG00000274730.1",0.293899887202363,2.08675038822254,0.737016358927534,2.83134880650284,0.00463521420245281,0.00873409551008866,"HAVANA","gene",NA,NA,"unprocessed_pseudogene","AC141273.2","2",NA,"OTTHUMG00000187892.1"
"ENSG00000121351.8",1.06332685412975,-2.17991418656121,0.772798496940296,-2.82080541718448,0.00479032495968528,0.0090061793673634,"HAVANA","gene",NA,NA,"protein_coding","IAPP","1","HGNC:5329","OTTHUMG00000169128.3"
"ENSG00000231132.1",2.02399342400256,-3.13758048547435,1.11960682222915,-2.80239493291708,0.00507247358405983,0.00950493622545003,"HAVANA","gene",NA,NA,"lncRNA","AC022537.1","2",NA,"OTTHUMG00000018243.1"
"ENSG00000250612.2",57.1336514096447,-2.05500916527199,0.738389843987442,-2.78309511162093,0.00538430194362958,0.0100503333509679,"HAVANA","gene",NA,NA,"processed_pseudogene","AC114786.2","2",NA,"OTTHUMG00000161621.2"
"ENSG00000223896.2",1.27904103027538,-2.15101339336237,0.773825448042737,-2.77971395074044,0.00544068003647626,0.0101492419323123,"HAVANA","gene",NA,NA,"processed_pseudogene","CCNJP2","1","HGNC:37997","OTTHUMG00000010898.3"
"ENSG00000234710.2",0.853923271633212,-2.04548046387718,0.737515917534382,-2.77347297223835,0.00554614472292491,0.0103310961771125,"HAVANA","gene",NA,NA,"lncRNA","AC060834.2","2",NA,"OTTHUMG00000151925.3"
"ENSG00000234784.2",1.2919934450335,-2.16449264451586,0.794434146069827,-2.72457151448474,0.00643849850121565,0.0118851993216168,"HAVANA","gene",NA,NA,"processed_pseudogene","AL606517.2","1",NA,"OTTHUMG00000009303.2"
"ENSG00000236956.2",0.954248423403216,-2.40250202797148,0.882444491735756,-2.72255314693595,0.00647796128999196,0.0119525196566092,"HAVANA","gene",NA,NA,"unprocessed_pseudogene","NF1P8","2","HGNC:7767","OTTHUMG00000153537.3"
"ENSG00000239702.3",0.875096306321001,-2.05720306225103,0.759720264806558,-2.70784281734915,0.00677220879858806,0.012465193574104,"ENSEMBL","gene",NA,NA,"misc_RNA","RN7SL507P","3","HGNC:46523",NA
"ENSG00000248330.5",0.870577701642964,-2.37746887625143,0.87820286127522,-2.70719782533976,0.00678538106434245,0.0124865606603667,"HAVANA","gene",NA,NA,"lncRNA","LINC00613","2","HGNC:44060","OTTHUMG00000161224.1"
"ENSG00000226317.3",0.863255322421804,-2.05530943630883,0.762512339736616,-2.69544416424626,0.00702948580284241,0.0129084961599916,"HAVANA","gene",NA,NA,"lncRNA","LINC00351","2","HGNC:42669","OTTHUMG00000017156.3"
"ENSG00000232349.2",1.25716587142725,-2.6428295745551,0.980877390386664,-2.69435262802142,0.00705255069494618,0.0129488657850414,"HAVANA","gene",NA,NA,"processed_pseudogene","YBX1P7","1","HGNC:42428","OTTHUMG00000153549.2"
"ENSG00000230001.1",1.14745658261159,-2.427613340695,0.901865383711853,-2.6917690650278,0.00710741411116985,0.013042600354916,"HAVANA","gene",NA,NA,"lncRNA","AL359095.1","1",NA,"OTTHUMG00000019462.1"
"ENSG00000272412.2",1.1687352862104,-2.06833279204767,0.769811754066167,-2.68680334006681,0.00721394121950201,0.0132249148169565,"ENSEMBL","gene",NA,NA,"misc_RNA","RN7SL778P","3","HGNC:46794",NA
"ENSG00000205777.18",1.17102699590237,-2.66888751027518,0.996082386260847,-2.67938430303321,0.00737576875694171,0.0135026313847241,"HAVANA","gene",NA,NA,"protein_coding","GAGE1","2","HGNC:4098","OTTHUMG00000024150.5"
"ENSG00000252904.1",1.33225693138077,-2.34375094430329,0.900169433253694,-2.60367754971608,0.00922294828599979,0.0166379792296954,"ENSEMBL","gene",NA,NA,"snoRNA","AC010359.1","3",NA,NA
"ENSG00000280776.2",0.830791528166797,-2.05005288564017,0.797921483390017,-2.56924137063011,0.0101921439220519,0.0182605592650053,"HAVANA","gene",NA,NA,"lncRNA","LINC01202","2","HGNC:49633","OTTHUMG00000189552.2"
"ENSG00000200243.1",1.61170614215357,-2.96346430187221,1.17559245849588,-2.52082622719768,0.0117079655097678,0.0207974723804447,"ENSEMBL","gene",NA,NA,"misc_RNA","RN7SKP79","3","HGNC:45803",NA
"ENSG00000229375.1",1.07615020356192,-2.65220373755793,1.06327548008122,-2.49437120223569,0.0126180510400302,0.0222909596359826,"HAVANA","gene",NA,NA,"unprocessed_pseudogene","USP24P1","2","HGNC:42014","OTTHUMG00000016474.1"
"ENSG00000223495.2",0.130184086664152,2.05710769766722,0.844443339344323,2.43605177733356,0.0148485589355923,0.0259273437788552,"HAVANA","gene",NA,NA,"processed_pseudogene","AC239859.2","2",NA,"OTTHUMG00000040702.1"
"ENSG00000235429.1",0.958567993838869,-2.01860879495885,0.834133220709163,-2.42000767364555,0.0155201795819845,0.0270036244833265,"HAVANA","gene",NA,NA,"processed_pseudogene","AC083875.1","1",NA,"OTTHUMG00000155232.1"
"ENSG00000264434.2",1.06269492818954,-2.13948627986154,0.887809425453768,-2.40984857619419,0.0159591426952452,0.0277090137902876,"HAVANA","gene",NA,NA,"lncRNA","AC110603.1","2",NA,"OTTHUMG00000179535.3"
"ENSG00000253425.2",0.885028743023425,-2.10666513636565,0.875449679720921,-2.40638061234681,0.0161114691605767,0.027956266976322,"HAVANA","gene",NA,NA,"unprocessed_pseudogene","HSPA8P13","1","HGNC:44928","OTTHUMG00000164121.2"
"ENSG00000268606.5",0.734942772473135,-2.13866692240957,0.889901631950289,-2.40326216474343,0.0162495332818337,0.028182817008349,"HAVANA","gene",NA,NA,"protein_coding","MAGEA2","2","HGNC:6800","OTTHUMG00000188622.3"
"ENSG00000277591.1",0.8849047634606,-2.17181474093785,0.920322506692424,-2.35984095264952,0.0182827716079952,0.0314403297824498,"ENSEMBL","gene",NA,NA,"misc_RNA","RN7SL575P","3","HGNC:46591",NA
"ENSG00000222068.1",0.942803368058381,-2.02233472782605,0.860129656517774,-2.35119753458269,0.0187130966116478,0.0321203947644041,"ENSEMBL","gene",NA,NA,"misc_RNA","RN7SKP154","3","HGNC:45878",NA
"ENSG00000248488.2",1.04470383117687,-2.29779674931425,0.982213533202438,-2.3394065258116,0.0193144041185001,0.0330530469108922,"HAVANA","gene",NA,NA,"processed_pseudogene","PGAM4P2","1","HGNC:42466","OTTHUMG00000160123.2"
"ENSG00000189064.8",1.13843054213683,-2.74072283247784,1.18578473687839,-2.31131566062561,0.0208154256223357,0.0353967953585361,"HAVANA","gene",NA,NA,"protein_coding","GAGE2A","2","HGNC:4099","OTTHUMG00000024143.3"
"ENSG00000288004.1",0.789235806701437,-2.01521676611878,0.873863288516289,-2.30610072834204,0.0211050046306545,0.0358547842932753,"HAVANA","gene",NA,NA,"lncRNA","AC023503.1","2",NA,"OTTHUMG00000194866.1"
"ENSG00000201315.1",2.82780705322178,-3.89271358028304,1.70267092258151,-2.28623953616421,0.0222402489808228,0.037657901702464,"ENSEMBL","gene",NA,NA,"misc_RNA","RN7SKP227","3","HGNC:45951",NA
"ENSG00000267591.1",1.14693953599069,-2.13531280587857,0.944502817201205,-2.26077971075409,0.0237729015911921,0.0400295123619307,"HAVANA","gene",NA,NA,"processed_pseudogene","AC105224.1","1",NA,"OTTHUMG00000179849.1"
"ENSG00000257750.2",0.34398536141817,2.13197112610961,0.945395254137427,2.25511088275433,0.0241263697215599,0.0405776301818414,"HAVANA","gene",NA,NA,"lncRNA","LINC02445","2","HGNC:53377","OTTHUMG00000169687.2"
"ENSG00000266875.2",1.05651737037046,-2.44395354401248,1.08416584121207,-2.25422481608551,0.0241820283670339,0.0406583954751568,"ENSEMBL","gene",NA,NA,"misc_RNA","RN7SL408P","3","HGNC:46424",NA
"ENSG00000240606.3",1.13187545459509,-2.670838542277,1.19785980615222,-2.2296753998753,0.0257690001796557,0.0431555088998638,"ENSEMBL","gene",NA,NA,"misc_RNA","RN7SL564P","3","HGNC:46580",NA
"ENSG00000201358.1",0.941067631167905,-2.19143905126845,0.98592440114886,-2.22272524010447,0.026234332865884,0.0438673351809474,"ENSEMBL","gene",NA,NA,"misc_RNA","RN7SKP193","3","HGNC:45917",NA
"ENSG00000249568.1",1.55123001726362,-2.53349853306778,1.16308089629014,-2.17826510705218,0.0293863053449584,0.0486757671510495,"HAVANA","gene",NA,NA,"lncRNA","AC104793.1","2",NA,"OTTHUMG00000161417.1"
